OrderID,OrderDate,ShipDate,ShipMode,CustomerSegment,Region,City,Category,Product,Quantity,UnitPrice,Discount,Sales,Profit
ORD-10001,2024-03-06,2024-03-11,Express,Home Office,West,Pune,Clothing,Formal Shirt,1,2759.53,0.15,2345.6,418.31
ORD-10002,2025-04-15,2025-04-18,Same Day,Home Office,East,Patna,Clothing,Jacket,2,2965.66,0.15,5041.62,1628.32
ORD-10003,2025-07-08,2025-07-10,Standard,Home Office,North,Chandigarh,Clothing,T-Shirt,4,3399.28,0.0,13597.12,-1466.21
ORD-10004,2024-12-13,2024-12-15,Express,Consumer,South,Hyderabad,Groceries,Snacks Pack,4,507.74,0.2,1624.77,186.57
ORD-10005,2025-08-30,2025-09-01,Same Day,Home Office,East,Kolkata,Groceries,Tea 500g,6,362.81,0.15,1850.33,114.81
ORD-10006,2025-02-16,2025-02-17,Same Day,Consumer,East,Patna,Groceries,Atta 5kg,4,290.19,0.0,1160.76,219.16
ORD-10007,2025-09-16,2025-09-18,Standard,Home Office,East,Bhubaneswar,Clothing,Sneakers,1,1659.8,0.1,1493.82,73.09
ORD-10008,2024-12-03,2024-12-08,Express,Home Office,South,Coimbatore,Clothing,Formal Shirt,2,1581.17,0.1,2846.11,121.38
ORD-10009,2024-09-24,2024-09-30,Express,Home Office,North,Lucknow,Clothing,Jeans,6,1793.02,0.3,7530.68,1452.27
ORD-10010,2024-08-11,2024-08-16,Same Day,Consumer,West,Ahmedabad,Electronics,Headphones,6,45873.39,0.0,275240.34,14678.21
ORD-10011,2024-05-11,2024-05-14,Standard,Corporate,South,Bengaluru,Groceries,Rice 5kg,5,369.58,0.0,1847.9,411.28
ORD-10012,2024-12-18,2024-12-21,Standard,Consumer,East,Kolkata,Electronics,Laptop,4,30206.36,0.3,84577.81,12547.37
ORD-10013,2024-09-22,2024-09-27,Standard,Home Office,South,Coimbatore,Clothing,T-Shirt,3,1271.82,0.1,3433.91,923.07
ORD-10014,2024-06-17,2024-06-19,Standard,Consumer,South,Chennai,Clothing,Jacket,3,1383.13,0.1,3734.45,458.35
ORD-10015,2025-01-24,2025-01-25,Express,Home Office,North,Chandigarh,Home & Kitchen,Storage Box,2,2100.8,0.3,2941.12,568.85
ORD-10016,2024-03-09,2024-03-14,Standard,Consumer,West,Pune,Furniture,Office Chair,7,4823.43,0.0,33764.01,6309.29
ORD-10017,2025-12-29,2026-01-03,Same Day,Corporate,North,Jaipur,Clothing,Jacket,4,808.65,0.0,3234.6,-516.28
ORD-10018,2024-05-25,2024-05-31,Express,Consumer,East,Kolkata,Groceries,Rice 5kg,6,268.67,0.0,1612.02,392.26
ORD-10019,2025-12-02,2025-12-08,Same Day,Corporate,North,Delhi,Clothing,Jacket,2,1699.25,0.15,2888.72,699.21
ORD-10020,2025-07-26,2025-08-01,Same Day,Corporate,South,Hyderabad,Electronics,Laptop,6,48113.8,0.2,230946.24,27574.29
ORD-10021,2024-03-24,2024-03-28,Standard,Consumer,East,Guwahati,Furniture,Bookshelf,4,19158.33,0.0,76633.32,15963.71
ORD-10022,2024-08-14,2024-08-20,Express,Home Office,South,Coimbatore,Home & Kitchen,Water Bottle,2,615.75,0.0,1231.5,64.68
ORD-10023,2025-08-09,2025-08-12,Express,Consumer,East,Bhubaneswar,Home & Kitchen,Water Bottle,6,1721.51,0.3,7230.34,-839.71
ORD-10024,2024-09-29,2024-10-05,Express,Corporate,West,Surat,Electronics,Smartphone,6,4539.77,0.0,27238.62,-7042.95
ORD-10025,2025-03-25,2025-03-30,Express,Corporate,West,Mumbai,Home & Kitchen,Water Bottle,3,1818.84,0.1,4910.87,319.83
ORD-10026,2024-06-18,2024-06-21,Same Day,Home Office,North,Lucknow,Furniture,Sofa,3,17772.1,0.2,42653.04,4862.98
ORD-10027,2024-12-23,2024-12-27,Express,Corporate,South,Coimbatore,Clothing,Jacket,6,1027.45,0.15,5240.0,-257.16
ORD-10028,2025-06-13,2025-06-17,Standard,Consumer,South,Hyderabad,Home & Kitchen,LED Bulb,1,4832.15,0.3,3382.5,-338.88
ORD-10029,2025-01-14,2025-01-18,Same Day,Home Office,South,Chennai,Electronics,Headphones,1,28760.13,0.1,25884.12,3331.31
ORD-10030,2024-03-26,2024-03-31,Standard,Consumer,South,Bengaluru,Groceries,Tea 500g,3,544.1,0.15,1387.46,145.22
ORD-10031,2025-12-02,2025-12-03,Same Day,Home Office,South,Coimbatore,Clothing,Jacket,6,3302.03,0.05,18821.57,2633.48
ORD-10032,2025-11-25,2025-11-28,Standard,Corporate,South,Bengaluru,Home & Kitchen,Storage Box,5,2889.61,0.15,12280.84,-1241.38
ORD-10033,2024-01-09,2024-01-11,Express,Corporate,West,Surat,Groceries,Tea 500g,4,510.29,0.0,2041.16,588.98
ORD-10034,2024-03-07,2024-03-12,Same Day,Corporate,East,Guwahati,Electronics,Laptop,2,9866.78,0.3,13813.49,375.01
ORD-10035,2025-12-16,2025-12-21,Standard,Home Office,East,Kolkata,Furniture,Bed Frame,2,23339.29,0.0,46678.58,1629.0
ORD-10036,2025-01-03,2025-01-07,Standard,Corporate,West,Ahmedabad,Groceries,Rice 5kg,6,198.92,0.1,1074.17,-132.22
ORD-10037,2024-01-04,2024-01-05,Express,Consumer,South,Coimbatore,Clothing,Sneakers,3,3438.08,0.0,10314.24,-1422.79
ORD-10038,2025-11-21,2025-11-25,Same Day,Consumer,North,Chandigarh,Clothing,Jacket,5,860.16,0.3,3010.56,146.41
ORD-10039,2024-03-09,2024-03-11,Express,Consumer,West,Pune,Groceries,Tea 500g,3,373.57,0.15,952.6,42.7
ORD-10040,2024-06-13,2024-06-14,Same Day,Corporate,West,Pune,Clothing,Jacket,5,1380.26,0.0,6901.3,1116.52
ORD-10041,2025-08-13,2025-08-18,Standard,Home Office,West,Surat,Electronics,Tablet,6,31936.09,0.1,172454.89,13461.99
ORD-10042,2024-02-10,2024-02-11,Same Day,Consumer,North,Lucknow,Furniture,Bookshelf,2,19081.93,0.05,36255.67,2788.33
ORD-10043,2025-01-06,2025-01-09,Standard,Corporate,West,Surat,Electronics,Tablet,4,19691.25,0.2,63012.0,2557.11
ORD-10044,2024-04-29,2024-05-04,Standard,Corporate,South,Bengaluru,Home & Kitchen,Storage Box,7,2855.0,0.2,15988.0,1038.58
ORD-10045,2024-12-16,2024-12-19,Standard,Home Office,East,Kolkata,Furniture,Office Chair,2,7355.6,0.3,10297.84,1267.82
ORD-10046,2025-09-07,2025-09-13,Same Day,Home Office,West,Ahmedabad,Groceries,Atta 5kg,5,346.74,0.3,1213.59,-209.03
ORD-10047,2024-09-27,2024-10-01,Express,Consumer,North,Jaipur,Furniture,Bookshelf,1,13472.79,0.2,10778.23,2063.64
ORD-10048,2024-09-04,2024-09-06,Same Day,Corporate,South,Bengaluru,Electronics,Smartwatch,7,27720.13,0.0,194040.91,46171.35
ORD-10049,2025-10-03,2025-10-06,Express,Corporate,East,Guwahati,Groceries,Snacks Pack,4,112.76,0.15,383.38,57.72
ORD-10050,2025-12-08,2025-12-09,Standard,Home Office,East,Kolkata,Furniture,Bed Frame,6,9969.34,0.3,41871.23,10601.5
ORD-10051,2024-06-25,2024-06-28,Standard,Home Office,South,Coimbatore,Groceries,Rice 5kg,2,70.33,0.1,126.59,6.85
ORD-10052,2025-06-04,2025-06-08,Express,Consumer,East,Kolkata,Home & Kitchen,LED Bulb,6,5191.31,0.05,29590.47,5072.08
ORD-10053,2025-07-08,2025-07-11,Standard,Home Office,West,Surat,Groceries,Tea 500g,2,214.42,0.0,428.84,68.4
ORD-10054,2024-05-16,2024-05-21,Same Day,Corporate,South,Hyderabad,Furniture,Bookshelf,6,24971.1,0.0,149826.6,44504.01
ORD-10055,2024-02-14,2024-02-17,Express,Home Office,North,Jaipur,Furniture,Bookshelf,3,3544.83,0.0,10634.49,-1815.34
ORD-10056,2025-12-01,2025-12-07,Standard,Consumer,East,Patna,Clothing,Formal Shirt,2,1408.56,0.3,1971.98,370.44
ORD-10057,2025-09-15,2025-09-17,Same Day,Consumer,North,Chandigarh,Electronics,Smartphone,3,18069.95,0.2,43367.88,-7003.73
ORD-10058,2025-08-17,2025-08-22,Same Day,Consumer,East,Bhubaneswar,Groceries,Atta 5kg,2,575.44,0.3,805.62,47.96
ORD-10059,2024-08-02,2024-08-03,Same Day,Home Office,South,Chennai,Clothing,T-Shirt,7,557.98,0.05,3710.57,-152.63
ORD-10060,2024-08-08,2024-08-11,Express,Home Office,North,Delhi,Clothing,T-Shirt,1,403.82,0.0,403.82,64.5
ORD-10061,2025-01-21,2025-01-23,Same Day,Corporate,South,Bengaluru,Clothing,Jeans,7,1425.28,0.05,9478.11,-1026.25
ORD-10062,2024-02-04,2024-02-06,Express,Consumer,South,Chennai,Home & Kitchen,Mixer Grinder,1,1677.34,0.0,1677.34,352.18
ORD-10063,2024-07-23,2024-07-29,Express,Consumer,West,Ahmedabad,Clothing,T-Shirt,7,3248.26,0.2,18190.26,5695.88
ORD-10064,2024-08-20,2024-08-24,Same Day,Home Office,East,Kolkata,Groceries,Cooking Oil 1L,2,66.41,0.05,126.18,10.85
ORD-10065,2024-08-08,2024-08-13,Standard,Corporate,East,Bhubaneswar,Electronics,Tablet,2,8872.54,0.1,15970.57,2821.16
ORD-10066,2025-12-25,2025-12-29,Same Day,Home Office,West,Pune,Electronics,Headphones,7,53002.25,0.05,352464.96,40584.46
ORD-10067,2024-05-18,2024-05-19,Express,Home Office,South,Hyderabad,Electronics,Laptop,6,16339.37,0.2,78428.98,-18461.55
ORD-10068,2025-12-18,2025-12-19,Express,Home Office,North,Jaipur,Clothing,Formal Shirt,1,1664.68,0.15,1414.98,207.18
ORD-10069,2024-07-12,2024-07-14,Same Day,Corporate,West,Mumbai,Home & Kitchen,Storage Box,7,2460.6,0.3,12056.94,2140.51
ORD-10070,2025-07-25,2025-07-31,Same Day,Home Office,West,Pune,Electronics,Smartwatch,7,52135.99,0.05,346704.33,82067.94
ORD-10071,2025-11-10,2025-11-16,Express,Home Office,West,Pune,Groceries,Cooking Oil 1L,3,564.46,0.1,1524.04,115.82
ORD-10072,2024-04-05,2024-04-07,Express,Corporate,South,Bengaluru,Groceries,Rice 5kg,3,464.43,0.0,1393.29,91.38
ORD-10073,2024-02-11,2024-02-14,Same Day,Home Office,North,Chandigarh,Electronics,Smartphone,1,57620.94,0.05,54739.89,7110.63
ORD-10074,2025-10-20,2025-10-21,Express,Consumer,East,Patna,Home & Kitchen,Non-stick Pan,7,852.77,0.2,4775.51,-865.55
ORD-10075,2024-02-29,2024-03-02,Standard,Corporate,North,Delhi,Electronics,Tablet,3,44505.07,0.1,120163.69,32861.34
ORD-10076,2024-03-29,2024-03-31,Same Day,Corporate,East,Patna,Electronics,Laptop,2,51018.99,0.3,71426.59,20445.72
ORD-10077,2025-01-25,2025-01-29,Express,Corporate,West,Mumbai,Furniture,Study Table,3,22423.74,0.0,67271.22,10081.07
ORD-10078,2024-04-06,2024-04-09,Standard,Consumer,South,Chennai,Home & Kitchen,Mixer Grinder,4,1743.15,0.2,5578.08,458.09
ORD-10079,2025-10-30,2025-11-03,Same Day,Corporate,South,Bengaluru,Home & Kitchen,Water Bottle,4,2971.93,0.1,10698.95,-687.89
ORD-10080,2024-02-06,2024-02-12,Standard,Consumer,North,Delhi,Groceries,Tea 500g,5,558.08,0.0,2790.4,140.98
ORD-10081,2025-10-03,2025-10-04,Express,Consumer,North,Chandigarh,Groceries,Rice 5kg,4,225.54,0.0,902.16,135.9
ORD-10082,2024-12-11,2024-12-15,Same Day,Corporate,East,Patna,Furniture,Bookshelf,2,21458.17,0.15,36478.89,9707.6
ORD-10083,2024-05-05,2024-05-07,Express,Home Office,North,Jaipur,Groceries,Cooking Oil 1L,6,329.91,0.15,1682.54,198.52
ORD-10084,2024-10-24,2024-10-27,Same Day,Consumer,North,Chandigarh,Electronics,Tablet,1,40548.16,0.2,32438.53,8553.83
ORD-10085,2025-10-28,2025-11-02,Same Day,Home Office,South,Chennai,Home & Kitchen,Non-stick Pan,6,3389.85,0.0,20339.1,-4263.97
ORD-10086,2024-07-05,2024-07-07,Same Day,Home Office,West,Mumbai,Furniture,Sofa,7,17764.84,0.3,87047.72,15434.89
ORD-10087,2024-08-27,2024-08-29,Same Day,Consumer,East,Patna,Groceries,Atta 5kg,4,558.13,0.15,1897.64,575.08
ORD-10088,2025-07-10,2025-07-11,Express,Consumer,North,Lucknow,Clothing,Sneakers,2,1199.21,0.0,2398.42,657.8
ORD-10089,2024-09-24,2024-09-25,Standard,Corporate,South,Bengaluru,Clothing,Sneakers,1,758.68,0.2,606.94,-46.54
ORD-10090,2025-03-28,2025-04-03,Standard,Corporate,East,Bhubaneswar,Home & Kitchen,LED Bulb,1,4081.68,0.05,3877.6,683.67
ORD-10091,2025-01-04,2025-01-08,Standard,Consumer,South,Hyderabad,Furniture,Sofa,6,24986.7,0.15,127432.17,31934.09
ORD-10092,2024-11-06,2024-11-08,Standard,Home Office,South,Bengaluru,Groceries,Tea 500g,3,279.17,0.0,837.51,181.36
ORD-10093,2024-07-14,2024-07-15,Standard,Home Office,West,Surat,Home & Kitchen,Mixer Grinder,3,2787.0,0.0,8361.0,1950.52
ORD-10094,2025-08-23,2025-08-26,Standard,Corporate,South,Chennai,Electronics,Smartphone,7,49652.79,0.1,312812.58,34872.13
ORD-10095,2025-01-28,2025-02-02,Same Day,Home Office,West,Pune,Furniture,Study Table,3,19284.29,0.0,57852.87,4150.72
ORD-10096,2025-12-23,2025-12-29,Standard,Home Office,South,Coimbatore,Groceries,Rice 5kg,4,530.07,0.1,1908.25,303.58
ORD-10097,2024-01-05,2024-01-09,Same Day,Corporate,West,Ahmedabad,Furniture,Bed Frame,3,3137.56,0.15,8000.78,1283.11
ORD-10098,2025-02-13,2025-02-14,Same Day,Consumer,North,Jaipur,Furniture,Office Chair,4,14974.19,0.0,59896.76,15696.02
ORD-10099,2025-09-05,2025-09-11,Standard,Consumer,South,Bengaluru,Home & Kitchen,Water Bottle,6,4173.3,0.3,17527.86,-1208.29
ORD-10100,2024-11-04,2024-11-08,Standard,Home Office,South,Chennai,Electronics,Smartwatch,7,20243.24,0.3,99191.88,10453.53
ORD-10101,2025-05-25,2025-05-26,Standard,Consumer,East,Kolkata,Electronics,Smartphone,4,8635.18,0.1,31086.65,7601.4
ORD-10102,2024-08-24,2024-08-27,Express,Consumer,East,Kolkata,Clothing,Formal Shirt,6,1945.78,0.3,8172.28,1096.03
ORD-10103,2025-04-22,2025-04-24,Same Day,Home Office,South,Chennai,Home & Kitchen,Mixer Grinder,6,3908.95,0.2,18762.96,-4282.2
ORD-10104,2024-08-28,2024-08-30,Same Day,Corporate,North,Jaipur,Clothing,Jeans,4,1394.22,0.1,5019.19,431.65
ORD-10105,2025-09-22,2025-09-24,Express,Home Office,East,Patna,Groceries,Tea 500g,4,417.92,0.0,1671.68,-536.54
ORD-10106,2025-02-26,2025-03-04,Same Day,Consumer,South,Hyderabad,Electronics,Tablet,5,34416.08,0.0,172080.4,7938.59
ORD-10107,2025-10-04,2025-10-10,Same Day,Home Office,East,Bhubaneswar,Home & Kitchen,Water Bottle,1,5802.87,0.0,5802.87,-1168.37
ORD-10108,2025-03-09,2025-03-15,Standard,Consumer,East,Patna,Furniture,Office Chair,1,13080.56,0.3,9156.39,1044.88
ORD-10109,2025-10-05,2025-10-10,Same Day,Home Office,South,Coimbatore,Electronics,Laptop,5,52648.55,0.0,263242.75,17942.73
ORD-10110,2025-03-27,2025-03-28,Express,Home Office,South,Hyderabad,Clothing,Formal Shirt,4,984.27,0.1,3543.37,-549.64
ORD-10111,2024-06-27,2024-06-28,Standard,Corporate,West,Ahmedabad,Home & Kitchen,Storage Box,7,5963.2,0.15,35481.04,10216.73
ORD-10112,2024-08-08,2024-08-12,Same Day,Corporate,East,Bhubaneswar,Electronics,Laptop,7,50492.33,0.15,300429.36,76457.34
ORD-10113,2025-08-01,2025-08-04,Same Day,Corporate,East,Kolkata,Electronics,Tablet,3,12577.76,0.0,37733.28,9780.15
ORD-10114,2025-09-06,2025-09-09,Standard,Corporate,East,Patna,Electronics,Tablet,6,33422.03,0.2,160425.74,20786.09
ORD-10115,2024-05-22,2024-05-25,Same Day,Corporate,South,Chennai,Groceries,Rice 5kg,4,69.35,0.2,221.92,15.11
ORD-10116,2025-01-11,2025-01-15,Same Day,Consumer,East,Guwahati,Home & Kitchen,Mixer Grinder,2,3540.85,0.0,7081.7,-1215.76
ORD-10117,2025-01-05,2025-01-10,Same Day,Corporate,East,Patna,Groceries,Snacks Pack,5,290.81,0.3,1017.83,128.17
ORD-10118,2024-05-13,2024-05-17,Express,Corporate,North,Delhi,Groceries,Rice 5kg,5,142.88,0.2,571.52,35.18
ORD-10119,2024-01-23,2024-01-27,Standard,Consumer,East,Bhubaneswar,Furniture,Bed Frame,1,11700.62,0.05,11115.59,2657.04
ORD-10120,2024-12-08,2024-12-11,Express,Corporate,East,Bhubaneswar,Clothing,Sneakers,1,2823.45,0.0,2823.45,-455.32
ORD-10121,2025-07-21,2025-07-26,Standard,Corporate,East,Guwahati,Groceries,Cooking Oil 1L,5,302.84,0.05,1438.49,235.83
ORD-10122,2025-04-02,2025-04-03,Standard,Home Office,West,Mumbai,Home & Kitchen,LED Bulb,2,1960.58,0.0,3921.16,1086.76
ORD-10123,2025-09-02,2025-09-04,Express,Corporate,East,Bhubaneswar,Groceries,Atta 5kg,6,352.63,0.0,2115.78,133.82
ORD-10124,2025-06-30,2025-07-01,Standard,Consumer,East,Kolkata,Clothing,Jacket,6,946.7,0.15,4828.17,873.92
ORD-10125,2024-09-23,2024-09-24,Same Day,Corporate,South,Bengaluru,Groceries,Cooking Oil 1L,7,323.86,0.0,2267.02,567.25
ORD-10126,2025-10-11,2025-10-16,Same Day,Consumer,East,Patna,Groceries,Cooking Oil 1L,4,321.87,0.05,1223.11,242.21
ORD-10127,2025-06-04,2025-06-06,Same Day,Home Office,South,Coimbatore,Electronics,Tablet,6,52565.35,0.3,220774.47,34419.68
ORD-10128,2025-02-10,2025-02-14,Same Day,Consumer,North,Delhi,Electronics,Laptop,2,4889.8,0.15,8312.66,772.99
ORD-10129,2025-11-03,2025-11-09,Standard,Corporate,East,Kolkata,Furniture,Sofa,7,8352.77,0.2,46775.51,7465.53
ORD-10130,2025-07-17,2025-07-21,Standard,Corporate,North,Lucknow,Home & Kitchen,Storage Box,2,1485.59,0.3,2079.83,331.81
ORD-10131,2024-09-04,2024-09-09,Express,Consumer,South,Bengaluru,Furniture,Office Chair,2,13026.59,0.0,26053.18,6305.02
ORD-10132,2025-11-05,2025-11-06,Express,Home Office,South,Coimbatore,Groceries,Rice 5kg,6,151.96,0.0,911.76,251.17
ORD-10133,2025-04-09,2025-04-11,Standard,Corporate,West,Pune,Electronics,Laptop,2,56712.2,0.0,113424.4,5627.67
ORD-10134,2025-07-25,2025-07-26,Standard,Home Office,South,Bengaluru,Home & Kitchen,LED Bulb,6,2043.06,0.0,12258.36,1922.44
ORD-10135,2024-04-26,2024-05-02,Standard,Home Office,South,Hyderabad,Home & Kitchen,Water Bottle,1,1940.77,0.3,1358.54,-87.13
ORD-10136,2025-01-03,2025-01-07,Standard,Home Office,West,Surat,Furniture,Bed Frame,6,7674.68,0.2,36838.46,10421.18
ORD-10137,2025-08-17,2025-08-23,Same Day,Corporate,South,Coimbatore,Furniture,Study Table,3,24692.46,0.15,62965.77,5886.47
ORD-10138,2025-12-16,2025-12-19,Express,Corporate,East,Guwahati,Furniture,Study Table,6,15946.35,0.05,90894.2,18729.03
ORD-10139,2024-12-12,2024-12-13,Same Day,Consumer,North,Chandigarh,Home & Kitchen,Storage Box,6,1768.39,0.0,10610.34,3101.06
ORD-10140,2024-06-06,2024-06-10,Standard,Corporate,West,Pune,Groceries,Tea 500g,2,440.51,0.0,881.02,136.22
ORD-10141,2024-02-14,2024-02-18,Standard,Consumer,North,Delhi,Electronics,Tablet,6,21949.47,0.2,105357.46,-20112.92
ORD-10142,2024-06-03,2024-06-04,Standard,Corporate,South,Chennai,Electronics,Laptop,1,59404.65,0.0,59404.65,-13376.58
ORD-10143,2024-11-17,2024-11-21,Same Day,Home Office,East,Patna,Clothing,Jacket,5,2869.37,0.0,14346.85,-1182.32
ORD-10144,2025-05-15,2025-05-19,Standard,Corporate,East,Guwahati,Electronics,Tablet,6,19498.43,0.3,81893.41,8715.91
ORD-10145,2024-11-21,2024-11-25,Standard,Home Office,South,Hyderabad,Home & Kitchen,Mixer Grinder,3,2631.5,0.15,6710.32,-367.5
ORD-10146,2025-06-26,2025-07-01,Same Day,Home Office,South,Coimbatore,Home & Kitchen,Water Bottle,4,5589.43,0.3,15650.4,2614.96
ORD-10147,2024-03-28,2024-03-29,Standard,Corporate,North,Lucknow,Groceries,Atta 5kg,4,297.82,0.3,833.9,48.01
ORD-10148,2024-11-11,2024-11-14,Standard,Home Office,East,Patna,Groceries,Tea 500g,1,142.05,0.0,142.05,24.32
ORD-10149,2024-04-21,2024-04-23,Express,Consumer,South,Coimbatore,Home & Kitchen,Water Bottle,2,1727.47,0.2,2763.95,355.01
ORD-10150,2025-12-23,2025-12-24,Same Day,Home Office,West,Pune,Groceries,Tea 500g,7,508.06,0.3,2489.49,854.15
ORD-10151,2025-02-28,2025-03-05,Standard,Corporate,East,Bhubaneswar,Electronics,Laptop,5,34305.48,0.1,154374.66,13056.79
ORD-10152,2024-05-17,2024-05-21,Standard,Consumer,East,Guwahati,Clothing,T-Shirt,2,465.58,0.0,931.16,65.7
ORD-10153,2025-11-04,2025-11-08,Standard,Corporate,East,Kolkata,Electronics,Tablet,1,36984.13,0.0,36984.13,6928.92
ORD-10154,2025-10-21,2025-10-24,Same Day,Consumer,West,Ahmedabad,Electronics,Tablet,2,40109.2,0.1,72196.56,9481.09
ORD-10155,2025-06-19,2025-06-20,Standard,Corporate,South,Bengaluru,Clothing,Sneakers,3,2292.25,0.0,6876.75,1336.45
ORD-10156,2025-03-16,2025-03-21,Standard,Home Office,South,Chennai,Electronics,Tablet,2,28111.32,0.05,53411.51,8939.64
ORD-10157,2025-01-13,2025-01-19,Express,Corporate,West,Mumbai,Home & Kitchen,LED Bulb,6,5143.8,0.3,21603.96,-3584.61
ORD-10158,2025-02-21,2025-02-25,Same Day,Consumer,South,Hyderabad,Groceries,Tea 500g,1,330.41,0.3,231.29,-42.74
ORD-10159,2024-10-02,2024-10-04,Same Day,Consumer,West,Pune,Clothing,Formal Shirt,4,1572.42,0.15,5346.23,792.2
ORD-10160,2025-05-20,2025-05-24,Same Day,Corporate,East,Patna,Electronics,Headphones,1,40940.42,0.0,40940.42,5686.7
ORD-10161,2024-08-19,2024-08-25,Standard,Corporate,South,Bengaluru,Home & Kitchen,Storage Box,2,1170.33,0.15,1989.56,327.98
ORD-10162,2024-04-12,2024-04-14,Express,Corporate,North,Lucknow,Clothing,Jacket,4,2304.6,0.2,7374.72,249.17
ORD-10163,2024-08-24,2024-08-27,Same Day,Consumer,East,Guwahati,Electronics,Laptop,6,36220.66,0.1,195591.56,15213.09
ORD-10164,2024-01-17,2024-01-23,Same Day,Corporate,West,Mumbai,Groceries,Snacks Pack,2,589.55,0.0,1179.1,144.74
ORD-10165,2024-03-08,2024-03-14,Same Day,Home Office,South,Chennai,Electronics,Headphones,1,20448.22,0.2,16358.58,678.32
ORD-10166,2025-01-02,2025-01-03,Same Day,Corporate,South,Hyderabad,Clothing,T-Shirt,7,1202.39,0.0,8416.73,1045.14
ORD-10167,2024-08-28,2024-09-01,Standard,Corporate,East,Guwahati,Furniture,Office Chair,5,11012.27,0.0,55061.35,9418.69
ORD-10168,2024-09-11,2024-09-13,Same Day,Consumer,West,Pune,Clothing,Sneakers,3,1062.88,0.15,2710.34,302.16
ORD-10169,2025-05-10,2025-05-15,Express,Home Office,North,Delhi,Furniture,Bed Frame,7,18338.26,0.3,89857.47,6809.96
ORD-10170,2024-05-09,2024-05-12,Same Day,Corporate,West,Pune,Electronics,Smartphone,7,16977.6,0.2,95074.56,7588.06
ORD-10171,2024-11-01,2024-11-04,Express,Consumer,East,Bhubaneswar,Furniture,Study Table,3,6648.63,0.0,19945.89,-2638.64
ORD-10172,2025-07-18,2025-07-19,Standard,Consumer,East,Patna,Home & Kitchen,Water Bottle,7,5596.68,0.05,37217.92,11472.21
ORD-10173,2024-07-20,2024-07-24,Express,Home Office,South,Chennai,Groceries,Tea 500g,6,201.76,0.2,968.45,38.44
ORD-10174,2024-10-13,2024-10-19,Same Day,Corporate,North,Delhi,Home & Kitchen,Mixer Grinder,2,2681.14,0.05,5094.17,589.11
ORD-10175,2025-03-20,2025-03-24,Standard,Consumer,West,Pune,Clothing,Formal Shirt,7,3399.54,0.0,23796.78,4498.53
ORD-10176,2025-03-02,2025-03-04,Standard,Corporate,North,Delhi,Home & Kitchen,Storage Box,1,4950.64,0.0,4950.64,634.51
ORD-10177,2024-10-03,2024-10-04,Same Day,Consumer,North,Jaipur,Furniture,Bed Frame,2,15515.6,0.0,31031.2,1834.58
ORD-10178,2025-09-28,2025-09-30,Express,Home Office,North,Jaipur,Home & Kitchen,Storage Box,1,2324.44,0.15,1975.77,205.56
ORD-10179,2025-09-19,2025-09-21,Same Day,Home Office,North,Lucknow,Groceries,Rice 5kg,5,101.71,0.0,508.55,79.34
ORD-10180,2024-08-21,2024-08-27,Standard,Corporate,North,Jaipur,Clothing,Jacket,3,1189.1,0.15,3032.2,501.07
ORD-10181,2025-05-20,2025-05-24,Same Day,Home Office,East,Guwahati,Electronics,Laptop,3,58022.85,0.1,156661.7,-27814.06
ORD-10182,2024-11-30,2024-12-01,Express,Home Office,South,Bengaluru,Clothing,T-Shirt,1,2642.64,0.3,1849.85,470.97
ORD-10183,2024-02-02,2024-02-03,Standard,Home Office,South,Hyderabad,Groceries,Cooking Oil 1L,2,236.46,0.2,378.34,39.75
ORD-10184,2025-07-11,2025-07-12,Same Day,Home Office,South,Bengaluru,Furniture,Office Chair,7,16042.01,0.0,112294.07,3551.77
ORD-10185,2025-12-22,2025-12-28,Same Day,Corporate,North,Jaipur,Furniture,Bookshelf,2,9466.8,0.05,17986.92,3099.05
ORD-10186,2024-10-07,2024-10-08,Standard,Consumer,South,Coimbatore,Furniture,Office Chair,3,19573.75,0.3,41104.88,3796.2
ORD-10187,2024-10-17,2024-10-23,Same Day,Home Office,North,Delhi,Electronics,Smartphone,1,30632.9,0.1,27569.61,4597.42
ORD-10188,2024-09-26,2024-09-30,Standard,Consumer,West,Ahmedabad,Electronics,Laptop,2,5544.58,0.3,7762.41,-1270.69
ORD-10189,2025-10-10,2025-10-11,Same Day,Consumer,West,Surat,Groceries,Cooking Oil 1L,4,325.36,0.1,1171.3,58.54
ORD-10190,2024-12-14,2024-12-15,Same Day,Corporate,East,Kolkata,Groceries,Snacks Pack,5,336.79,0.05,1599.75,141.72
ORD-10191,2024-01-30,2024-01-31,Same Day,Consumer,East,Guwahati,Furniture,Sofa,5,21496.33,0.0,107481.65,6853.45
ORD-10192,2024-02-02,2024-02-05,Express,Corporate,West,Mumbai,Electronics,Tablet,5,45730.4,0.3,160056.4,9610.47
ORD-10193,2025-03-22,2025-03-26,Same Day,Corporate,South,Coimbatore,Groceries,Tea 500g,4,213.58,0.3,598.02,194.59
ORD-10194,2024-10-31,2024-11-02,Standard,Home Office,West,Surat,Clothing,Jeans,1,608.86,0.0,608.86,93.37
ORD-10195,2025-11-08,2025-11-13,Same Day,Consumer,South,Chennai,Electronics,Smartwatch,6,45804.94,0.15,233605.19,48059.27
ORD-10196,2025-04-29,2025-05-02,Same Day,Corporate,North,Lucknow,Groceries,Cooking Oil 1L,7,314.76,0.0,2203.32,298.7
ORD-10197,2024-09-09,2024-09-13,Same Day,Consumer,West,Ahmedabad,Electronics,Smartwatch,2,38048.5,0.2,60877.6,-10641.77
ORD-10198,2024-03-06,2024-03-09,Standard,Corporate,West,Mumbai,Furniture,Office Chair,6,15649.49,0.2,75117.55,-15240.16
ORD-10199,2024-08-29,2024-08-30,Express,Home Office,East,Kolkata,Furniture,Office Chair,2,13618.53,0.0,27237.06,-7114.2
ORD-10200,2025-08-08,2025-08-12,Same Day,Corporate,South,Coimbatore,Groceries,Snacks Pack,7,536.02,0.3,2626.5,271.25
ORD-10201,2024-05-24,2024-05-25,Express,Home Office,West,Ahmedabad,Groceries,Snacks Pack,4,565.38,0.2,1809.22,-311.7
ORD-10202,2024-03-28,2024-03-30,Standard,Home Office,South,Hyderabad,Furniture,Study Table,6,7214.07,0.05,41120.2,5363.75
ORD-10203,2024-11-12,2024-11-13,Express,Consumer,East,Guwahati,Electronics,Tablet,7,38430.23,0.2,215209.29,-64682.88
ORD-10204,2024-10-02,2024-10-04,Same Day,Consumer,South,Coimbatore,Clothing,Jeans,4,1174.46,0.0,4697.84,-315.8
ORD-10205,2025-02-05,2025-02-09,Express,Consumer,South,Bengaluru,Electronics,Smartwatch,6,18185.43,0.3,76378.81,-3800.66
ORD-10206,2025-06-29,2025-07-01,Express,Corporate,West,Ahmedabad,Groceries,Cooking Oil 1L,3,597.56,0.15,1523.78,383.17
ORD-10207,2024-04-25,2024-04-29,Express,Consumer,North,Lucknow,Home & Kitchen,Storage Box,7,1409.38,0.0,9865.66,336.8
ORD-10208,2024-05-01,2024-05-03,Express,Home Office,North,Delhi,Clothing,Formal Shirt,6,785.67,0.05,4478.32,748.37
ORD-10209,2024-11-14,2024-11-17,Same Day,Corporate,East,Patna,Clothing,Jacket,5,2304.02,0.2,9216.08,1302.47
ORD-10210,2024-12-25,2024-12-27,Same Day,Corporate,East,Kolkata,Furniture,Office Chair,4,21800.38,0.3,61041.06,-6986.85
ORD-10211,2024-04-18,2024-04-21,Express,Corporate,West,Ahmedabad,Furniture,Study Table,1,3895.84,0.0,3895.84,588.46
ORD-10212,2024-06-01,2024-06-03,Standard,Home Office,East,Bhubaneswar,Electronics,Smartwatch,6,45959.12,0.0,275754.72,66471.2
ORD-10213,2024-02-18,2024-02-24,Same Day,Home Office,South,Bengaluru,Furniture,Bed Frame,3,23319.83,0.15,59465.57,4888.66
ORD-10214,2024-10-14,2024-10-18,Standard,Corporate,South,Chennai,Clothing,Jacket,6,2181.94,0.1,11782.48,1470.58
ORD-10215,2024-06-14,2024-06-18,Same Day,Home Office,South,Bengaluru,Groceries,Snacks Pack,5,134.42,0.15,571.28,-47.98
ORD-10216,2025-05-05,2025-05-07,Same Day,Home Office,North,Chandigarh,Clothing,T-Shirt,7,3459.53,0.2,19373.37,-804.99
ORD-10217,2025-09-13,2025-09-18,Same Day,Consumer,West,Ahmedabad,Electronics,Laptop,6,43009.17,0.2,206444.02,-31264.42
ORD-10218,2024-07-01,2024-07-06,Express,Consumer,South,Chennai,Home & Kitchen,Storage Box,2,3220.05,0.3,4508.07,-497.78
ORD-10219,2024-07-04,2024-07-09,Express,Consumer,East,Guwahati,Furniture,Office Chair,2,2062.27,0.05,3918.31,304.66
ORD-10220,2025-01-21,2025-01-23,Same Day,Consumer,West,Mumbai,Clothing,Formal Shirt,1,2770.92,0.0,2770.92,219.85
ORD-10221,2025-11-21,2025-11-23,Express,Corporate,South,Hyderabad,Clothing,Formal Shirt,1,3096.02,0.0,3096.02,616.52
ORD-10222,2024-03-14,2024-03-18,Standard,Home Office,North,Delhi,Electronics,Headphones,7,27548.03,0.0,192836.21,-31980.21
ORD-10223,2025-03-15,2025-03-18,Same Day,Home Office,West,Ahmedabad,Clothing,Jacket,1,720.3,0.0,720.3,-69.86
ORD-10224,2025-01-28,2025-02-01,Same Day,Home Office,East,Bhubaneswar,Furniture,Bookshelf,6,19016.12,0.1,102687.05,13450.86
ORD-10225,2024-09-02,2024-09-08,Standard,Consumer,South,Bengaluru,Groceries,Rice 5kg,4,452.07,0.1,1627.45,152.01
ORD-10226,2025-05-21,2025-05-24,Same Day,Home Office,South,Bengaluru,Electronics,Headphones,4,18028.26,0.15,61296.08,3969.22
ORD-10227,2025-11-09,2025-11-14,Express,Corporate,South,Bengaluru,Furniture,Study Table,6,7104.94,0.2,34103.71,7178.13
ORD-10228,2024-07-16,2024-07-20,Same Day,Corporate,North,Lucknow,Electronics,Smartphone,6,26830.4,0.3,112687.68,6897.74
ORD-10229,2025-03-30,2025-04-02,Express,Consumer,North,Chandigarh,Furniture,Bed Frame,3,23609.53,0.0,70828.59,-10121.09
ORD-10230,2024-08-19,2024-08-23,Same Day,Consumer,South,Bengaluru,Clothing,Formal Shirt,1,3285.2,0.3,2299.64,80.57
ORD-10231,2025-10-04,2025-10-06,Standard,Corporate,South,Bengaluru,Electronics,Headphones,3,1557.91,0.1,4206.36,462.1
ORD-10232,2025-11-18,2025-11-21,Express,Corporate,South,Hyderabad,Electronics,Smartphone,2,58904.68,0.05,111918.89,-10100.23
ORD-10233,2024-03-31,2024-04-03,Same Day,Corporate,North,Jaipur,Furniture,Office Chair,3,16921.82,0.3,35535.82,4499.1
ORD-10234,2025-01-24,2025-01-25,Express,Consumer,West,Mumbai,Clothing,Jeans,2,506.86,0.1,912.35,75.08
ORD-10235,2024-05-03,2024-05-07,Express,Home Office,North,Lucknow,Clothing,Jacket,4,1043.68,0.0,4174.72,-689.79
ORD-10236,2024-03-03,2024-03-09,Express,Home Office,South,Hyderabad,Electronics,Smartphone,7,14515.21,0.0,101606.47,28793.37
ORD-10237,2025-11-09,2025-11-10,Same Day,Home Office,South,Coimbatore,Electronics,Smartphone,4,31795.9,0.3,89028.52,28427.65
ORD-10238,2024-03-14,2024-03-19,Same Day,Corporate,West,Mumbai,Furniture,Bed Frame,4,8519.71,0.0,34078.84,2909.82
ORD-10239,2024-10-19,2024-10-24,Standard,Home Office,South,Hyderabad,Groceries,Tea 500g,2,104.73,0.15,178.04,6.6
ORD-10240,2025-02-04,2025-02-10,Same Day,Consumer,South,Chennai,Groceries,Tea 500g,6,359.66,0.2,1726.37,193.1
ORD-10241,2025-03-28,2025-04-02,Standard,Corporate,West,Ahmedabad,Clothing,Jeans,2,2228.95,0.15,3789.21,985.26
ORD-10242,2025-07-10,2025-07-13,Standard,Consumer,West,Ahmedabad,Furniture,Bed Frame,5,4105.88,0.0,20529.4,3100.03
ORD-10243,2024-10-29,2024-10-30,Same Day,Home Office,North,Chandigarh,Home & Kitchen,Storage Box,1,1611.59,0.1,1450.43,405.48
ORD-10244,2024-01-04,2024-01-06,Same Day,Consumer,South,Hyderabad,Groceries,Snacks Pack,3,462.23,0.0,1386.69,322.94
ORD-10245,2024-05-30,2024-06-05,Express,Consumer,North,Delhi,Home & Kitchen,LED Bulb,1,1528.75,0.2,1223.0,115.48
ORD-10246,2024-06-27,2024-06-28,Standard,Home Office,East,Bhubaneswar,Furniture,Office Chair,4,6184.69,0.1,22264.88,-5655.09
ORD-10247,2024-01-09,2024-01-15,Standard,Corporate,West,Pune,Electronics,Smartwatch,1,17137.03,0.1,15423.33,2586.54
ORD-10248,2024-11-27,2024-12-02,Standard,Consumer,West,Surat,Home & Kitchen,Non-stick Pan,7,570.6,0.0,3994.2,419.67
ORD-10249,2025-11-16,2025-11-22,Standard,Corporate,South,Chennai,Electronics,Tablet,5,38995.32,0.2,155981.28,32433.02
ORD-10250,2025-06-03,2025-06-07,Standard,Consumer,West,Mumbai,Clothing,Jacket,5,1238.89,0.3,4336.12,470.94
ORD-10251,2025-05-13,2025-05-15,Same Day,Corporate,North,Lucknow,Furniture,Office Chair,5,11816.3,0.15,50219.28,12329.09
ORD-10252,2024-02-11,2024-02-12,Standard,Consumer,East,Kolkata,Furniture,Office Chair,3,24908.36,0.0,74725.08,18297.39
ORD-10253,2024-09-02,2024-09-03,Same Day,Home Office,South,Hyderabad,Furniture,Study Table,6,9630.23,0.0,57781.38,-8151.32
ORD-10254,2024-04-14,2024-04-15,Express,Home Office,West,Mumbai,Groceries,Rice 5kg,5,382.27,0.15,1624.65,424.36
ORD-10255,2024-09-06,2024-09-07,Standard,Consumer,South,Coimbatore,Groceries,Cooking Oil 1L,5,320.33,0.0,1601.65,-93.09
ORD-10256,2025-09-22,2025-09-23,Express,Home Office,South,Hyderabad,Furniture,Study Table,2,14728.92,0.0,29457.84,1330.04
ORD-10257,2025-01-27,2025-02-01,Express,Home Office,North,Jaipur,Home & Kitchen,Storage Box,6,924.08,0.15,4712.81,315.12
ORD-10258,2025-07-31,2025-08-06,Standard,Consumer,West,Ahmedabad,Electronics,Tablet,6,22255.91,0.1,120181.91,-28322.43
ORD-10259,2025-07-29,2025-08-03,Standard,Consumer,East,Patna,Clothing,T-Shirt,3,747.58,0.15,1906.33,184.91
ORD-10260,2024-07-26,2024-07-28,Standard,Corporate,North,Lucknow,Furniture,Sofa,7,23140.68,0.0,161984.76,44230.58
ORD-10261,2024-03-29,2024-04-04,Standard,Consumer,West,Ahmedabad,Clothing,Jeans,7,714.45,0.05,4751.09,253.41
ORD-10262,2024-02-22,2024-02-23,Express,Home Office,North,Jaipur,Furniture,Office Chair,2,19558.46,0.0,39116.92,8109.99
ORD-10263,2025-02-09,2025-02-14,Express,Consumer,South,Bengaluru,Clothing,Jacket,1,504.19,0.0,504.19,-44.02
ORD-10264,2024-11-03,2024-11-04,Standard,Consumer,South,Chennai,Clothing,Jacket,3,1923.85,0.0,5771.55,-849.87
ORD-10265,2024-04-09,2024-04-15,Same Day,Corporate,North,Chandigarh,Clothing,Jeans,7,591.84,0.3,2900.02,200.72
ORD-10266,2025-02-02,2025-02-07,Express,Corporate,West,Pune,Furniture,Bookshelf,1,4341.08,0.3,3038.76,717.91
ORD-10267,2024-05-26,2024-06-01,Express,Corporate,East,Bhubaneswar,Electronics,Tablet,7,14547.61,0.1,91649.94,11179.29
ORD-10268,2025-10-06,2025-10-11,Standard,Corporate,North,Jaipur,Clothing,T-Shirt,3,720.88,0.2,1730.11,-348.15
ORD-10269,2025-10-11,2025-10-12,Standard,Consumer,West,Mumbai,Home & Kitchen,Mixer Grinder,1,4164.27,0.0,4164.27,-701.0
ORD-10270,2025-03-03,2025-03-09,Express,Corporate,West,Mumbai,Furniture,Sofa,3,16890.45,0.1,45604.22,8130.58
ORD-10271,2025-06-13,2025-06-16,Same Day,Home Office,West,Mumbai,Groceries,Snacks Pack,4,557.31,0.05,2117.78,181.74
ORD-10272,2025-11-20,2025-11-24,Express,Corporate,North,Delhi,Furniture,Bed Frame,1,24404.52,0.2,19523.62,1371.72
ORD-10273,2025-09-13,2025-09-14,Express,Corporate,West,Surat,Clothing,Jacket,4,1999.29,0.3,5598.01,-254.69
ORD-10274,2025-01-08,2025-01-12,Express,Consumer,South,Bengaluru,Furniture,Sofa,2,20096.09,0.05,38182.57,6632.87
ORD-10275,2024-09-14,2024-09-18,Express,Corporate,West,Mumbai,Home & Kitchen,Storage Box,5,1713.04,0.3,5995.64,289.93
ORD-10276,2024-08-23,2024-08-26,Same Day,Home Office,South,Hyderabad,Clothing,Jeans,2,1529.52,0.0,3059.04,562.61
ORD-10277,2024-01-28,2024-02-02,Express,Corporate,East,Patna,Groceries,Rice 5kg,1,546.27,0.0,546.27,140.55
ORD-10278,2024-01-05,2024-01-08,Express,Corporate,North,Lucknow,Groceries,Rice 5kg,6,581.72,0.1,3141.29,477.52
ORD-10279,2025-05-17,2025-05-20,Same Day,Consumer,East,Guwahati,Clothing,Formal Shirt,2,2586.24,0.3,3620.74,789.05
ORD-10280,2025-06-28,2025-07-03,Express,Home Office,South,Hyderabad,Clothing,Jeans,5,2291.08,0.0,11455.4,2212.48
ORD-10281,2025-10-19,2025-10-22,Same Day,Consumer,East,Patna,Furniture,Office Chair,5,15043.52,0.15,63934.96,7281.79
ORD-10282,2025-12-22,2025-12-24,Same Day,Corporate,East,Bhubaneswar,Home & Kitchen,Storage Box,6,3268.89,0.1,17652.01,-1010.36
ORD-10283,2025-12-24,2025-12-27,Same Day,Home Office,West,Mumbai,Home & Kitchen,Mixer Grinder,3,1236.96,0.2,2968.7,476.84
ORD-10284,2025-03-08,2025-03-13,Standard,Home Office,South,Chennai,Furniture,Study Table,7,22375.44,0.05,148796.68,28961.0
ORD-10285,2024-12-01,2024-12-07,Same Day,Consumer,West,Ahmedabad,Furniture,Study Table,2,20379.47,0.1,36683.05,5635.38
ORD-10286,2025-10-22,2025-10-28,Standard,Consumer,South,Bengaluru,Home & Kitchen,Non-stick Pan,6,4643.1,0.3,19501.02,2003.35
ORD-10287,2025-03-12,2025-03-15,Same Day,Consumer,South,Coimbatore,Clothing,Jeans,6,2855.27,0.15,14561.88,-3285.58
ORD-10288,2024-12-19,2024-12-24,Standard,Corporate,East,Bhubaneswar,Furniture,Bookshelf,6,20537.78,0.1,110904.01,-34067.98
ORD-10289,2025-05-12,2025-05-14,Express,Corporate,North,Delhi,Electronics,Headphones,7,56229.73,0.0,393608.11,30759.03
ORD-10290,2025-03-24,2025-03-25,Express,Home Office,East,Guwahati,Groceries,Atta 5kg,5,580.36,0.0,2901.8,493.41
ORD-10291,2024-09-06,2024-09-10,Standard,Consumer,East,Guwahati,Furniture,Sofa,7,4446.94,0.15,26459.29,5465.0
ORD-10292,2024-06-07,2024-06-09,Express,Home Office,East,Patna,Clothing,Sneakers,2,947.03,0.0,1894.06,196.99
ORD-10293,2025-07-10,2025-07-12,Standard,Corporate,East,Kolkata,Home & Kitchen,Non-stick Pan,4,5312.96,0.0,21251.84,1362.42
ORD-10294,2025-10-11,2025-10-13,Same Day,Home Office,West,Pune,Furniture,Study Table,3,4957.54,0.2,11898.1,1111.92
ORD-10295,2025-07-26,2025-08-01,Standard,Corporate,North,Chandigarh,Home & Kitchen,Water Bottle,3,3076.16,0.0,9228.48,-655.23
ORD-10296,2025-11-26,2025-11-30,Standard,Corporate,West,Pune,Furniture,Sofa,1,4121.93,0.0,4121.93,135.62
ORD-10297,2025-06-28,2025-07-04,Same Day,Home Office,South,Chennai,Clothing,Jacket,7,1426.96,0.15,8490.41,2017.39
ORD-10298,2025-12-25,2025-12-29,Same Day,Home Office,East,Guwahati,Home & Kitchen,Storage Box,6,3938.24,0.1,21266.5,4646.84
ORD-10299,2025-07-22,2025-07-27,Same Day,Corporate,East,Guwahati,Groceries,Cooking Oil 1L,4,365.44,0.15,1242.5,78.11
ORD-10300,2025-06-13,2025-06-19,Express,Consumer,East,Guwahati,Clothing,Sneakers,2,1983.35,0.0,3966.7,812.76
ORD-10301,2025-09-18,2025-09-19,Same Day,Corporate,West,Ahmedabad,Groceries,Atta 5kg,2,202.98,0.2,324.77,21.44
ORD-10302,2024-03-05,2024-03-07,Express,Home Office,South,Coimbatore,Electronics,Headphones,6,31484.35,0.0,188906.1,-43646.58
ORD-10303,2024-09-16,2024-09-19,Same Day,Corporate,North,Lucknow,Groceries,Rice 5kg,6,563.14,0.2,2703.07,549.58
ORD-10304,2024-04-03,2024-04-09,Standard,Consumer,North,Lucknow,Groceries,Rice 5kg,2,359.28,0.1,646.7,129.74
ORD-10305,2024-04-05,2024-04-06,Express,Home Office,North,Delhi,Electronics,Laptop,4,2678.45,0.0,10713.8,-1763.85
ORD-10306,2025-02-15,2025-02-17,Express,Home Office,South,Hyderabad,Clothing,Jeans,3,2526.07,0.05,7199.3,785.0
ORD-10307,2024-09-25,2024-09-29,Express,Home Office,North,Chandigarh,Electronics,Laptop,6,38025.19,0.3,159705.8,18452.61
ORD-10308,2024-01-30,2024-02-04,Standard,Consumer,East,Bhubaneswar,Furniture,Study Table,5,17010.45,0.0,85052.25,13755.1
ORD-10309,2025-01-21,2025-01-24,Express,Home Office,West,Pune,Home & Kitchen,Non-stick Pan,6,4325.59,0.05,24655.86,943.5
ORD-10310,2025-05-08,2025-05-09,Express,Home Office,North,Delhi,Home & Kitchen,Water Bottle,3,2412.58,0.2,5790.19,270.58
ORD-10311,2025-04-13,2025-04-16,Standard,Consumer,South,Chennai,Electronics,Tablet,2,25987.29,0.0,51974.58,17675.98
ORD-10312,2025-09-12,2025-09-17,Express,Consumer,East,Bhubaneswar,Furniture,Bookshelf,1,13864.77,0.15,11785.05,1135.59
ORD-10313,2024-11-09,2024-11-10,Express,Home Office,West,Surat,Groceries,Tea 500g,2,534.68,0.1,962.42,210.0
ORD-10314,2025-09-23,2025-09-25,Standard,Consumer,North,Lucknow,Furniture,Office Chair,3,14531.55,0.2,34875.72,-5157.23
ORD-10315,2024-08-17,2024-08-21,Standard,Consumer,South,Hyderabad,Groceries,Snacks Pack,1,330.59,0.0,330.59,44.19
ORD-10316,2025-04-18,2025-04-21,Same Day,Consumer,North,Jaipur,Electronics,Laptop,1,12360.98,0.0,12360.98,896.6
ORD-10317,2024-03-24,2024-03-27,Standard,Consumer,North,Jaipur,Groceries,Snacks Pack,6,570.8,0.15,2911.08,277.55
ORD-10318,2025-05-22,2025-05-28,Express,Consumer,North,Jaipur,Furniture,Study Table,1,5637.86,0.1,5074.07,627.3
ORD-10319,2025-04-01,2025-04-03,Standard,Consumer,East,Kolkata,Groceries,Rice 5kg,5,369.69,0.05,1756.03,173.15
ORD-10320,2024-12-06,2024-12-07,Standard,Consumer,East,Bhubaneswar,Home & Kitchen,Storage Box,7,380.52,0.15,2264.09,282.02
ORD-10321,2025-04-16,2025-04-21,Standard,Consumer,North,Chandigarh,Home & Kitchen,Storage Box,3,1221.0,0.0,3663.0,501.73
ORD-10322,2025-11-09,2025-11-13,Same Day,Home Office,South,Bengaluru,Clothing,Jeans,4,671.99,0.3,1881.57,258.55
ORD-10323,2024-07-04,2024-07-10,Express,Home Office,North,Lucknow,Groceries,Tea 500g,5,402.21,0.05,1910.5,109.4
ORD-10324,2025-09-10,2025-09-14,Standard,Home Office,North,Delhi,Home & Kitchen,Storage Box,4,1780.85,0.15,6054.89,535.93
ORD-10325,2024-11-17,2024-11-23,Same Day,Home Office,South,Hyderabad,Electronics,Headphones,4,49949.38,0.05,189807.64,46892.05
ORD-10326,2024-04-27,2024-04-30,Standard,Consumer,West,Mumbai,Electronics,Smartphone,6,17956.94,0.05,102354.56,10575.67
ORD-10327,2025-08-17,2025-08-20,Same Day,Consumer,North,Lucknow,Clothing,Jacket,1,1250.03,0.0,1250.03,-204.0
ORD-10328,2025-03-26,2025-03-27,Express,Home Office,South,Hyderabad,Electronics,Headphones,1,46241.56,0.0,46241.56,9224.79
ORD-10329,2024-11-17,2024-11-19,Standard,Home Office,West,Ahmedabad,Clothing,Jacket,4,2607.2,0.0,10428.8,1959.24
ORD-10330,2025-07-16,2025-07-20,Express,Home Office,West,Pune,Groceries,Cooking Oil 1L,2,315.95,0.1,568.71,-124.52
ORD-10331,2025-03-22,2025-03-23,Standard,Consumer,South,Hyderabad,Home & Kitchen,Water Bottle,4,3208.86,0.2,10268.35,1564.91
ORD-10332,2025-09-16,2025-09-21,Standard,Corporate,West,Mumbai,Groceries,Tea 500g,3,310.93,0.0,932.79,172.1
ORD-10333,2025-12-20,2025-12-22,Express,Corporate,North,Lucknow,Furniture,Bookshelf,4,2145.47,0.05,8152.79,585.6
ORD-10334,2025-09-19,2025-09-21,Same Day,Home Office,North,Delhi,Groceries,Rice 5kg,2,302.75,0.0,605.5,136.72
ORD-10335,2024-04-03,2024-04-07,Same Day,Home Office,North,Lucknow,Clothing,Formal Shirt,7,794.9,0.15,4729.66,-850.27
ORD-10336,2024-04-07,2024-04-09,Same Day,Consumer,South,Coimbatore,Clothing,Jeans,1,2991.24,0.3,2093.87,387.97
ORD-10337,2025-05-13,2025-05-15,Same Day,Consumer,South,Coimbatore,Home & Kitchen,Mixer Grinder,1,2858.2,0.1,2572.38,-193.25
ORD-10338,2024-11-24,2024-11-26,Same Day,Consumer,South,Hyderabad,Clothing,T-Shirt,2,3425.27,0.0,6850.54,593.64
ORD-10339,2025-02-17,2025-02-23,Standard,Home Office,West,Ahmedabad,Home & Kitchen,Mixer Grinder,7,4706.08,0.1,29648.3,1439.54
ORD-10340,2025-09-25,2025-09-28,Express,Home Office,West,Ahmedabad,Groceries,Tea 500g,6,444.9,0.05,2535.93,-85.26
ORD-10341,2024-07-19,2024-07-22,Same Day,Corporate,North,Delhi,Electronics,Smartphone,4,51001.62,0.1,183605.83,23170.0
ORD-10342,2024-07-25,2024-07-29,Standard,Consumer,East,Guwahati,Groceries,Tea 500g,4,466.31,0.05,1771.98,481.97
ORD-10343,2025-10-02,2025-10-03,Standard,Home Office,West,Pune,Home & Kitchen,Storage Box,7,1039.62,0.0,7277.34,-2216.64
ORD-10344,2024-06-06,2024-06-10,Standard,Home Office,East,Guwahati,Groceries,Rice 5kg,1,495.27,0.0,495.27,86.1
ORD-10345,2025-08-21,2025-08-24,Express,Consumer,North,Lucknow,Electronics,Tablet,3,2214.6,0.0,6643.8,1422.95
ORD-10346,2024-07-07,2024-07-12,Same Day,Consumer,East,Bhubaneswar,Electronics,Headphones,5,56183.29,0.3,196641.52,24525.16
ORD-10347,2025-10-12,2025-10-16,Standard,Home Office,North,Delhi,Electronics,Smartwatch,3,55341.2,0.2,132818.88,20426.38
ORD-10348,2024-01-19,2024-01-24,Express,Home Office,West,Ahmedabad,Home & Kitchen,Storage Box,1,5712.92,0.3,3999.04,-951.5
ORD-10349,2025-02-10,2025-02-12,Standard,Home Office,East,Kolkata,Groceries,Tea 500g,5,222.64,0.0,1113.2,233.86
ORD-10350,2025-04-26,2025-05-02,Same Day,Corporate,East,Guwahati,Groceries,Atta 5kg,1,287.58,0.3,201.31,23.89
ORD-10351,2024-06-02,2024-06-04,Same Day,Corporate,North,Lucknow,Groceries,Rice 5kg,6,173.79,0.3,729.92,143.93
ORD-10352,2024-04-22,2024-04-27,Same Day,Home Office,West,Mumbai,Clothing,Jacket,2,2425.53,0.1,4365.95,699.51
ORD-10353,2025-05-11,2025-05-16,Express,Home Office,East,Patna,Clothing,T-Shirt,5,3249.59,0.0,16247.95,846.57
ORD-10354,2025-06-26,2025-06-28,Express,Corporate,South,Hyderabad,Furniture,Bed Frame,6,2321.37,0.15,11838.99,1702.15
ORD-10355,2024-07-04,2024-07-07,Express,Corporate,West,Mumbai,Clothing,T-Shirt,1,3196.06,0.0,3196.06,650.96
ORD-10356,2024-06-21,2024-06-23,Same Day,Consumer,North,Chandigarh,Furniture,Bookshelf,1,22192.02,0.15,18863.22,2885.89
ORD-10357,2024-04-05,2024-04-11,Express,Corporate,West,Surat,Groceries,Tea 500g,7,371.23,0.15,2208.82,464.6
ORD-10358,2024-08-26,2024-08-28,Same Day,Corporate,East,Patna,Electronics,Tablet,2,11183.59,0.3,15657.03,1990.53
ORD-10359,2024-03-22,2024-03-26,Standard,Consumer,North,Lucknow,Home & Kitchen,Non-stick Pan,5,1676.49,0.2,6705.96,1841.88
ORD-10360,2024-03-22,2024-03-27,Standard,Home Office,North,Jaipur,Clothing,Formal Shirt,4,732.35,0.3,2050.58,377.15
ORD-10361,2024-11-21,2024-11-22,Express,Home Office,West,Pune,Groceries,Tea 500g,6,153.24,0.05,873.47,-96.93
ORD-10362,2025-10-02,2025-10-08,Express,Home Office,South,Hyderabad,Electronics,Laptop,3,26726.08,0.1,72160.42,18829.68
ORD-10363,2024-01-23,2024-01-27,Standard,Corporate,South,Hyderabad,Home & Kitchen,LED Bulb,6,3044.44,0.0,18266.64,3058.04
ORD-10364,2025-09-23,2025-09-28,Express,Consumer,South,Chennai,Furniture,Bed Frame,1,24762.15,0.15,21047.83,-2282.41
ORD-10365,2024-06-09,2024-06-10,Same Day,Consumer,North,Lucknow,Furniture,Office Chair,4,19160.4,0.15,65145.36,10569.04
ORD-10366,2024-07-19,2024-07-25,Express,Home Office,East,Kolkata,Electronics,Headphones,5,45669.04,0.0,228345.2,-15392.34
ORD-10367,2025-09-06,2025-09-08,Same Day,Corporate,North,Jaipur,Home & Kitchen,Mixer Grinder,6,5893.19,0.05,33591.18,6363.11
ORD-10368,2025-10-28,2025-10-29,Standard,Corporate,West,Mumbai,Home & Kitchen,Storage Box,2,5874.84,0.2,9399.74,654.21
ORD-10369,2024-11-27,2024-12-01,Same Day,Consumer,North,Jaipur,Groceries,Snacks Pack,3,169.79,0.15,432.96,96.51
ORD-10370,2025-05-07,2025-05-12,Express,Consumer,North,Jaipur,Furniture,Bookshelf,3,14634.32,0.15,37317.52,-8562.51
ORD-10371,2025-04-08,2025-04-12,Standard,Consumer,North,Jaipur,Home & Kitchen,Non-stick Pan,4,1846.26,0.0,7385.04,-1210.37
ORD-10372,2025-05-18,2025-05-20,Same Day,Corporate,South,Coimbatore,Furniture,Bookshelf,2,12896.66,0.15,21924.32,-1644.6
ORD-10373,2024-05-26,2024-06-01,Same Day,Corporate,West,Surat,Clothing,T-Shirt,5,3134.46,0.0,15672.3,1452.23
ORD-10374,2024-11-27,2024-11-28,Standard,Corporate,South,Bengaluru,Clothing,T-Shirt,3,3112.18,0.05,8869.71,343.63
ORD-10375,2025-05-09,2025-05-10,Express,Consumer,South,Chennai,Clothing,T-Shirt,5,544.34,0.0,2721.7,610.66
ORD-10376,2024-11-26,2024-11-29,Same Day,Home Office,East,Guwahati,Groceries,Rice 5kg,4,269.97,0.05,1025.89,151.39
ORD-10377,2024-12-14,2024-12-20,Same Day,Consumer,East,Bhubaneswar,Groceries,Cooking Oil 1L,7,285.34,0.0,1997.38,191.52
ORD-10378,2025-03-22,2025-03-25,Same Day,Consumer,East,Bhubaneswar,Clothing,T-Shirt,2,1970.49,0.0,3940.98,413.68
ORD-10379,2025-07-14,2025-07-17,Same Day,Consumer,West,Surat,Furniture,Study Table,1,9278.58,0.1,8350.72,2266.67
ORD-10380,2024-02-06,2024-02-09,Same Day,Consumer,South,Bengaluru,Groceries,Atta 5kg,2,89.37,0.1,160.87,35.35
ORD-10381,2025-11-02,2025-11-04,Express,Corporate,South,Hyderabad,Electronics,Laptop,2,55561.29,0.05,105566.45,26164.08
ORD-10382,2025-11-04,2025-11-09,Same Day,Consumer,West,Mumbai,Clothing,Sneakers,2,1064.47,0.0,2128.94,79.03
ORD-10383,2025-07-29,2025-07-30,Same Day,Home Office,North,Chandigarh,Clothing,T-Shirt,6,3492.71,0.0,20956.26,-4699.82
ORD-10384,2025-07-01,2025-07-04,Express,Home Office,South,Chennai,Groceries,Atta 5kg,4,223.71,0.3,626.39,111.82
ORD-10385,2025-02-17,2025-02-20,Express,Home Office,South,Chennai,Clothing,T-Shirt,3,1666.66,0.05,4749.98,893.09
ORD-10386,2025-01-05,2025-01-08,Same Day,Corporate,East,Patna,Clothing,T-Shirt,1,2075.77,0.05,1971.98,419.15
ORD-10387,2024-08-03,2024-08-06,Same Day,Corporate,East,Kolkata,Home & Kitchen,Water Bottle,6,4518.83,0.2,21690.38,1742.75
ORD-10388,2024-01-08,2024-01-13,Same Day,Home Office,South,Coimbatore,Electronics,Smartphone,7,26361.43,0.1,166077.01,23291.07
ORD-10389,2024-01-26,2024-01-28,Express,Consumer,North,Lucknow,Electronics,Tablet,3,6574.63,0.0,19723.89,-2485.44
ORD-10390,2024-07-17,2024-07-23,Same Day,Corporate,East,Guwahati,Groceries,Snacks Pack,1,399.43,0.1,359.49,73.7
ORD-10391,2024-08-01,2024-08-05,Same Day,Consumer,East,Kolkata,Clothing,Sneakers,3,2250.2,0.05,6413.07,1095.16
ORD-10392,2025-05-22,2025-05-28,Same Day,Home Office,North,Lucknow,Home & Kitchen,Non-stick Pan,2,3041.18,0.0,6082.36,1159.81
ORD-10393,2025-06-03,2025-06-06,Standard,Consumer,West,Pune,Home & Kitchen,Mixer Grinder,7,4190.19,0.3,20531.93,-1730.48
ORD-10394,2024-10-09,2024-10-15,Express,Corporate,East,Guwahati,Furniture,Office Chair,6,17362.25,0.15,88547.48,11046.3
ORD-10395,2024-05-18,2024-05-21,Standard,Home Office,East,Kolkata,Groceries,Atta 5kg,3,483.16,0.15,1232.06,201.05
ORD-10396,2025-06-12,2025-06-18,Express,Home Office,West,Ahmedabad,Electronics,Laptop,7,4621.03,0.0,32347.21,7629.46
ORD-10397,2025-02-27,2025-03-01,Standard,Consumer,North,Lucknow,Groceries,Cooking Oil 1L,7,183.64,0.3,899.84,137.88
ORD-10398,2024-12-21,2024-12-25,Same Day,Corporate,South,Chennai,Furniture,Study Table,1,9319.76,0.2,7455.81,1013.12
ORD-10399,2024-10-26,2024-10-29,Standard,Corporate,South,Bengaluru,Clothing,Jeans,6,1094.2,0.2,5252.16,609.68
ORD-10400,2024-05-18,2024-05-20,Express,Corporate,East,Bhubaneswar,Electronics,Headphones,1,51514.29,0.3,36060.0,4668.42
ORD-10401,2024-09-04,2024-09-06,Standard,Consumer,West,Ahmedabad,Furniture,Sofa,5,12110.51,0.0,60552.55,7923.52
ORD-10402,2024-05-29,2024-06-04,Standard,Corporate,West,Surat,Electronics,Smartphone,3,31132.87,0.0,93398.61,-23874.31
ORD-10403,2024-08-26,2024-08-30,Standard,Home Office,East,Bhubaneswar,Clothing,Jeans,6,3040.09,0.1,16416.49,3648.91
ORD-10404,2024-05-18,2024-05-22,Express,Home Office,East,Guwahati,Groceries,Rice 5kg,2,185.18,0.1,333.32,57.8
ORD-10405,2025-08-11,2025-08-13,Standard,Home Office,East,Bhubaneswar,Clothing,Jacket,6,2102.74,0.0,12616.44,488.18
ORD-10406,2024-08-08,2024-08-11,Express,Home Office,South,Chennai,Home & Kitchen,Non-stick Pan,4,1977.64,0.05,7515.03,1051.37
ORD-10407,2025-03-23,2025-03-25,Express,Home Office,North,Chandigarh,Clothing,T-Shirt,1,2202.19,0.0,2202.19,648.06
ORD-10408,2024-10-30,2024-11-04,Same Day,Home Office,East,Guwahati,Furniture,Bed Frame,3,9904.35,0.0,29713.05,6600.1
ORD-10409,2024-06-17,2024-06-21,Standard,Home Office,East,Bhubaneswar,Groceries,Rice 5kg,7,208.45,0.1,1313.24,318.63
ORD-10410,2025-07-03,2025-07-06,Same Day,Corporate,East,Kolkata,Electronics,Smartphone,7,36685.85,0.1,231120.86,32240.07
ORD-10411,2025-03-01,2025-03-02,Express,Consumer,West,Pune,Electronics,Laptop,6,58629.93,0.3,246245.71,-40587.88
ORD-10412,2024-01-30,2024-02-05,Same Day,Consumer,South,Bengaluru,Home & Kitchen,LED Bulb,5,5059.18,0.0,25295.9,-4671.99
ORD-10413,2024-02-06,2024-02-10,Same Day,Corporate,South,Chennai,Home & Kitchen,Water Bottle,5,2894.81,0.0,14474.05,-1972.55
ORD-10414,2024-04-01,2024-04-07,Same Day,Consumer,North,Lucknow,Groceries,Cooking Oil 1L,6,232.5,0.2,1116.0,175.92
ORD-10415,2025-10-12,2025-10-13,Same Day,Home Office,South,Chennai,Groceries,Rice 5kg,1,51.76,0.1,46.58,1.58
ORD-10416,2025-01-22,2025-01-25,Standard,Corporate,East,Bhubaneswar,Clothing,Sneakers,5,2492.27,0.15,10592.15,1423.97
ORD-10417,2025-12-25,2025-12-27,Express,Consumer,West,Mumbai,Home & Kitchen,Mixer Grinder,3,715.88,0.05,2040.26,-91.39
ORD-10418,2025-12-03,2025-12-08,Express,Corporate,East,Bhubaneswar,Clothing,Jacket,4,1307.83,0.0,5231.32,229.72
ORD-10419,2025-08-06,2025-08-09,Express,Corporate,East,Kolkata,Electronics,Smartphone,3,15299.7,0.0,45899.1,7167.38
ORD-10420,2024-03-19,2024-03-24,Same Day,Home Office,North,Lucknow,Clothing,Jeans,1,1210.02,0.0,1210.02,73.69
ORD-10421,2024-03-08,2024-03-11,Express,Corporate,West,Mumbai,Furniture,Study Table,1,22143.78,0.2,17715.02,-1519.1
ORD-10422,2024-04-23,2024-04-29,Express,Corporate,East,Guwahati,Furniture,Study Table,1,22006.7,0.15,18705.7,-5175.8
ORD-10423,2025-12-19,2025-12-24,Standard,Corporate,East,Patna,Home & Kitchen,LED Bulb,6,2456.74,0.0,14740.44,-1446.02
ORD-10424,2025-02-09,2025-02-15,Same Day,Consumer,North,Lucknow,Groceries,Tea 500g,3,469.32,0.0,1407.96,-108.79
ORD-10425,2025-06-24,2025-06-28,Express,Home Office,South,Hyderabad,Groceries,Tea 500g,4,212.0,0.0,848.0,71.35
ORD-10426,2024-09-10,2024-09-12,Express,Consumer,West,Ahmedabad,Furniture,Office Chair,3,23112.68,0.2,55470.43,8927.13
ORD-10427,2025-01-24,2025-01-25,Same Day,Home Office,East,Patna,Furniture,Bed Frame,6,19614.34,0.05,111801.74,14909.12
ORD-10428,2025-05-01,2025-05-03,Same Day,Consumer,East,Kolkata,Furniture,Bed Frame,3,21981.15,0.15,56051.93,12823.79
ORD-10429,2024-12-13,2024-12-19,Express,Home Office,North,Jaipur,Clothing,Sneakers,5,2246.48,0.15,9547.54,1520.79
ORD-10430,2024-04-13,2024-04-18,Standard,Corporate,East,Bhubaneswar,Home & Kitchen,Water Bottle,7,1128.42,0.05,7503.99,-353.99
ORD-10431,2025-01-15,2025-01-20,Same Day,Consumer,North,Chandigarh,Groceries,Tea 500g,2,480.88,0.0,961.76,63.4
ORD-10432,2024-05-19,2024-05-22,Standard,Consumer,North,Chandigarh,Home & Kitchen,Non-stick Pan,4,2646.37,0.0,10585.48,1319.52
ORD-10433,2025-01-12,2025-01-17,Standard,Home Office,North,Delhi,Groceries,Cooking Oil 1L,6,139.88,0.0,839.28,-220.02
ORD-10434,2024-08-29,2024-09-02,Same Day,Home Office,South,Hyderabad,Groceries,Cooking Oil 1L,4,244.37,0.3,684.24,98.32
ORD-10435,2024-04-06,2024-04-10,Standard,Corporate,East,Guwahati,Furniture,Bed Frame,5,10218.11,0.3,35763.38,8818.98
ORD-10436,2024-05-29,2024-05-30,Express,Corporate,East,Guwahati,Electronics,Smartphone,1,48994.75,0.0,48994.75,-5860.7
ORD-10437,2024-02-16,2024-02-17,Same Day,Consumer,South,Hyderabad,Clothing,Sneakers,7,952.56,0.0,6667.92,255.73
ORD-10438,2024-03-18,2024-03-23,Same Day,Home Office,West,Pune,Electronics,Laptop,6,48074.7,0.15,245180.97,49353.72
ORD-10439,2024-02-11,2024-02-12,Same Day,Home Office,East,Kolkata,Electronics,Headphones,4,59933.5,0.1,215760.6,63935.22
ORD-10440,2024-04-14,2024-04-18,Express,Consumer,North,Lucknow,Groceries,Atta 5kg,3,523.24,0.3,1098.8,-79.78
ORD-10441,2025-09-11,2025-09-13,Standard,Consumer,West,Ahmedabad,Groceries,Rice 5kg,4,270.01,0.15,918.03,160.48
ORD-10442,2024-12-07,2024-12-12,Standard,Consumer,North,Chandigarh,Electronics,Laptop,7,11798.53,0.0,82589.71,12358.35
ORD-10443,2025-09-14,2025-09-20,Same Day,Consumer,East,Bhubaneswar,Electronics,Smartphone,1,48917.8,0.3,34242.46,6708.22
ORD-10444,2025-03-18,2025-03-21,Standard,Corporate,North,Lucknow,Electronics,Smartphone,7,33653.3,0.0,235573.1,-46546.16
ORD-10445,2025-10-10,2025-10-12,Same Day,Corporate,East,Kolkata,Furniture,Study Table,5,22217.09,0.0,111085.45,7179.86
ORD-10446,2024-03-14,2024-03-16,Same Day,Consumer,South,Coimbatore,Home & Kitchen,LED Bulb,2,1143.79,0.2,1830.06,341.52
ORD-10447,2024-01-04,2024-01-05,Same Day,Consumer,South,Coimbatore,Clothing,Sneakers,2,1592.15,0.2,2547.44,529.51
ORD-10448,2024-08-03,2024-08-07,Express,Corporate,North,Jaipur,Groceries,Atta 5kg,3,363.41,0.15,926.7,-127.02
ORD-10449,2025-12-17,2025-12-21,Standard,Home Office,North,Delhi,Furniture,Bed Frame,4,14800.78,0.3,41442.18,9313.56
ORD-10450,2024-07-28,2024-08-03,Same Day,Consumer,West,Pune,Groceries,Snacks Pack,2,87.81,0.0,175.62,34.38
ORD-10451,2025-10-03,2025-10-07,Same Day,Consumer,North,Lucknow,Groceries,Tea 500g,1,281.4,0.0,281.4,14.92
ORD-10452,2025-06-03,2025-06-06,Standard,Consumer,South,Chennai,Clothing,T-Shirt,3,1564.23,0.2,3754.15,200.29
ORD-10453,2025-12-19,2025-12-25,Express,Consumer,South,Bengaluru,Groceries,Atta 5kg,2,489.71,0.0,979.42,136.26
ORD-10454,2025-01-20,2025-01-21,Standard,Corporate,South,Chennai,Furniture,Bed Frame,5,22513.43,0.1,101310.44,-12438.24
ORD-10455,2025-03-31,2025-04-06,Standard,Corporate,West,Mumbai,Home & Kitchen,Water Bottle,3,3629.08,0.2,8709.79,-820.78
ORD-10456,2024-05-22,2024-05-28,Express,Consumer,East,Kolkata,Home & Kitchen,Non-stick Pan,4,1959.26,0.0,7837.04,2326.38
ORD-10457,2024-09-09,2024-09-14,Same Day,Consumer,South,Chennai,Home & Kitchen,Mixer Grinder,7,628.45,0.2,3519.32,640.68
ORD-10458,2025-12-18,2025-12-24,Same Day,Home Office,West,Ahmedabad,Electronics,Headphones,2,49835.37,0.0,99670.74,6642.56
ORD-10459,2025-07-19,2025-07-25,Same Day,Home Office,East,Patna,Home & Kitchen,Non-stick Pan,3,5405.33,0.3,11351.19,885.77
ORD-10460,2025-05-02,2025-05-03,Standard,Home Office,East,Kolkata,Furniture,Study Table,6,20118.31,0.0,120709.86,39945.75
ORD-10461,2024-06-17,2024-06-18,Standard,Corporate,East,Bhubaneswar,Furniture,Sofa,3,16018.24,0.2,38443.78,2422.35
ORD-10462,2025-06-27,2025-06-30,Standard,Consumer,East,Guwahati,Clothing,Sneakers,3,1489.83,0.0,4469.49,-419.19
ORD-10463,2024-09-23,2024-09-24,Same Day,Home Office,West,Ahmedabad,Groceries,Atta 5kg,3,305.75,0.15,779.66,90.16
ORD-10464,2025-08-17,2025-08-22,Express,Corporate,East,Guwahati,Clothing,Sneakers,6,753.97,0.15,3845.25,1028.0
ORD-10465,2025-10-12,2025-10-15,Express,Corporate,East,Patna,Groceries,Tea 500g,6,506.69,0.1,2736.13,-406.5
ORD-10466,2025-05-10,2025-05-14,Express,Corporate,West,Pune,Clothing,Sneakers,6,1487.28,0.0,8923.68,-1394.79
ORD-10467,2024-12-28,2024-12-29,Standard,Home Office,North,Lucknow,Groceries,Cooking Oil 1L,3,233.08,0.1,629.32,126.68
ORD-10468,2025-01-09,2025-01-15,Same Day,Home Office,North,Delhi,Electronics,Laptop,3,20970.25,0.15,53474.14,-3407.33
ORD-10469,2025-05-11,2025-05-17,Express,Consumer,East,Guwahati,Electronics,Smartphone,7,4035.52,0.0,28248.64,1830.39
ORD-10470,2025-04-16,2025-04-21,Standard,Consumer,West,Surat,Groceries,Atta 5kg,3,157.33,0.1,424.79,21.05
ORD-10471,2024-03-22,2024-03-25,Standard,Corporate,West,Ahmedabad,Clothing,T-Shirt,1,1092.85,0.15,928.92,115.78
ORD-10472,2024-04-25,2024-04-30,Same Day,Consumer,East,Guwahati,Electronics,Smartphone,7,35928.06,0.0,251496.42,58116.82
ORD-10473,2024-05-30,2024-06-04,Same Day,Corporate,West,Mumbai,Groceries,Rice 5kg,6,392.94,0.2,1886.11,93.88
ORD-10474,2025-01-21,2025-01-25,Standard,Corporate,North,Lucknow,Furniture,Bookshelf,5,19875.13,0.15,84469.3,15074.25
ORD-10475,2024-12-14,2024-12-16,Express,Corporate,West,Surat,Groceries,Snacks Pack,5,220.19,0.3,770.66,62.23
ORD-10476,2024-10-14,2024-10-18,Same Day,Corporate,West,Surat,Home & Kitchen,Non-stick Pan,5,1805.89,0.0,9029.45,1545.87
ORD-10477,2025-10-25,2025-10-28,Standard,Home Office,South,Bengaluru,Clothing,Jacket,6,2092.76,0.0,12556.56,-1035.01
ORD-10478,2024-12-29,2024-12-30,Standard,Home Office,North,Jaipur,Groceries,Cooking Oil 1L,2,489.57,0.05,930.18,195.48
ORD-10479,2025-05-11,2025-05-13,Express,Corporate,West,Surat,Furniture,Study Table,6,13519.98,0.0,81119.88,10578.64
ORD-10480,2024-10-02,2024-10-06,Express,Home Office,East,Guwahati,Clothing,Sneakers,1,3214.63,0.2,2571.7,705.49
ORD-10481,2025-01-05,2025-01-08,Same Day,Home Office,South,Chennai,Clothing,Jacket,4,2431.66,0.0,9726.64,2544.43
ORD-10482,2024-01-08,2024-01-10,Standard,Home Office,West,Ahmedabad,Electronics,Smartwatch,1,10650.11,0.1,9585.1,-809.1
ORD-10483,2024-03-17,2024-03-23,Same Day,Consumer,East,Kolkata,Groceries,Rice 5kg,4,118.44,0.3,331.63,110.42
ORD-10484,2024-07-26,2024-07-31,Express,Corporate,South,Coimbatore,Clothing,Jacket,4,3489.67,0.2,11166.94,557.25
ORD-10485,2025-06-07,2025-06-10,Express,Consumer,South,Hyderabad,Electronics,Tablet,6,3118.35,0.0,18710.1,4148.51
ORD-10486,2024-04-22,2024-04-28,Standard,Home Office,North,Jaipur,Furniture,Bed Frame,7,7202.51,0.0,50417.57,1606.01
ORD-10487,2024-03-30,2024-04-03,Same Day,Consumer,West,Ahmedabad,Groceries,Cooking Oil 1L,7,364.99,0.0,2554.93,150.02
ORD-10488,2024-06-25,2024-07-01,Express,Consumer,North,Delhi,Groceries,Tea 500g,1,584.85,0.05,555.61,96.15
ORD-10489,2025-01-26,2025-01-30,Standard,Corporate,West,Mumbai,Clothing,Formal Shirt,2,3437.3,0.2,5499.68,874.85
ORD-10490,2024-07-09,2024-07-11,Same Day,Consumer,East,Patna,Clothing,T-Shirt,6,3075.77,0.1,16609.16,2853.2
ORD-10491,2024-06-29,2024-07-01,Standard,Corporate,West,Mumbai,Home & Kitchen,Mixer Grinder,7,1801.7,0.1,11350.71,-1652.11
ORD-10492,2024-05-19,2024-05-25,Same Day,Home Office,South,Chennai,Clothing,Sneakers,2,2384.53,0.05,4530.61,-642.78
ORD-10493,2025-07-13,2025-07-18,Same Day,Home Office,North,Lucknow,Electronics,Laptop,7,26217.25,0.0,183520.75,47215.3
ORD-10494,2024-09-06,2024-09-08,Same Day,Corporate,West,Pune,Home & Kitchen,Storage Box,5,5891.59,0.05,27985.05,3350.37
ORD-10495,2024-06-13,2024-06-19,Same Day,Consumer,West,Ahmedabad,Clothing,Jeans,7,2036.23,0.0,14253.61,1342.16
ORD-10496,2024-07-10,2024-07-15,Same Day,Home Office,West,Surat,Groceries,Rice 5kg,6,74.28,0.05,423.4,-29.24
ORD-10497,2024-02-07,2024-02-11,Standard,Corporate,North,Chandigarh,Furniture,Bookshelf,4,17579.16,0.0,70316.64,18692.67
ORD-10498,2024-10-05,2024-10-09,Express,Corporate,West,Surat,Furniture,Study Table,2,17999.21,0.3,25198.89,3169.39
ORD-10499,2025-04-21,2025-04-22,Standard,Home Office,East,Bhubaneswar,Electronics,Laptop,2,26874.34,0.05,51061.25,5644.91
ORD-10500,2025-05-03,2025-05-04,Standard,Corporate,East,Bhubaneswar,Clothing,Formal Shirt,5,2854.23,0.0,14271.15,-3910.31
ORD-10501,2024-05-07,2024-05-12,Same Day,Corporate,South,Chennai,Clothing,Jacket,3,2417.75,0.0,7253.25,510.28
ORD-10502,2024-02-09,2024-02-12,Standard,Consumer,West,Ahmedabad,Clothing,Jeans,6,515.74,0.0,3094.44,362.06
ORD-10503,2024-10-14,2024-10-19,Express,Consumer,West,Mumbai,Groceries,Tea 500g,2,264.25,0.15,449.22,101.93
ORD-10504,2025-12-08,2025-12-10,Express,Home Office,North,Chandigarh,Home & Kitchen,Water Bottle,6,4837.29,0.0,29023.74,-4515.55
ORD-10505,2025-08-19,2025-08-21,Standard,Consumer,East,Bhubaneswar,Home & Kitchen,Water Bottle,5,2291.56,0.0,11457.8,-2779.46
ORD-10506,2025-11-25,2025-12-01,Express,Corporate,South,Chennai,Groceries,Rice 5kg,4,380.18,0.0,1520.72,261.26
ORD-10507,2024-09-30,2024-10-02,Express,Corporate,East,Guwahati,Groceries,Atta 5kg,2,330.07,0.05,627.13,-122.59
ORD-10508,2024-09-02,2024-09-05,Same Day,Home Office,South,Hyderabad,Groceries,Atta 5kg,7,206.24,0.3,1010.58,-202.52
ORD-10509,2025-10-27,2025-11-01,Express,Home Office,West,Surat,Electronics,Smartwatch,3,17505.98,0.05,49892.04,7836.49
ORD-10510,2025-01-14,2025-01-17,Same Day,Consumer,South,Coimbatore,Home & Kitchen,Storage Box,3,5322.64,0.0,15967.92,4652.29
ORD-10511,2025-04-14,2025-04-16,Same Day,Consumer,North,Chandigarh,Groceries,Snacks Pack,2,412.21,0.0,824.42,53.64
ORD-10512,2024-04-03,2024-04-09,Express,Home Office,East,Bhubaneswar,Furniture,Bookshelf,1,9333.85,0.05,8867.16,-667.15
ORD-10513,2025-10-02,2025-10-03,Standard,Corporate,North,Delhi,Electronics,Smartphone,1,12888.88,0.1,11599.99,1158.17
ORD-10514,2024-11-12,2024-11-15,Standard,Consumer,East,Patna,Clothing,Formal Shirt,2,3121.89,0.1,5619.4,1256.55
ORD-10515,2025-10-28,2025-10-29,Express,Home Office,North,Delhi,Furniture,Study Table,1,11456.52,0.05,10883.69,1883.98
ORD-10516,2024-08-17,2024-08-23,Express,Home Office,East,Kolkata,Clothing,Sneakers,4,2919.69,0.0,11678.76,1873.88
ORD-10517,2024-03-23,2024-03-25,Standard,Consumer,South,Bengaluru,Home & Kitchen,Water Bottle,4,3209.49,0.0,12837.96,-2945.12
ORD-10518,2025-06-06,2025-06-11,Express,Consumer,North,Delhi,Clothing,Jacket,6,3357.3,0.0,20143.8,5490.0
ORD-10519,2024-01-06,2024-01-07,Same Day,Consumer,East,Guwahati,Furniture,Bookshelf,4,19419.58,0.0,77678.32,16674.09
ORD-10520,2025-04-26,2025-04-29,Standard,Corporate,South,Bengaluru,Home & Kitchen,Non-stick Pan,2,369.8,0.15,628.66,82.76
ORD-10521,2025-05-06,2025-05-12,Same Day,Home Office,South,Bengaluru,Furniture,Bookshelf,4,2936.87,0.3,8223.24,-1051.14
ORD-10522,2024-05-10,2024-05-12,Standard,Corporate,East,Kolkata,Electronics,Smartphone,4,44301.41,0.0,177205.64,6844.14
ORD-10523,2024-04-14,2024-04-20,Standard,Home Office,South,Bengaluru,Furniture,Office Chair,1,8303.55,0.1,7473.2,774.61
ORD-10524,2025-03-04,2025-03-05,Same Day,Consumer,West,Surat,Groceries,Cooking Oil 1L,7,192.36,0.3,942.56,176.76
ORD-10525,2024-08-02,2024-08-08,Express,Consumer,North,Delhi,Electronics,Tablet,7,10855.76,0.0,75990.32,6112.15
ORD-10526,2024-03-27,2024-03-31,Express,Corporate,East,Patna,Clothing,Formal Shirt,5,2311.39,0.0,11556.95,2260.81
ORD-10527,2024-06-15,2024-06-19,Standard,Consumer,South,Bengaluru,Home & Kitchen,LED Bulb,3,1314.88,0.3,2761.25,268.37
ORD-10528,2025-12-06,2025-12-12,Standard,Corporate,East,Bhubaneswar,Clothing,Sneakers,2,2890.38,0.2,4624.61,329.2
ORD-10529,2025-02-05,2025-02-06,Same Day,Corporate,East,Kolkata,Home & Kitchen,Non-stick Pan,3,918.97,0.0,2756.91,91.86
ORD-10530,2025-01-06,2025-01-07,Express,Consumer,South,Chennai,Home & Kitchen,LED Bulb,1,4908.45,0.0,4908.45,178.24
ORD-10531,2024-05-26,2024-06-01,Standard,Home Office,East,Patna,Clothing,Jacket,3,587.44,0.0,1762.32,284.49
ORD-10532,2025-05-27,2025-05-29,Standard,Consumer,East,Kolkata,Furniture,Sofa,1,6740.16,0.0,6740.16,372.77
ORD-10533,2025-06-25,2025-06-29,Standard,Consumer,West,Surat,Groceries,Tea 500g,4,577.34,0.1,2078.42,346.98
ORD-10534,2024-04-09,2024-04-14,Express,Home Office,East,Guwahati,Furniture,Sofa,6,12970.92,0.0,77825.52,11336.43
ORD-10535,2024-02-01,2024-02-02,Express,Home Office,North,Chandigarh,Home & Kitchen,Storage Box,5,4999.56,0.0,24997.8,2835.44
ORD-10536,2025-10-08,2025-10-11,Express,Corporate,West,Pune,Clothing,Jacket,4,2936.26,0.15,9983.28,747.28
ORD-10537,2025-10-29,2025-10-31,Standard,Home Office,North,Lucknow,Clothing,Formal Shirt,1,917.07,0.0,917.07,82.74
ORD-10538,2024-08-15,2024-08-16,Standard,Corporate,West,Mumbai,Groceries,Cooking Oil 1L,6,297.2,0.0,1783.2,176.73
ORD-10539,2024-01-22,2024-01-25,Same Day,Home Office,North,Delhi,Furniture,Study Table,2,20541.85,0.2,32866.96,1325.48
ORD-10540,2025-03-11,2025-03-13,Standard,Home Office,East,Bhubaneswar,Furniture,Study Table,5,3394.14,0.0,16970.7,2565.85
ORD-10541,2024-05-16,2024-05-17,Standard,Corporate,North,Chandigarh,Electronics,Smartwatch,5,27142.69,0.3,94999.41,-9296.34
ORD-10542,2025-10-26,2025-11-01,Standard,Corporate,West,Ahmedabad,Furniture,Bed Frame,5,12944.09,0.0,64720.45,12118.15
ORD-10543,2025-01-20,2025-01-23,Express,Corporate,East,Bhubaneswar,Electronics,Headphones,2,43790.04,0.0,87580.08,15691.09
ORD-10544,2025-06-09,2025-06-14,Same Day,Consumer,East,Kolkata,Home & Kitchen,Non-stick Pan,3,3466.48,0.1,9359.5,-779.09
ORD-10545,2024-12-21,2024-12-24,Standard,Consumer,North,Lucknow,Furniture,Bookshelf,6,19774.99,0.05,112717.44,-20755.74
ORD-10546,2024-09-03,2024-09-04,Same Day,Corporate,South,Hyderabad,Clothing,Jeans,2,782.87,0.3,1096.02,-111.54
ORD-10547,2024-09-28,2024-10-02,Standard,Consumer,West,Mumbai,Groceries,Snacks Pack,6,191.61,0.1,1034.69,-92.98
ORD-10548,2025-04-09,2025-04-12,Express,Home Office,East,Guwahati,Home & Kitchen,LED Bulb,5,754.67,0.1,3396.02,357.66
ORD-10549,2024-09-10,2024-09-16,Standard,Corporate,East,Bhubaneswar,Clothing,Sneakers,4,1123.45,0.05,4269.11,340.5
ORD-10550,2024-03-03,2024-03-04,Standard,Consumer,North,Chandigarh,Clothing,Jeans,3,2410.57,0.05,6870.12,841.17
ORD-10551,2024-11-02,2024-11-06,Same Day,Home Office,East,Kolkata,Home & Kitchen,Non-stick Pan,6,4870.4,0.15,24839.04,5863.84
ORD-10552,2024-07-11,2024-07-16,Express,Home Office,West,Pune,Groceries,Cooking Oil 1L,5,134.93,0.2,539.72,-23.41
ORD-10553,2024-10-26,2024-10-29,Same Day,Corporate,East,Patna,Groceries,Tea 500g,6,494.65,0.0,2967.9,383.16
ORD-10554,2025-05-01,2025-05-04,Express,Corporate,West,Mumbai,Groceries,Snacks Pack,7,377.01,0.0,2639.07,-350.46
ORD-10555,2024-06-11,2024-06-13,Same Day,Home Office,North,Chandigarh,Clothing,Formal Shirt,1,2641.52,0.0,2641.52,612.05
ORD-10556,2025-02-15,2025-02-19,Same Day,Home Office,South,Coimbatore,Furniture,Study Table,5,14616.7,0.2,58466.8,13252.64
ORD-10557,2025-12-18,2025-12-22,Express,Home Office,West,Surat,Furniture,Office Chair,7,12976.07,0.15,77207.62,14648.0
ORD-10558,2025-02-24,2025-02-27,Standard,Corporate,North,Lucknow,Electronics,Tablet,4,32964.02,0.3,92299.26,11222.5
ORD-10559,2025-08-23,2025-08-24,Express,Home Office,West,Surat,Home & Kitchen,Mixer Grinder,6,4668.76,0.2,22410.05,-2596.92
ORD-10560,2024-02-09,2024-02-10,Express,Home Office,South,Hyderabad,Electronics,Tablet,1,16572.67,0.2,13258.14,2068.53
ORD-10561,2024-10-18,2024-10-23,Standard,Corporate,South,Coimbatore,Clothing,Jacket,2,2915.87,0.1,5248.57,1081.43
ORD-10562,2024-01-05,2024-01-08,Express,Consumer,West,Ahmedabad,Furniture,Bed Frame,7,2627.52,0.1,16553.38,-1855.29
ORD-10563,2024-06-04,2024-06-08,Express,Home Office,North,Lucknow,Electronics,Laptop,5,54132.03,0.1,243594.14,13407.71
ORD-10564,2025-06-23,2025-06-25,Express,Consumer,East,Kolkata,Home & Kitchen,Mixer Grinder,5,5785.37,0.0,28926.85,3226.58
ORD-10565,2025-12-16,2025-12-22,Standard,Consumer,North,Delhi,Clothing,Jeans,7,3055.87,0.05,20321.54,1769.12
ORD-10566,2024-07-18,2024-07-19,Standard,Home Office,South,Bengaluru,Furniture,Office Chair,6,23789.83,0.2,114191.18,12322.39
ORD-10567,2024-10-15,2024-10-18,Same Day,Consumer,East,Kolkata,Clothing,Formal Shirt,3,3000.57,0.0,9001.71,1883.93
ORD-10568,2024-07-17,2024-07-18,Same Day,Consumer,South,Coimbatore,Furniture,Study Table,4,21249.86,0.1,76499.5,7115.15
ORD-10569,2025-09-02,2025-09-05,Same Day,Home Office,East,Bhubaneswar,Home & Kitchen,Water Bottle,6,2223.64,0.0,13341.84,-995.64
ORD-10570,2025-05-10,2025-05-11,Standard,Consumer,West,Surat,Home & Kitchen,Water Bottle,7,2575.19,0.15,15322.38,4819.09
ORD-10571,2025-12-12,2025-12-18,Same Day,Corporate,East,Bhubaneswar,Home & Kitchen,Water Bottle,6,2707.4,0.2,12995.52,1054.21
ORD-10572,2024-06-18,2024-06-20,Standard,Corporate,West,Surat,Electronics,Smartwatch,3,43203.52,0.0,129610.56,31264.58
ORD-10573,2024-06-02,2024-06-06,Express,Consumer,South,Hyderabad,Electronics,Tablet,6,48810.0,0.1,263574.0,-19030.66
ORD-10574,2025-02-20,2025-02-23,Same Day,Corporate,East,Kolkata,Home & Kitchen,Mixer Grinder,3,3171.38,0.0,9514.14,2123.58
ORD-10575,2024-04-11,2024-04-12,Express,Corporate,North,Delhi,Home & Kitchen,Storage Box,7,2333.92,0.3,11436.21,505.93
ORD-10576,2024-08-25,2024-08-27,Same Day,Home Office,South,Hyderabad,Groceries,Cooking Oil 1L,4,487.79,0.1,1756.04,471.77
ORD-10577,2024-03-06,2024-03-09,Express,Home Office,North,Chandigarh,Home & Kitchen,Mixer Grinder,4,1289.81,0.3,3611.47,764.82
ORD-10578,2025-04-25,2025-05-01,Express,Corporate,West,Ahmedabad,Home & Kitchen,Storage Box,1,1518.96,0.05,1443.01,169.72
ORD-10579,2025-05-30,2025-05-31,Same Day,Corporate,West,Mumbai,Furniture,Study Table,6,8968.91,0.0,53813.46,8509.17
ORD-10580,2025-04-01,2025-04-06,Same Day,Corporate,North,Chandigarh,Home & Kitchen,Storage Box,4,5927.02,0.0,23708.08,-2310.48
ORD-10581,2025-03-25,2025-03-29,Same Day,Home Office,West,Ahmedabad,Furniture,Bed Frame,3,3123.78,0.1,8434.21,-502.92
ORD-10582,2025-02-03,2025-02-05,Same Day,Home Office,South,Coimbatore,Clothing,T-Shirt,1,3230.03,0.1,2907.03,-101.45
ORD-10583,2024-06-18,2024-06-23,Same Day,Home Office,South,Bengaluru,Furniture,Sofa,4,18529.14,0.1,66704.9,19767.53
ORD-10584,2024-03-26,2024-03-28,Express,Corporate,West,Surat,Electronics,Smartphone,3,17124.84,0.15,43668.34,3072.99
ORD-10585,2024-06-02,2024-06-05,Express,Consumer,East,Patna,Electronics,Tablet,7,32582.31,0.05,216672.36,23348.8
ORD-10586,2024-10-20,2024-10-25,Same Day,Home Office,West,Pune,Furniture,Bookshelf,2,24329.15,0.15,41359.56,6700.65
ORD-10587,2025-01-31,2025-02-03,Same Day,Home Office,South,Coimbatore,Furniture,Bookshelf,1,6865.49,0.0,6865.49,-939.91
ORD-10588,2024-12-22,2024-12-23,Standard,Consumer,South,Hyderabad,Home & Kitchen,Mixer Grinder,4,3359.92,0.0,13439.68,1639.9
ORD-10589,2024-02-29,2024-03-01,Express,Home Office,West,Mumbai,Clothing,Formal Shirt,5,2596.1,0.1,11682.45,2551.49
ORD-10590,2025-10-16,2025-10-19,Standard,Corporate,East,Bhubaneswar,Electronics,Smartphone,1,11412.28,0.0,11412.28,-2193.29
ORD-10591,2025-04-26,2025-04-27,Same Day,Home Office,South,Chennai,Home & Kitchen,Storage Box,3,657.42,0.05,1873.65,124.42
ORD-10592,2024-04-03,2024-04-06,Standard,Home Office,South,Bengaluru,Furniture,Bed Frame,2,6970.08,0.05,13243.15,1931.04
ORD-10593,2025-11-13,2025-11-17,Same Day,Home Office,North,Chandigarh,Electronics,Laptop,6,33211.85,0.1,179343.99,-17672.34
ORD-10594,2024-03-10,2024-03-11,Standard,Home Office,West,Ahmedabad,Groceries,Cooking Oil 1L,6,103.09,0.1,556.69,56.16
ORD-10595,2024-12-23,2024-12-25,Express,Corporate,West,Surat,Clothing,T-Shirt,3,2408.46,0.1,6502.84,187.39
ORD-10596,2024-09-18,2024-09-19,Express,Corporate,South,Bengaluru,Home & Kitchen,Non-stick Pan,7,4027.16,0.2,22552.1,2670.71
ORD-10597,2025-01-26,2025-01-28,Express,Home Office,West,Pune,Furniture,Bookshelf,1,14385.15,0.1,12946.64,2503.36
ORD-10598,2024-01-29,2024-02-02,Express,Corporate,East,Patna,Home & Kitchen,Non-stick Pan,1,1310.8,0.3,917.56,-104.58
ORD-10599,2024-11-22,2024-11-26,Same Day,Home Office,South,Bengaluru,Clothing,Jeans,3,3240.8,0.05,9236.28,806.21
ORD-10600,2024-01-15,2024-01-18,Express,Consumer,South,Chennai,Electronics,Smartphone,7,59998.66,0.3,293993.43,49021.56
ORD-10601,2024-02-24,2024-02-28,Express,Consumer,West,Ahmedabad,Clothing,T-Shirt,3,3389.81,0.05,9660.96,1680.08
ORD-10602,2024-02-13,2024-02-18,Standard,Consumer,West,Pune,Groceries,Tea 500g,4,60.83,0.1,218.99,24.1
ORD-10603,2024-04-01,2024-04-03,Same Day,Corporate,West,Surat,Groceries,Tea 500g,6,265.2,0.05,1511.64,171.01
ORD-10604,2025-08-23,2025-08-24,Same Day,Consumer,South,Chennai,Furniture,Bookshelf,7,16913.34,0.05,112473.71,4153.18
ORD-10605,2024-08-19,2024-08-25,Same Day,Consumer,West,Ahmedabad,Groceries,Cooking Oil 1L,5,226.86,0.0,1134.3,-233.23
ORD-10606,2024-03-28,2024-03-29,Standard,Consumer,North,Delhi,Furniture,Bed Frame,7,16579.25,0.0,116054.75,-5734.07
ORD-10607,2025-11-06,2025-11-12,Express,Corporate,West,Surat,Groceries,Rice 5kg,6,138.27,0.0,829.62,-102.82
ORD-10608,2025-12-29,2026-01-03,Express,Corporate,West,Pune,Clothing,T-Shirt,3,2914.68,0.15,7432.43,1362.8
ORD-10609,2024-01-27,2024-02-02,Same Day,Consumer,South,Coimbatore,Electronics,Headphones,3,53993.32,0.1,145781.96,40506.82
ORD-10610,2025-05-02,2025-05-05,Same Day,Corporate,North,Chandigarh,Clothing,Formal Shirt,6,2651.25,0.0,15907.5,741.77
ORD-10611,2024-09-06,2024-09-07,Standard,Home Office,South,Coimbatore,Clothing,Formal Shirt,7,2576.08,0.0,18032.56,1145.84
ORD-10612,2025-11-23,2025-11-27,Same Day,Home Office,West,Pune,Furniture,Office Chair,1,9524.6,0.05,9048.37,986.21
ORD-10613,2025-05-20,2025-05-25,Express,Home Office,East,Kolkata,Clothing,Jacket,7,2859.53,0.0,20016.71,-4291.46
ORD-10614,2025-04-22,2025-04-27,Express,Corporate,East,Bhubaneswar,Electronics,Smartwatch,4,46639.04,0.0,186556.16,43221.87
ORD-10615,2024-02-08,2024-02-12,Same Day,Corporate,North,Chandigarh,Clothing,Formal Shirt,2,2476.38,0.3,3466.93,148.31
ORD-10616,2025-05-06,2025-05-10,Standard,Corporate,North,Chandigarh,Furniture,Office Chair,1,11392.15,0.0,11392.15,1893.31
ORD-10617,2025-12-01,2025-12-02,Express,Home Office,South,Hyderabad,Home & Kitchen,Water Bottle,7,2426.27,0.15,14436.31,3208.83
ORD-10618,2024-11-06,2024-11-08,Same Day,Home Office,South,Chennai,Furniture,Sofa,1,21110.26,0.1,18999.23,-891.03
ORD-10619,2025-11-24,2025-11-27,Express,Consumer,East,Kolkata,Furniture,Study Table,7,17063.51,0.1,107500.11,27752.58
ORD-10620,2024-11-17,2024-11-19,Express,Home Office,South,Chennai,Clothing,Jacket,4,3223.64,0.0,12894.56,2020.82
ORD-10621,2024-11-20,2024-11-26,Express,Home Office,East,Bhubaneswar,Electronics,Tablet,5,26332.48,0.2,105329.92,-22463.59
ORD-10622,2024-07-04,2024-07-09,Standard,Home Office,North,Chandigarh,Groceries,Cooking Oil 1L,1,430.28,0.0,430.28,32.12
ORD-10623,2025-10-03,2025-10-06,Same Day,Home Office,North,Delhi,Clothing,Formal Shirt,5,1313.43,0.0,6567.15,-909.98
ORD-10624,2025-09-10,2025-09-15,Standard,Consumer,West,Surat,Furniture,Study Table,5,6067.52,0.0,30337.6,6545.68
ORD-10625,2025-12-07,2025-12-09,Standard,Home Office,West,Surat,Home & Kitchen,Non-stick Pan,5,5686.95,0.05,27013.01,-1270.01
ORD-10626,2025-05-27,2025-05-31,Express,Home Office,North,Jaipur,Clothing,Jacket,3,3415.7,0.1,9222.39,839.37
ORD-10627,2025-03-20,2025-03-22,Express,Consumer,East,Guwahati,Clothing,T-Shirt,3,2526.56,0.2,6063.74,883.3
ORD-10628,2025-06-08,2025-06-11,Standard,Home Office,West,Pune,Furniture,Bed Frame,7,3606.88,0.0,25248.16,2084.58
ORD-10629,2024-07-06,2024-07-10,Express,Home Office,West,Surat,Electronics,Headphones,7,16783.5,0.05,111610.28,-15790.51
ORD-10630,2024-04-02,2024-04-08,Express,Corporate,North,Delhi,Groceries,Tea 500g,4,431.82,0.3,1209.1,84.1
ORD-10631,2025-11-27,2025-11-28,Express,Corporate,South,Hyderabad,Electronics,Smartwatch,1,56981.81,0.3,39887.27,1758.81
ORD-10632,2024-06-09,2024-06-11,Same Day,Consumer,West,Pune,Groceries,Rice 5kg,4,260.9,0.05,991.42,70.1
ORD-10633,2024-09-18,2024-09-21,Same Day,Home Office,West,Ahmedabad,Groceries,Snacks Pack,3,505.88,0.15,1289.99,-116.76
ORD-10634,2024-10-26,2024-10-29,Standard,Home Office,East,Guwahati,Home & Kitchen,LED Bulb,7,4014.23,0.15,23884.67,5535.02
ORD-10635,2024-02-28,2024-03-01,Standard,Home Office,North,Delhi,Groceries,Atta 5kg,2,88.5,0.0,177.0,25.46
ORD-10636,2024-06-16,2024-06-17,Express,Home Office,South,Chennai,Groceries,Snacks Pack,2,378.5,0.15,643.45,-72.11
ORD-10637,2025-12-08,2025-12-12,Standard,Consumer,West,Ahmedabad,Furniture,Bed Frame,1,17590.88,0.0,17590.88,3681.24
ORD-10638,2025-05-19,2025-05-25,Standard,Home Office,West,Pune,Electronics,Smartphone,6,31351.81,0.0,188110.86,19790.4
ORD-10639,2025-05-12,2025-05-18,Standard,Corporate,East,Guwahati,Clothing,Formal Shirt,3,3178.17,0.3,6674.16,-1820.54
ORD-10640,2025-11-22,2025-11-28,Express,Home Office,West,Pune,Home & Kitchen,Mixer Grinder,4,2232.91,0.0,8931.64,1066.15
ORD-10641,2025-12-28,2026-01-01,Same Day,Consumer,South,Coimbatore,Home & Kitchen,Non-stick Pan,3,5088.48,0.0,15265.44,2971.36
ORD-10642,2025-05-09,2025-05-10,Express,Consumer,North,Delhi,Electronics,Headphones,2,46189.35,0.1,83140.83,19634.4
ORD-10643,2025-07-27,2025-07-30,Same Day,Consumer,West,Pune,Home & Kitchen,LED Bulb,3,2120.17,0.3,4452.36,160.15
ORD-10644,2024-12-25,2024-12-31,Express,Home Office,South,Chennai,Home & Kitchen,Water Bottle,2,1493.09,0.15,2538.25,675.35
ORD-10645,2025-10-20,2025-10-23,Express,Consumer,North,Jaipur,Home & Kitchen,Storage Box,6,4344.88,0.15,22158.89,4297.68
ORD-10646,2025-02-01,2025-02-05,Same Day,Home Office,East,Bhubaneswar,Home & Kitchen,Non-stick Pan,2,2718.53,0.0,5437.06,465.36
ORD-10647,2024-03-11,2024-03-14,Same Day,Consumer,East,Kolkata,Home & Kitchen,Non-stick Pan,4,3591.42,0.3,10055.98,856.01
ORD-10648,2024-05-06,2024-05-10,Standard,Home Office,North,Delhi,Electronics,Smartphone,3,5308.22,0.05,15128.43,2292.38
ORD-10649,2025-07-29,2025-07-31,Standard,Home Office,West,Mumbai,Clothing,Sneakers,1,1205.88,0.15,1025.0,148.97
ORD-10650,2025-11-21,2025-11-22,Same Day,Home Office,West,Surat,Electronics,Smartwatch,7,35568.65,0.3,174286.38,27412.0
ORD-10651,2024-01-30,2024-02-02,Express,Consumer,North,Chandigarh,Groceries,Tea 500g,2,490.16,0.1,882.29,87.41
ORD-10652,2024-02-02,2024-02-05,Same Day,Consumer,East,Bhubaneswar,Furniture,Office Chair,2,8517.72,0.3,11924.81,1218.83
ORD-10653,2025-03-13,2025-03-17,Express,Consumer,South,Hyderabad,Groceries,Atta 5kg,4,168.11,0.3,470.71,56.08
ORD-10654,2024-06-18,2024-06-20,Standard,Consumer,South,Coimbatore,Furniture,Bookshelf,5,24450.69,0.15,103915.43,18213.89
ORD-10655,2025-12-07,2025-12-13,Same Day,Home Office,West,Ahmedabad,Furniture,Bookshelf,6,7857.29,0.1,42429.37,4947.03
ORD-10656,2024-10-28,2024-10-31,Same Day,Consumer,West,Pune,Home & Kitchen,Mixer Grinder,5,3259.15,0.15,13851.39,1141.63
ORD-10657,2024-08-26,2024-08-27,Express,Home Office,South,Coimbatore,Home & Kitchen,Non-stick Pan,5,3933.18,0.1,17699.31,5907.49
ORD-10658,2025-05-02,2025-05-07,Standard,Consumer,West,Mumbai,Furniture,Office Chair,1,15201.56,0.3,10641.09,-1516.56
ORD-10659,2024-10-28,2024-10-29,Standard,Consumer,East,Patna,Electronics,Smartphone,1,39849.97,0.3,27894.98,8542.94
ORD-10660,2025-01-14,2025-01-18,Standard,Consumer,West,Surat,Furniture,Bed Frame,1,24875.76,0.05,23631.97,1182.53
ORD-10661,2025-01-13,2025-01-16,Express,Home Office,South,Chennai,Home & Kitchen,LED Bulb,5,4629.09,0.2,18516.36,2209.06
ORD-10662,2025-08-27,2025-08-30,Same Day,Consumer,East,Guwahati,Groceries,Atta 5kg,7,242.12,0.05,1610.1,475.86
ORD-10663,2025-04-27,2025-04-30,Standard,Corporate,East,Bhubaneswar,Home & Kitchen,LED Bulb,6,3173.83,0.3,13330.09,763.06
ORD-10664,2025-10-29,2025-10-30,Standard,Corporate,North,Lucknow,Furniture,Bed Frame,6,12559.84,0.2,60287.23,4028.27
ORD-10665,2025-12-26,2025-12-31,Same Day,Consumer,South,Bengaluru,Home & Kitchen,Non-stick Pan,5,2413.21,0.05,11462.75,-2573.07
ORD-10666,2024-01-23,2024-01-25,Express,Home Office,North,Jaipur,Furniture,Bookshelf,4,22017.76,0.0,88071.04,5891.25
ORD-10667,2025-07-06,2025-07-08,Same Day,Corporate,East,Patna,Electronics,Headphones,5,29325.65,0.2,117302.6,12202.53
ORD-10668,2024-03-20,2024-03-21,Standard,Consumer,North,Chandigarh,Groceries,Atta 5kg,2,507.59,0.0,1015.18,47.92
ORD-10669,2025-05-30,2025-06-05,Standard,Corporate,North,Jaipur,Groceries,Snacks Pack,6,113.54,0.0,681.24,-63.59
ORD-10670,2024-12-19,2024-12-22,Standard,Corporate,North,Chandigarh,Clothing,Formal Shirt,7,1436.41,0.05,9552.13,750.29
ORD-10671,2025-01-30,2025-02-03,Express,Consumer,South,Hyderabad,Electronics,Tablet,3,26243.59,0.05,74794.23,7495.46
ORD-10672,2025-03-01,2025-03-05,Same Day,Home Office,North,Lucknow,Clothing,T-Shirt,5,2574.34,0.15,10940.94,3004.62
ORD-10673,2024-11-10,2024-11-14,Same Day,Corporate,West,Mumbai,Groceries,Atta 5kg,4,441.92,0.2,1414.14,-269.75
ORD-10674,2025-04-09,2025-04-13,Standard,Corporate,North,Chandigarh,Electronics,Laptop,6,56673.94,0.0,340043.64,-82506.61
ORD-10675,2024-08-13,2024-08-17,Same Day,Corporate,West,Surat,Clothing,Jeans,4,477.98,0.3,1338.34,265.12
ORD-10676,2025-08-05,2025-08-08,Standard,Home Office,East,Kolkata,Electronics,Smartwatch,6,19505.83,0.0,117034.98,16505.53
ORD-10677,2025-12-21,2025-12-27,Same Day,Corporate,West,Mumbai,Home & Kitchen,Mixer Grinder,2,4037.64,0.3,5652.7,1008.01
ORD-10678,2025-04-25,2025-04-28,Standard,Consumer,East,Kolkata,Groceries,Atta 5kg,4,248.46,0.0,993.84,-89.16
ORD-10679,2024-10-10,2024-10-12,Same Day,Home Office,West,Surat,Clothing,Jacket,1,940.18,0.0,940.18,257.52
ORD-10680,2024-02-16,2024-02-18,Express,Consumer,East,Kolkata,Groceries,Cooking Oil 1L,2,382.81,0.0,765.62,193.25
ORD-10681,2025-11-02,2025-11-03,Standard,Home Office,East,Guwahati,Groceries,Rice 5kg,7,182.14,0.1,1147.48,270.2
ORD-10682,2024-12-31,2025-01-02,Express,Consumer,East,Patna,Furniture,Office Chair,4,5744.65,0.0,22978.6,5533.83
ORD-10683,2024-02-08,2024-02-14,Standard,Consumer,South,Coimbatore,Furniture,Sofa,7,16767.23,0.15,99765.02,15066.58
ORD-10684,2025-11-23,2025-11-28,Same Day,Corporate,South,Chennai,Furniture,Office Chair,2,9225.1,0.2,14760.16,2770.76
ORD-10685,2024-09-02,2024-09-06,Standard,Home Office,North,Lucknow,Furniture,Sofa,4,5348.75,0.15,18185.75,-3532.94
ORD-10686,2025-09-24,2025-09-26,Express,Home Office,South,Hyderabad,Clothing,Jacket,3,2552.36,0.15,6508.52,-1324.85
ORD-10687,2024-05-29,2024-06-02,Express,Consumer,West,Mumbai,Groceries,Cooking Oil 1L,2,343.91,0.1,619.04,107.47
ORD-10688,2024-11-15,2024-11-19,Standard,Corporate,North,Jaipur,Groceries,Rice 5kg,4,92.34,0.3,258.55,45.16
ORD-10689,2025-09-23,2025-09-27,Standard,Home Office,East,Kolkata,Furniture,Study Table,3,11635.49,0.3,24434.53,2085.45
ORD-10690,2025-04-14,2025-04-20,Same Day,Corporate,South,Hyderabad,Electronics,Tablet,5,34910.29,0.0,174551.45,15953.99
ORD-10691,2025-08-21,2025-08-22,Express,Home Office,East,Bhubaneswar,Groceries,Snacks Pack,2,52.87,0.05,100.45,5.21
ORD-10692,2024-10-13,2024-10-14,Standard,Corporate,West,Mumbai,Electronics,Smartphone,2,59392.3,0.15,100966.91,9165.03
ORD-10693,2024-08-07,2024-08-09,Standard,Home Office,West,Surat,Home & Kitchen,Storage Box,3,3513.81,0.0,10541.43,1197.54
ORD-10694,2025-12-25,2025-12-28,Express,Consumer,East,Guwahati,Electronics,Headphones,5,28227.34,0.0,141136.7,28838.1
ORD-10695,2024-12-10,2024-12-15,Standard,Home Office,South,Coimbatore,Furniture,Sofa,6,5122.73,0.2,24589.1,2712.48
ORD-10696,2024-07-06,2024-07-07,Standard,Consumer,South,Chennai,Home & Kitchen,LED Bulb,4,3091.32,0.0,12365.28,1135.11
ORD-10697,2024-11-05,2024-11-07,Same Day,Corporate,South,Hyderabad,Clothing,Jeans,5,798.75,0.0,3993.75,350.26
ORD-10698,2025-07-28,2025-07-29,Same Day,Corporate,West,Pune,Electronics,Smartwatch,1,12909.44,0.0,12909.44,3032.84
ORD-10699,2024-11-18,2024-11-24,Standard,Home Office,East,Guwahati,Groceries,Cooking Oil 1L,1,258.11,0.0,258.11,55.35
ORD-10700,2024-09-01,2024-09-02,Same Day,Corporate,East,Guwahati,Groceries,Atta 5kg,1,362.04,0.15,307.73,84.02
ORD-10701,2025-01-14,2025-01-19,Express,Home Office,North,Chandigarh,Home & Kitchen,LED Bulb,2,2537.45,0.2,4059.92,-241.31
ORD-10702,2024-07-16,2024-07-17,Standard,Home Office,West,Surat,Furniture,Sofa,3,24643.77,0.0,73931.31,-16439.55
ORD-10703,2024-02-18,2024-02-20,Standard,Consumer,West,Pune,Electronics,Smartwatch,3,15384.13,0.2,36921.91,7995.2
ORD-10704,2025-04-26,2025-04-29,Standard,Corporate,North,Jaipur,Home & Kitchen,Storage Box,7,3677.98,0.05,24458.57,3195.38
ORD-10705,2024-04-27,2024-04-29,Same Day,Corporate,East,Bhubaneswar,Groceries,Rice 5kg,7,483.69,0.0,3385.83,-1059.45
ORD-10706,2025-03-04,2025-03-05,Same Day,Home Office,East,Patna,Home & Kitchen,Non-stick Pan,3,2489.88,0.0,7469.64,1570.78
ORD-10707,2025-03-03,2025-03-09,Standard,Consumer,South,Hyderabad,Clothing,Formal Shirt,4,2122.43,0.0,8489.72,1168.57
ORD-10708,2025-06-17,2025-06-23,Standard,Home Office,South,Hyderabad,Groceries,Rice 5kg,2,478.33,0.15,813.16,-166.21
ORD-10709,2024-07-18,2024-07-21,Standard,Home Office,South,Chennai,Furniture,Office Chair,6,6237.41,0.1,33682.01,2618.46
ORD-10710,2025-09-14,2025-09-17,Express,Consumer,West,Mumbai,Electronics,Headphones,4,6784.4,0.0,27137.6,-1321.08
ORD-10711,2025-08-15,2025-08-17,Standard,Consumer,East,Guwahati,Electronics,Smartwatch,5,30210.9,0.0,151054.5,-15820.1
ORD-10712,2025-03-12,2025-03-17,Same Day,Consumer,East,Patna,Electronics,Laptop,6,42823.69,0.1,231247.93,21485.87
ORD-10713,2024-03-02,2024-03-04,Express,Consumer,North,Jaipur,Electronics,Smartwatch,5,56937.15,0.0,284685.75,-25716.83
ORD-10714,2025-03-29,2025-04-03,Same Day,Corporate,North,Jaipur,Clothing,Formal Shirt,2,3089.33,0.15,5251.86,183.94
ORD-10715,2025-03-27,2025-03-30,Same Day,Home Office,North,Lucknow,Groceries,Snacks Pack,6,127.74,0.05,728.12,129.84
ORD-10716,2024-01-14,2024-01-18,Express,Consumer,North,Chandigarh,Home & Kitchen,LED Bulb,1,4263.64,0.3,2984.55,577.16
ORD-10717,2024-06-17,2024-06-19,Standard,Consumer,South,Hyderabad,Clothing,Jeans,2,2486.81,0.3,3481.53,563.88
ORD-10718,2025-05-30,2025-06-02,Standard,Consumer,West,Ahmedabad,Furniture,Office Chair,2,9345.42,0.2,14952.67,2355.73
ORD-10719,2025-07-09,2025-07-10,Same Day,Home Office,South,Chennai,Electronics,Tablet,6,38068.94,0.15,194151.59,-28484.88
ORD-10720,2025-12-14,2025-12-15,Same Day,Corporate,South,Chennai,Furniture,Office Chair,7,5250.78,0.0,36755.46,-6861.14
ORD-10721,2025-06-14,2025-06-20,Express,Consumer,South,Chennai,Electronics,Headphones,4,2019.49,0.0,8077.96,405.89
ORD-10722,2025-10-11,2025-10-12,Same Day,Home Office,North,Delhi,Home & Kitchen,Mixer Grinder,6,2028.81,0.0,12172.86,-2916.63
ORD-10723,2024-05-26,2024-05-30,Standard,Consumer,South,Coimbatore,Electronics,Tablet,7,6129.22,0.0,42904.54,7695.12
ORD-10724,2025-02-13,2025-02-19,Express,Corporate,North,Chandigarh,Electronics,Tablet,1,9649.65,0.05,9167.17,1576.18
ORD-10725,2024-12-11,2024-12-12,Same Day,Corporate,North,Lucknow,Electronics,Tablet,4,50418.77,0.2,161340.06,-46455.96
ORD-10726,2024-12-15,2024-12-17,Standard,Home Office,East,Bhubaneswar,Electronics,Laptop,5,22480.74,0.0,112403.7,23484.25
ORD-10727,2025-02-17,2025-02-18,Standard,Corporate,North,Jaipur,Clothing,Sneakers,6,1517.91,0.0,9107.46,330.81
ORD-10728,2025-08-21,2025-08-22,Standard,Home Office,West,Ahmedabad,Clothing,Formal Shirt,5,1090.13,0.2,4360.52,564.32
ORD-10729,2024-10-02,2024-10-04,Same Day,Home Office,East,Patna,Electronics,Headphones,2,44221.98,0.15,75177.37,8436.84
ORD-10730,2024-12-29,2025-01-03,Standard,Home Office,North,Delhi,Clothing,Jacket,6,2317.66,0.0,13905.96,-2922.58
ORD-10731,2024-12-11,2024-12-17,Same Day,Home Office,West,Pune,Furniture,Sofa,3,4153.78,0.0,12461.34,538.37
ORD-10732,2025-04-01,2025-04-06,Standard,Consumer,North,Jaipur,Electronics,Smartwatch,4,56722.78,0.05,215546.56,27337.43
ORD-10733,2024-04-01,2024-04-04,Standard,Consumer,North,Chandigarh,Groceries,Atta 5kg,2,109.15,0.3,152.81,24.56
ORD-10734,2025-05-10,2025-05-16,Express,Home Office,West,Pune,Clothing,Jeans,3,903.85,0.05,2575.97,85.82
ORD-10735,2025-12-03,2025-12-09,Same Day,Home Office,South,Bengaluru,Electronics,Headphones,5,3617.09,0.2,14468.36,3487.36
ORD-10736,2025-03-19,2025-03-22,Same Day,Corporate,East,Bhubaneswar,Groceries,Tea 500g,4,317.67,0.05,1207.15,96.49
ORD-10737,2024-12-08,2024-12-09,Same Day,Home Office,West,Surat,Groceries,Atta 5kg,3,279.02,0.0,837.06,158.08
ORD-10738,2024-04-08,2024-04-11,Express,Consumer,South,Chennai,Electronics,Smartwatch,6,58911.63,0.3,247428.85,31330.12
ORD-10739,2025-12-16,2025-12-21,Standard,Consumer,East,Guwahati,Electronics,Smartwatch,6,24333.35,0.2,116800.08,6737.52
ORD-10740,2025-05-13,2025-05-14,Standard,Home Office,East,Patna,Home & Kitchen,Mixer Grinder,3,3684.7,0.05,10501.39,1358.8
ORD-10741,2024-06-16,2024-06-18,Same Day,Home Office,South,Bengaluru,Clothing,Sneakers,7,2071.73,0.2,11601.69,1155.51
ORD-10742,2025-05-30,2025-06-01,Same Day,Corporate,East,Bhubaneswar,Electronics,Smartphone,6,28979.69,0.15,147796.42,-39114.52
ORD-10743,2024-01-14,2024-01-15,Standard,Consumer,West,Surat,Electronics,Smartphone,3,55662.99,0.0,166988.97,30703.84
ORD-10744,2025-02-13,2025-02-19,Express,Consumer,North,Delhi,Electronics,Tablet,3,52172.21,0.2,125213.3,34158.64
ORD-10745,2024-08-01,2024-08-06,Standard,Consumer,East,Bhubaneswar,Electronics,Laptop,6,2282.27,0.1,12324.26,-2333.67
ORD-10746,2024-07-04,2024-07-10,Same Day,Corporate,West,Surat,Electronics,Laptop,7,53384.67,0.0,373692.69,28437.9
ORD-10747,2025-06-29,2025-07-03,Same Day,Home Office,North,Lucknow,Home & Kitchen,Mixer Grinder,4,3793.25,0.0,15173.0,2662.31
ORD-10748,2025-02-04,2025-02-05,Same Day,Consumer,West,Ahmedabad,Furniture,Office Chair,1,21230.88,0.0,21230.88,5409.65
ORD-10749,2024-02-16,2024-02-21,Standard,Consumer,North,Lucknow,Groceries,Cooking Oil 1L,5,406.79,0.15,1728.86,88.76
ORD-10750,2025-04-05,2025-04-09,Express,Corporate,West,Mumbai,Groceries,Rice 5kg,2,473.97,0.3,663.56,169.27
ORD-10751,2025-09-20,2025-09-22,Express,Corporate,West,Surat,Electronics,Smartphone,2,11565.64,0.0,23131.28,4222.24
ORD-10752,2025-08-19,2025-08-21,Same Day,Home Office,South,Coimbatore,Electronics,Laptop,5,50923.71,0.0,254618.55,70189.73
ORD-10753,2024-05-16,2024-05-20,Express,Consumer,West,Ahmedabad,Clothing,Jacket,5,1918.94,0.05,9114.96,1507.03
ORD-10754,2024-06-29,2024-07-03,Standard,Corporate,East,Bhubaneswar,Home & Kitchen,LED Bulb,4,614.2,0.05,2333.96,309.74
ORD-10755,2025-11-25,2025-11-30,Express,Corporate,West,Mumbai,Furniture,Bookshelf,2,13415.91,0.15,22807.05,4108.2
ORD-10756,2025-07-04,2025-07-06,Express,Corporate,West,Ahmedabad,Electronics,Smartphone,4,56976.72,0.0,227906.88,29563.03
ORD-10757,2024-05-28,2024-06-03,Same Day,Consumer,North,Chandigarh,Groceries,Snacks Pack,4,148.44,0.15,504.7,88.49
ORD-10758,2024-07-18,2024-07-20,Same Day,Corporate,South,Bengaluru,Home & Kitchen,Non-stick Pan,2,4121.08,0.3,5769.51,174.27
ORD-10759,2024-07-29,2024-08-04,Standard,Consumer,West,Ahmedabad,Home & Kitchen,LED Bulb,5,3938.94,0.0,19694.7,-4442.69
ORD-10760,2025-01-08,2025-01-09,Express,Consumer,East,Guwahati,Home & Kitchen,LED Bulb,3,1216.5,0.2,2919.6,237.8
ORD-10761,2024-11-20,2024-11-25,Express,Consumer,West,Ahmedabad,Clothing,Sneakers,2,2168.26,0.0,4336.52,224.14
ORD-10762,2024-07-01,2024-07-02,Same Day,Consumer,East,Bhubaneswar,Electronics,Headphones,7,53247.05,0.2,298183.48,13411.91
ORD-10763,2025-11-09,2025-11-13,Express,Consumer,South,Hyderabad,Electronics,Smartphone,4,16845.55,0.2,53905.76,-16280.32
ORD-10764,2024-06-21,2024-06-23,Express,Consumer,West,Mumbai,Electronics,Smartphone,7,57305.28,0.0,401136.96,79397.43
ORD-10765,2025-11-29,2025-12-05,Same Day,Corporate,South,Chennai,Electronics,Smartwatch,1,10046.89,0.0,10046.89,1445.43
ORD-10766,2024-02-11,2024-02-14,Same Day,Consumer,West,Surat,Groceries,Snacks Pack,4,397.77,0.0,1591.08,239.63
ORD-10767,2024-03-06,2024-03-10,Same Day,Consumer,West,Mumbai,Electronics,Smartwatch,4,5804.62,0.0,23218.48,4509.3
ORD-10768,2025-01-20,2025-01-26,Express,Corporate,East,Guwahati,Electronics,Smartwatch,6,7202.95,0.0,43217.7,5739.07
ORD-10769,2024-05-11,2024-05-15,Same Day,Home Office,East,Kolkata,Furniture,Sofa,7,23707.05,0.05,157651.88,21366.21
ORD-10770,2025-04-07,2025-04-10,Same Day,Home Office,South,Bengaluru,Electronics,Smartphone,4,2095.0,0.15,7123.0,2079.28
ORD-10771,2024-04-18,2024-04-23,Standard,Home Office,East,Kolkata,Electronics,Laptop,2,40180.82,0.3,56253.15,10758.37
ORD-10772,2025-08-13,2025-08-17,Standard,Corporate,West,Surat,Furniture,Bed Frame,6,22579.79,0.1,121930.87,14648.75
ORD-10773,2024-02-04,2024-02-10,Express,Corporate,East,Guwahati,Furniture,Office Chair,4,20854.65,0.15,70905.81,10527.58
ORD-10774,2024-07-11,2024-07-14,Standard,Corporate,East,Patna,Electronics,Tablet,6,57998.69,0.0,347992.14,-87666.24
ORD-10775,2025-02-09,2025-02-10,Standard,Home Office,South,Hyderabad,Furniture,Sofa,4,15186.16,0.05,57707.41,-4943.51
ORD-10776,2025-09-22,2025-09-25,Standard,Consumer,South,Chennai,Electronics,Smartphone,4,12363.69,0.2,39563.81,4047.41
ORD-10777,2024-09-11,2024-09-12,Same Day,Consumer,West,Mumbai,Furniture,Bed Frame,1,4923.45,0.0,4923.45,808.15
ORD-10778,2025-09-19,2025-09-22,Standard,Corporate,East,Patna,Electronics,Smartwatch,4,16980.07,0.2,54336.22,-7249.85
ORD-10779,2025-10-25,2025-10-30,Express,Corporate,South,Chennai,Furniture,Study Table,3,8864.12,0.1,23933.12,895.87
ORD-10780,2024-05-11,2024-05-14,Express,Consumer,West,Pune,Groceries,Cooking Oil 1L,4,491.92,0.0,1967.68,575.53
ORD-10781,2024-06-24,2024-06-30,Same Day,Consumer,East,Guwahati,Furniture,Study Table,6,12083.6,0.0,72501.6,4642.18
ORD-10782,2025-06-21,2025-06-27,Express,Home Office,North,Jaipur,Clothing,T-Shirt,4,2549.67,0.1,9178.81,1889.11
ORD-10783,2024-05-16,2024-05-17,Express,Corporate,North,Delhi,Furniture,Sofa,6,6163.85,0.15,31435.64,3914.64
ORD-10784,2024-10-01,2024-10-04,Standard,Corporate,South,Hyderabad,Home & Kitchen,LED Bulb,2,3766.79,0.2,6026.86,433.74
ORD-10785,2024-08-25,2024-08-26,Standard,Home Office,West,Ahmedabad,Electronics,Smartwatch,1,14624.09,0.15,12430.48,-2407.09
ORD-10786,2025-04-04,2025-04-08,Standard,Corporate,South,Bengaluru,Home & Kitchen,Non-stick Pan,2,4972.64,0.3,6961.7,-1059.68
ORD-10787,2024-12-06,2024-12-07,Standard,Corporate,East,Guwahati,Clothing,Jacket,6,1095.86,0.05,6246.4,1114.4
ORD-10788,2024-12-09,2024-12-10,Standard,Consumer,East,Patna,Home & Kitchen,Water Bottle,5,3452.6,0.3,12084.1,-1390.46
ORD-10789,2025-07-02,2025-07-04,Standard,Consumer,North,Lucknow,Groceries,Cooking Oil 1L,6,386.94,0.0,2321.64,348.56
ORD-10790,2024-02-13,2024-02-16,Same Day,Consumer,East,Patna,Electronics,Tablet,3,1533.41,0.3,3220.16,-496.99
ORD-10791,2024-09-16,2024-09-19,Same Day,Corporate,South,Coimbatore,Groceries,Snacks Pack,4,405.55,0.0,1622.2,166.79
ORD-10792,2025-07-18,2025-07-23,Standard,Home Office,South,Chennai,Home & Kitchen,Mixer Grinder,5,5003.37,0.1,22515.16,5508.01
ORD-10793,2024-03-09,2024-03-11,Standard,Home Office,North,Delhi,Clothing,Sneakers,7,2097.03,0.1,13211.29,3321.18
ORD-10794,2025-10-11,2025-10-13,Standard,Consumer,North,Jaipur,Furniture,Bookshelf,3,11496.05,0.15,29314.93,3484.83
ORD-10795,2024-04-22,2024-04-28,Standard,Consumer,West,Ahmedabad,Groceries,Rice 5kg,2,324.64,0.2,519.42,104.52
ORD-10796,2024-07-18,2024-07-23,Standard,Corporate,East,Bhubaneswar,Groceries,Tea 500g,7,219.77,0.15,1307.63,-130.5
ORD-10797,2025-12-09,2025-12-10,Express,Corporate,West,Surat,Furniture,Bed Frame,6,12961.67,0.05,73881.52,8072.66
ORD-10798,2024-04-14,2024-04-15,Express,Corporate,East,Patna,Electronics,Headphones,1,23346.32,0.15,19844.37,4580.07
ORD-10799,2025-11-09,2025-11-10,Same Day,Corporate,West,Ahmedabad,Furniture,Bed Frame,1,8464.09,0.0,8464.09,-1800.9
ORD-10800,2025-08-17,2025-08-21,Express,Corporate,North,Lucknow,Furniture,Study Table,3,10498.7,0.0,31496.1,2154.29
ORD-10801,2024-01-25,2024-01-30,Same Day,Consumer,South,Hyderabad,Clothing,Jeans,4,1626.94,0.0,6507.76,715.3
ORD-10802,2024-02-02,2024-02-03,Express,Consumer,South,Bengaluru,Home & Kitchen,Storage Box,1,1268.4,0.3,887.88,127.22
ORD-10803,2024-01-01,2024-01-02,Same Day,Home Office,South,Coimbatore,Electronics,Smartphone,6,39551.71,0.3,166117.18,55109.66
ORD-10804,2025-03-30,2025-04-04,Standard,Home Office,West,Pune,Clothing,Formal Shirt,1,2441.99,0.15,2075.69,363.48
ORD-10805,2024-12-24,2024-12-25,Same Day,Home Office,West,Mumbai,Furniture,Sofa,6,5979.35,0.05,34082.3,-8637.11
ORD-10806,2025-08-16,2025-08-19,Express,Consumer,South,Bengaluru,Clothing,Sneakers,7,1084.12,0.1,6829.96,-881.45
ORD-10807,2025-05-18,2025-05-23,Same Day,Home Office,South,Hyderabad,Clothing,T-Shirt,1,1098.95,0.15,934.11,195.56
ORD-10808,2025-08-28,2025-09-02,Express,Consumer,South,Chennai,Clothing,Sneakers,5,2365.35,0.2,9461.4,1838.92
ORD-10809,2024-11-25,2024-12-01,Express,Home Office,East,Guwahati,Clothing,Formal Shirt,7,1413.33,0.2,7914.65,810.61
ORD-10810,2024-08-26,2024-08-29,Express,Consumer,East,Bhubaneswar,Electronics,Smartphone,4,56656.12,0.1,203962.03,8863.25
ORD-10811,2024-06-17,2024-06-19,Standard,Corporate,North,Delhi,Electronics,Tablet,5,23914.21,0.0,119571.05,22524.77
ORD-10812,2025-05-12,2025-05-17,Same Day,Home Office,North,Jaipur,Electronics,Tablet,1,49785.48,0.2,39828.38,1886.26
ORD-10813,2024-01-12,2024-01-15,Standard,Corporate,East,Guwahati,Furniture,Office Chair,2,9822.93,0.0,19645.86,4190.62
ORD-10814,2024-09-30,2024-10-04,Standard,Consumer,West,Mumbai,Electronics,Smartwatch,7,54513.53,0.3,267116.3,50233.75
ORD-10815,2025-06-20,2025-06-25,Standard,Home Office,North,Delhi,Clothing,Sneakers,4,2289.8,0.0,9159.2,458.58
ORD-10816,2024-09-11,2024-09-14,Standard,Home Office,South,Hyderabad,Furniture,Office Chair,7,9010.73,0.05,59921.35,12431.86
ORD-10817,2025-07-23,2025-07-27,Standard,Home Office,East,Guwahati,Furniture,Bookshelf,4,15073.81,0.05,57280.48,-6395.49
ORD-10818,2024-01-03,2024-01-04,Same Day,Home Office,West,Mumbai,Groceries,Cooking Oil 1L,4,434.15,0.0,1736.6,369.0
ORD-10819,2024-11-22,2024-11-27,Standard,Consumer,East,Patna,Groceries,Rice 5kg,4,234.09,0.0,936.36,242.48
ORD-10820,2024-05-09,2024-05-13,Express,Home Office,North,Lucknow,Clothing,Formal Shirt,3,1446.73,0.3,3038.13,262.7
ORD-10821,2024-01-29,2024-02-03,Same Day,Consumer,South,Coimbatore,Groceries,Snacks Pack,7,275.91,0.0,1931.37,615.67
ORD-10822,2024-02-18,2024-02-19,Express,Consumer,South,Coimbatore,Furniture,Sofa,3,8703.87,0.0,26111.61,-4085.93
ORD-10823,2024-08-11,2024-08-12,Standard,Consumer,South,Hyderabad,Electronics,Headphones,4,59054.61,0.0,236218.44,24527.44
ORD-10824,2025-10-12,2025-10-14,Same Day,Home Office,North,Lucknow,Electronics,Smartphone,3,45617.91,0.05,130011.04,18236.12
ORD-10825,2025-08-18,2025-08-20,Standard,Corporate,South,Hyderabad,Clothing,Sneakers,7,1974.46,0.1,12439.1,829.81
ORD-10826,2025-02-21,2025-02-25,Express,Consumer,East,Kolkata,Groceries,Rice 5kg,6,279.56,0.2,1341.89,124.26
ORD-10827,2025-01-15,2025-01-16,Same Day,Home Office,West,Mumbai,Furniture,Office Chair,4,10920.62,0.0,43682.48,3735.7
ORD-10828,2025-11-09,2025-11-10,Standard,Home Office,North,Chandigarh,Groceries,Atta 5kg,6,265.37,0.05,1512.61,225.56
ORD-10829,2024-11-23,2024-11-25,Same Day,Home Office,North,Chandigarh,Furniture,Bookshelf,7,17646.51,0.15,104996.73,21259.31
ORD-10830,2024-05-21,2024-05-26,Standard,Home Office,West,Ahmedabad,Electronics,Smartwatch,2,47841.22,0.2,76545.95,3972.97
ORD-10831,2025-10-12,2025-10-17,Standard,Home Office,West,Ahmedabad,Furniture,Study Table,7,17681.42,0.1,111392.95,25415.18
ORD-10832,2025-03-15,2025-03-20,Same Day,Home Office,South,Coimbatore,Electronics,Headphones,5,56112.77,0.0,280563.85,45037.48
ORD-10833,2025-02-26,2025-03-04,Express,Consumer,East,Kolkata,Groceries,Atta 5kg,7,419.52,0.1,2642.98,-175.89
ORD-10834,2024-04-04,2024-04-09,Same Day,Corporate,West,Pune,Furniture,Sofa,7,3921.98,0.15,23335.78,2612.66
ORD-10835,2024-11-15,2024-11-18,Same Day,Consumer,North,Delhi,Groceries,Tea 500g,3,205.57,0.05,585.87,50.23
ORD-10836,2025-10-28,2025-11-01,Same Day,Consumer,East,Guwahati,Clothing,T-Shirt,3,2318.27,0.15,5911.59,-232.54
ORD-10837,2025-01-22,2025-01-25,Same Day,Consumer,West,Surat,Furniture,Sofa,3,19945.53,0.0,59836.59,-11822.12
ORD-10838,2024-01-12,2024-01-16,Standard,Corporate,West,Ahmedabad,Furniture,Bookshelf,7,6591.15,0.0,46138.05,11861.2
ORD-10839,2025-10-17,2025-10-18,Express,Consumer,North,Chandigarh,Clothing,Jacket,6,560.42,0.0,3362.52,-243.7
ORD-10840,2024-02-20,2024-02-22,Express,Home Office,East,Kolkata,Groceries,Snacks Pack,2,545.24,0.0,1090.48,234.31
ORD-10841,2024-05-12,2024-05-15,Express,Consumer,West,Mumbai,Home & Kitchen,Mixer Grinder,6,398.55,0.1,2152.17,546.04
ORD-10842,2024-04-28,2024-04-29,Standard,Home Office,North,Chandigarh,Home & Kitchen,Water Bottle,2,5466.87,0.15,9293.68,383.49
ORD-10843,2024-08-26,2024-08-29,Express,Consumer,West,Surat,Home & Kitchen,LED Bulb,1,4387.36,0.0,4387.36,-360.04
ORD-10844,2025-07-20,2025-07-21,Express,Corporate,West,Pune,Home & Kitchen,Water Bottle,7,5104.08,0.0,35728.56,4677.35
ORD-10845,2025-05-09,2025-05-15,Express,Consumer,South,Chennai,Furniture,Bed Frame,1,23152.37,0.0,23152.37,5324.12
ORD-10846,2025-08-13,2025-08-18,Express,Home Office,South,Hyderabad,Groceries,Cooking Oil 1L,4,563.93,0.1,2030.15,251.64
ORD-10847,2025-02-09,2025-02-14,Same Day,Consumer,North,Jaipur,Furniture,Bookshelf,1,19863.09,0.0,19863.09,2865.38
ORD-10848,2025-12-10,2025-12-14,Standard,Home Office,South,Coimbatore,Clothing,Sneakers,1,1727.97,0.2,1382.38,141.92
ORD-10849,2024-06-10,2024-06-15,Standard,Consumer,North,Jaipur,Furniture,Bed Frame,3,4728.64,0.2,11348.74,1900.22
ORD-10850,2025-10-04,2025-10-05,Same Day,Corporate,South,Hyderabad,Clothing,T-Shirt,3,3374.66,0.15,8605.38,2188.45
ORD-10851,2024-05-06,2024-05-11,Standard,Consumer,West,Mumbai,Groceries,Rice 5kg,3,594.46,0.2,1426.7,338.27
ORD-10852,2025-10-13,2025-10-19,Standard,Consumer,West,Surat,Furniture,Sofa,5,20080.79,0.3,70282.76,13112.77
ORD-10853,2025-01-08,2025-01-13,Standard,Corporate,North,Chandigarh,Furniture,Bed Frame,4,8166.3,0.0,32665.2,5375.85
ORD-10854,2025-12-25,2025-12-27,Express,Home Office,East,Bhubaneswar,Furniture,Bed Frame,5,2694.06,0.15,11449.76,-1386.61
ORD-10855,2024-05-17,2024-05-21,Express,Home Office,South,Bengaluru,Electronics,Smartwatch,5,26550.41,0.0,132752.05,31467.69
ORD-10856,2025-09-29,2025-10-04,Standard,Home Office,North,Chandigarh,Home & Kitchen,LED Bulb,7,933.58,0.05,6208.31,1349.54
ORD-10857,2024-01-05,2024-01-10,Same Day,Corporate,East,Bhubaneswar,Furniture,Office Chair,3,14910.23,0.15,38021.09,6909.22
ORD-10858,2024-12-29,2025-01-03,Express,Home Office,South,Bengaluru,Groceries,Tea 500g,3,360.15,0.05,1026.43,36.26
ORD-10859,2025-04-28,2025-05-04,Express,Home Office,South,Hyderabad,Electronics,Smartwatch,3,53948.42,0.2,129476.21,11228.69
ORD-10860,2024-10-12,2024-10-13,Express,Consumer,West,Ahmedabad,Furniture,Sofa,7,2635.88,0.0,18451.16,3951.99
ORD-10861,2024-02-01,2024-02-03,Standard,Corporate,South,Bengaluru,Home & Kitchen,LED Bulb,4,5599.88,0.0,22399.52,6045.75
ORD-10862,2024-06-05,2024-06-11,Same Day,Consumer,East,Kolkata,Groceries,Rice 5kg,3,487.89,0.05,1390.49,194.96
ORD-10863,2024-02-25,2024-02-28,Same Day,Consumer,East,Guwahati,Electronics,Headphones,3,29859.54,0.15,76141.83,22943.97
ORD-10864,2024-04-10,2024-04-11,Express,Home Office,South,Coimbatore,Electronics,Smartphone,7,49252.95,0.2,275816.52,37974.5
ORD-10865,2024-02-10,2024-02-11,Express,Home Office,East,Kolkata,Electronics,Headphones,2,33679.95,0.0,67359.9,17656.82
ORD-10866,2024-08-08,2024-08-09,Same Day,Consumer,West,Ahmedabad,Electronics,Smartwatch,1,45040.6,0.3,31528.42,2365.8
ORD-10867,2024-05-25,2024-05-29,Standard,Consumer,West,Ahmedabad,Furniture,Bookshelf,7,19488.91,0.1,122780.13,12294.21
ORD-10868,2025-06-03,2025-06-09,Express,Corporate,South,Coimbatore,Groceries,Cooking Oil 1L,6,167.94,0.15,856.49,51.18
ORD-10869,2024-06-20,2024-06-23,Express,Home Office,South,Bengaluru,Electronics,Smartwatch,2,53914.63,0.15,91654.87,15983.47
ORD-10870,2024-08-07,2024-08-09,Express,Home Office,South,Bengaluru,Clothing,Sneakers,2,2554.53,0.3,3576.34,666.38
ORD-10871,2024-06-21,2024-06-25,Standard,Home Office,South,Chennai,Groceries,Atta 5kg,2,472.04,0.0,944.08,-228.67
ORD-10872,2025-09-12,2025-09-13,Same Day,Consumer,North,Jaipur,Electronics,Smartwatch,3,15652.34,0.0,46957.02,6684.25
ORD-10873,2025-11-08,2025-11-09,Same Day,Consumer,West,Pune,Groceries,Atta 5kg,3,63.01,0.05,179.58,47.11
ORD-10874,2025-04-24,2025-04-30,Same Day,Consumer,West,Surat,Home & Kitchen,Mixer Grinder,7,3303.99,0.2,18502.34,3357.72
ORD-10875,2025-03-27,2025-03-29,Standard,Corporate,North,Lucknow,Groceries,Snacks Pack,3,448.74,0.3,942.35,-140.22
ORD-10876,2025-03-26,2025-04-01,Standard,Consumer,North,Delhi,Home & Kitchen,Mixer Grinder,5,5770.81,0.15,24525.94,-5302.37
ORD-10877,2024-01-28,2024-01-31,Standard,Home Office,East,Guwahati,Groceries,Cooking Oil 1L,4,355.28,0.2,1136.9,233.77
ORD-10878,2025-12-04,2025-12-06,Express,Corporate,West,Surat,Clothing,Sneakers,1,2268.96,0.0,2268.96,-514.4
ORD-10879,2024-11-10,2024-11-12,Standard,Corporate,West,Pune,Home & Kitchen,Non-stick Pan,4,1095.4,0.1,3943.44,-580.71
ORD-10880,2025-12-30,2026-01-01,Standard,Home Office,North,Chandigarh,Home & Kitchen,Water Bottle,5,5019.44,0.1,22587.48,4864.75
ORD-10881,2024-05-13,2024-05-18,Express,Home Office,West,Mumbai,Groceries,Snacks Pack,2,406.12,0.3,568.57,166.04
ORD-10882,2025-05-04,2025-05-09,Express,Consumer,North,Lucknow,Home & Kitchen,Non-stick Pan,4,2755.56,0.05,10471.13,-3142.21
ORD-10883,2025-04-22,2025-04-27,Same Day,Corporate,West,Mumbai,Home & Kitchen,Storage Box,3,3324.86,0.05,9475.85,2222.74
ORD-10884,2024-11-28,2024-11-29,Same Day,Consumer,West,Pune,Home & Kitchen,Water Bottle,7,4887.3,0.2,27368.88,-3460.48
ORD-10885,2025-05-04,2025-05-05,Express,Consumer,South,Bengaluru,Furniture,Bed Frame,3,19000.04,0.05,54150.11,3179.47
ORD-10886,2024-06-17,2024-06-21,Express,Home Office,North,Chandigarh,Furniture,Office Chair,3,11926.51,0.05,33990.55,7027.44
ORD-10887,2024-11-05,2024-11-07,Same Day,Corporate,East,Kolkata,Home & Kitchen,Water Bottle,1,4339.19,0.0,4339.19,-538.78
ORD-10888,2025-03-07,2025-03-11,Same Day,Corporate,East,Bhubaneswar,Clothing,Sneakers,4,1561.4,0.0,6245.6,909.16
ORD-10889,2025-06-12,2025-06-18,Express,Home Office,West,Mumbai,Home & Kitchen,LED Bulb,7,2743.27,0.1,17282.6,2082.27
ORD-10890,2024-03-18,2024-03-23,Standard,Home Office,North,Chandigarh,Groceries,Rice 5kg,4,417.88,0.0,1671.52,227.69
ORD-10891,2024-12-25,2024-12-27,Same Day,Corporate,South,Bengaluru,Electronics,Laptop,2,47717.74,0.0,95435.48,25257.35
ORD-10892,2025-10-23,2025-10-26,Express,Home Office,North,Delhi,Electronics,Smartwatch,3,18608.41,0.1,50242.71,1796.94
ORD-10893,2025-04-19,2025-04-20,Standard,Consumer,North,Delhi,Furniture,Study Table,6,2813.63,0.2,13505.42,-1504.88
ORD-10894,2024-07-01,2024-07-06,Same Day,Corporate,East,Patna,Home & Kitchen,Storage Box,5,709.4,0.0,3547.0,1011.1
ORD-10895,2024-09-02,2024-09-06,Express,Corporate,East,Bhubaneswar,Home & Kitchen,LED Bulb,2,5228.21,0.3,7319.49,495.53
ORD-10896,2025-01-01,2025-01-05,Standard,Consumer,South,Hyderabad,Furniture,Office Chair,3,17198.22,0.0,51594.66,3077.19
ORD-10897,2025-10-09,2025-10-14,Express,Home Office,South,Chennai,Home & Kitchen,LED Bulb,7,4927.97,0.0,34495.79,2709.76
ORD-10898,2024-08-16,2024-08-19,Standard,Consumer,South,Bengaluru,Electronics,Tablet,1,53401.9,0.0,53401.9,2886.69
ORD-10899,2024-09-03,2024-09-05,Express,Consumer,South,Bengaluru,Home & Kitchen,LED Bulb,2,5006.76,0.15,8511.49,1666.06
ORD-10900,2025-07-06,2025-07-11,Same Day,Corporate,West,Ahmedabad,Electronics,Smartphone,6,6095.58,0.3,25601.44,3155.87
ORD-10901,2025-02-23,2025-02-26,Express,Corporate,South,Coimbatore,Furniture,Study Table,6,3161.6,0.0,18969.6,2330.94
ORD-10902,2025-01-31,2025-02-01,Express,Consumer,North,Lucknow,Electronics,Laptop,1,34331.22,0.2,27464.98,5579.5
ORD-10903,2025-10-18,2025-10-21,Standard,Home Office,East,Kolkata,Clothing,T-Shirt,2,2273.34,0.05,4319.35,-1308.16
ORD-10904,2025-11-11,2025-11-17,Standard,Corporate,North,Delhi,Furniture,Study Table,6,5761.67,0.3,24199.01,6566.25
ORD-10905,2024-06-21,2024-06-25,Express,Home Office,North,Jaipur,Clothing,Formal Shirt,6,1205.24,0.2,5785.15,-542.46
ORD-10906,2025-02-13,2025-02-16,Express,Consumer,South,Coimbatore,Electronics,Tablet,2,21899.46,0.05,41608.97,7875.75
ORD-10907,2024-05-17,2024-05-20,Standard,Corporate,South,Hyderabad,Clothing,T-Shirt,3,3365.18,0.2,8076.43,411.47
ORD-10908,2024-12-15,2024-12-19,Standard,Home Office,West,Surat,Furniture,Bookshelf,5,9502.86,0.0,47514.3,2274.7
ORD-10909,2024-03-07,2024-03-08,Same Day,Corporate,West,Pune,Home & Kitchen,Mixer Grinder,3,1442.32,0.0,4326.96,-259.55
ORD-10910,2025-10-06,2025-10-07,Same Day,Consumer,North,Chandigarh,Groceries,Tea 500g,7,497.12,0.15,2957.86,256.98
ORD-10911,2025-08-19,2025-08-20,Standard,Home Office,South,Coimbatore,Electronics,Laptop,1,18317.32,0.1,16485.59,-1410.65
ORD-10912,2025-05-30,2025-06-04,Express,Home Office,South,Bengaluru,Furniture,Sofa,3,18159.08,0.3,38134.07,-5801.71
ORD-10913,2025-11-30,2025-12-05,Standard,Consumer,East,Patna,Groceries,Rice 5kg,3,254.84,0.0,764.52,43.74
ORD-10914,2025-08-21,2025-08-23,Same Day,Consumer,West,Mumbai,Home & Kitchen,Non-stick Pan,6,4413.92,0.3,18538.46,2547.64
ORD-10915,2024-09-18,2024-09-23,Express,Corporate,North,Jaipur,Home & Kitchen,Mixer Grinder,2,5131.98,0.0,10263.96,1401.94
ORD-10916,2024-06-23,2024-06-25,Express,Corporate,East,Guwahati,Home & Kitchen,Non-stick Pan,3,446.21,0.05,1271.7,-136.25
ORD-10917,2024-09-06,2024-09-12,Express,Home Office,West,Surat,Groceries,Cooking Oil 1L,3,79.29,0.0,237.87,8.74
ORD-10918,2025-04-21,2025-04-25,Standard,Consumer,North,Lucknow,Home & Kitchen,Mixer Grinder,6,2574.3,0.15,13128.93,437.88
ORD-10919,2024-10-04,2024-10-05,Express,Home Office,East,Kolkata,Home & Kitchen,Storage Box,5,4284.1,0.2,17136.4,-2244.43
ORD-10920,2025-09-27,2025-09-30,Express,Corporate,South,Chennai,Groceries,Snacks Pack,1,432.22,0.3,302.55,80.35
ORD-10921,2025-07-14,2025-07-18,Standard,Home Office,West,Ahmedabad,Home & Kitchen,Water Bottle,6,5200.94,0.1,28085.08,-3976.75
ORD-10922,2025-03-02,2025-03-04,Express,Home Office,South,Coimbatore,Furniture,Sofa,3,11904.3,0.15,30355.96,4752.41
ORD-10923,2024-01-17,2024-01-22,Standard,Corporate,East,Kolkata,Furniture,Sofa,7,15286.43,0.2,85604.01,5239.36
ORD-10924,2024-04-29,2024-05-03,Standard,Corporate,East,Patna,Home & Kitchen,Storage Box,6,4266.18,0.2,20477.66,2014.73
ORD-10925,2024-10-07,2024-10-08,Same Day,Consumer,South,Coimbatore,Clothing,Jacket,7,1032.65,0.0,7228.55,1271.66
ORD-10926,2024-11-18,2024-11-21,Express,Home Office,South,Bengaluru,Electronics,Smartwatch,4,28174.51,0.0,112698.04,-15728.49
ORD-10927,2025-08-30,2025-08-31,Same Day,Corporate,West,Pune,Home & Kitchen,Non-stick Pan,1,2481.69,0.15,2109.44,580.22
ORD-10928,2024-06-07,2024-06-13,Same Day,Consumer,South,Coimbatore,Furniture,Sofa,3,22723.95,0.3,47720.3,7884.61
ORD-10929,2024-04-27,2024-05-03,Standard,Consumer,East,Kolkata,Home & Kitchen,Non-stick Pan,7,823.46,0.3,4034.95,157.05
ORD-10930,2024-06-17,2024-06-23,Standard,Home Office,East,Kolkata,Home & Kitchen,Water Bottle,2,4785.13,0.1,8613.23,1432.17
ORD-10931,2024-05-20,2024-05-22,Express,Corporate,North,Delhi,Home & Kitchen,Storage Box,2,1106.31,0.0,2212.62,384.74
ORD-10932,2025-06-02,2025-06-04,Express,Home Office,East,Bhubaneswar,Home & Kitchen,Non-stick Pan,6,1334.23,0.0,8005.38,830.18
ORD-10933,2025-02-25,2025-02-28,Same Day,Consumer,West,Ahmedabad,Home & Kitchen,Water Bottle,2,1130.48,0.1,2034.86,-502.14
ORD-10934,2024-08-07,2024-08-13,Express,Consumer,North,Delhi,Groceries,Tea 500g,5,418.24,0.0,2091.2,357.51
ORD-10935,2025-01-04,2025-01-06,Same Day,Corporate,North,Chandigarh,Electronics,Tablet,2,22814.58,0.1,41066.24,7465.85
ORD-10936,2024-07-15,2024-07-17,Standard,Home Office,West,Pune,Groceries,Tea 500g,2,218.74,0.3,306.24,58.29
ORD-10937,2025-12-29,2026-01-01,Express,Home Office,West,Surat,Groceries,Cooking Oil 1L,7,93.96,0.1,591.95,76.61
ORD-10938,2024-03-10,2024-03-14,Express,Consumer,North,Lucknow,Home & Kitchen,Storage Box,7,839.47,0.0,5876.29,875.09
ORD-10939,2025-07-03,2025-07-04,Same Day,Consumer,West,Pune,Home & Kitchen,LED Bulb,4,973.51,0.15,3309.93,-907.76
ORD-10940,2025-08-13,2025-08-19,Express,Home Office,North,Delhi,Groceries,Rice 5kg,5,277.23,0.3,970.3,60.89
ORD-10941,2024-01-05,2024-01-11,Express,Corporate,South,Chennai,Groceries,Tea 500g,7,240.59,0.1,1515.72,250.6
ORD-10942,2024-02-20,2024-02-26,Express,Consumer,South,Chennai,Home & Kitchen,Water Bottle,1,2449.31,0.0,2449.31,307.92
ORD-10943,2025-02-19,2025-02-20,Standard,Corporate,East,Kolkata,Groceries,Cooking Oil 1L,6,367.8,0.0,2206.8,435.06
ORD-10944,2024-08-23,2024-08-24,Express,Consumer,East,Kolkata,Electronics,Headphones,6,38091.48,0.0,228548.88,20277.35
ORD-10945,2024-12-24,2024-12-29,Same Day,Home Office,East,Bhubaneswar,Home & Kitchen,LED Bulb,7,1427.56,0.15,8493.98,1886.14
ORD-10946,2025-11-12,2025-11-13,Standard,Home Office,East,Kolkata,Clothing,Formal Shirt,6,545.98,0.0,3275.88,773.38
ORD-10947,2025-06-02,2025-06-04,Same Day,Home Office,East,Bhubaneswar,Groceries,Rice 5kg,7,369.13,0.0,2583.91,256.32
ORD-10948,2025-11-04,2025-11-05,Express,Consumer,West,Surat,Electronics,Smartwatch,7,51661.61,0.2,289305.02,-34693.66
ORD-10949,2025-09-15,2025-09-16,Same Day,Consumer,North,Chandigarh,Furniture,Study Table,6,9350.77,0.3,39273.23,8214.14
ORD-10950,2025-09-03,2025-09-09,Express,Corporate,East,Patna,Furniture,Sofa,5,20040.18,0.0,100200.9,12897.06
ORD-10951,2025-01-06,2025-01-09,Express,Home Office,East,Guwahati,Electronics,Smartphone,2,37782.23,0.0,75564.46,-10783.38
ORD-10952,2024-03-19,2024-03-21,Same Day,Home Office,East,Kolkata,Electronics,Laptop,4,10474.04,0.0,41896.16,3672.38
ORD-10953,2025-01-07,2025-01-08,Same Day,Corporate,West,Pune,Furniture,Bookshelf,3,18439.3,0.0,55317.9,11880.43
ORD-10954,2025-11-02,2025-11-04,Same Day,Consumer,North,Chandigarh,Home & Kitchen,LED Bulb,6,4526.77,0.3,19012.43,4489.23
ORD-10955,2025-12-25,2025-12-28,Express,Home Office,East,Bhubaneswar,Clothing,Sneakers,4,2247.71,0.15,7642.21,2289.76
ORD-10956,2025-12-30,2026-01-02,Express,Corporate,North,Jaipur,Groceries,Cooking Oil 1L,4,151.73,0.05,576.57,78.79
ORD-10957,2025-07-05,2025-07-11,Express,Consumer,East,Bhubaneswar,Furniture,Office Chair,4,17181.0,0.3,48106.8,3182.66
ORD-10958,2025-07-04,2025-07-09,Standard,Consumer,South,Bengaluru,Furniture,Bookshelf,1,8804.43,0.15,7483.77,1642.75
ORD-10959,2025-12-29,2025-12-31,Standard,Corporate,South,Chennai,Home & Kitchen,Water Bottle,6,1417.17,0.0,8503.02,488.25
ORD-10960,2024-05-17,2024-05-21,Express,Corporate,East,Guwahati,Groceries,Snacks Pack,7,129.31,0.1,814.65,127.06
ORD-10961,2025-11-03,2025-11-07,Same Day,Home Office,West,Pune,Home & Kitchen,Mixer Grinder,2,4653.02,0.3,6514.23,641.91
ORD-10962,2025-10-14,2025-10-18,Express,Corporate,South,Hyderabad,Furniture,Bookshelf,1,23030.96,0.0,23030.96,1726.9
ORD-10963,2025-01-25,2025-01-29,Same Day,Consumer,West,Surat,Furniture,Bookshelf,4,6477.98,0.0,25911.92,-2838.36
ORD-10964,2025-01-23,2025-01-28,Express,Home Office,West,Surat,Clothing,Jeans,1,565.16,0.05,536.9,68.08
ORD-10965,2024-10-04,2024-10-08,Standard,Consumer,West,Mumbai,Furniture,Office Chair,2,14828.92,0.05,28174.95,4962.28
ORD-10966,2025-05-26,2025-05-29,Standard,Corporate,East,Kolkata,Furniture,Study Table,4,24183.61,0.15,82224.27,6844.34
ORD-10967,2025-12-09,2025-12-15,Same Day,Home Office,West,Pune,Furniture,Bed Frame,2,22745.19,0.0,45490.38,11699.01
ORD-10968,2024-04-21,2024-04-22,Express,Corporate,South,Hyderabad,Groceries,Rice 5kg,4,322.54,0.1,1161.14,91.76
ORD-10969,2025-06-24,2025-06-25,Express,Home Office,East,Bhubaneswar,Home & Kitchen,Water Bottle,3,2038.06,0.1,5502.76,-217.11
ORD-10970,2025-06-20,2025-06-22,Express,Home Office,South,Coimbatore,Groceries,Snacks Pack,3,238.53,0.1,644.03,68.83
ORD-10971,2024-05-14,2024-05-19,Express,Corporate,East,Bhubaneswar,Electronics,Smartwatch,7,52469.84,0.0,367288.88,84564.15
ORD-10972,2025-07-02,2025-07-03,Standard,Corporate,East,Patna,Groceries,Atta 5kg,3,263.48,0.0,790.44,133.26
ORD-10973,2025-02-03,2025-02-04,Standard,Home Office,North,Jaipur,Electronics,Tablet,4,42788.54,0.1,154038.74,43172.78
ORD-10974,2024-05-05,2024-05-10,Standard,Home Office,West,Mumbai,Electronics,Headphones,1,28778.07,0.2,23022.46,-2444.63
ORD-10975,2025-10-31,2025-11-02,Express,Corporate,North,Chandigarh,Electronics,Tablet,6,23769.42,0.0,142616.52,-17117.46
ORD-10976,2024-05-06,2024-05-07,Express,Home Office,South,Bengaluru,Electronics,Headphones,5,9476.41,0.1,42643.84,4157.08
ORD-10977,2025-02-13,2025-02-19,Same Day,Consumer,North,Jaipur,Furniture,Sofa,4,16567.21,0.3,46388.19,2313.08
ORD-10978,2025-05-07,2025-05-13,Express,Consumer,East,Bhubaneswar,Clothing,T-Shirt,1,3455.17,0.0,3455.17,782.14
ORD-10979,2025-01-04,2025-01-06,Same Day,Home Office,North,Delhi,Groceries,Atta 5kg,3,144.72,0.3,303.91,-83.16
ORD-10980,2024-06-28,2024-07-04,Express,Corporate,East,Kolkata,Groceries,Atta 5kg,5,523.14,0.0,2615.7,518.28
ORD-10981,2025-01-17,2025-01-18,Express,Corporate,East,Kolkata,Home & Kitchen,LED Bulb,7,2078.65,0.0,14550.55,2981.32
ORD-10982,2024-11-30,2024-12-03,Express,Home Office,South,Bengaluru,Groceries,Snacks Pack,1,128.78,0.05,122.34,9.29
ORD-10983,2024-10-16,2024-10-19,Standard,Consumer,North,Jaipur,Groceries,Tea 500g,4,576.04,0.1,2073.74,382.66
ORD-10984,2025-07-16,2025-07-17,Express,Consumer,East,Patna,Furniture,Study Table,5,7086.42,0.05,33660.49,-1255.99
ORD-10985,2025-01-26,2025-01-27,Same Day,Consumer,West,Pune,Home & Kitchen,Storage Box,5,4036.62,0.05,19173.94,2230.62
ORD-10986,2024-05-17,2024-05-18,Same Day,Corporate,North,Lucknow,Groceries,Snacks Pack,3,522.29,0.05,1488.53,82.25
ORD-10987,2025-12-28,2025-12-30,Express,Home Office,South,Hyderabad,Home & Kitchen,Mixer Grinder,4,2017.36,0.0,8069.44,336.08
ORD-10988,2025-01-11,2025-01-16,Same Day,Consumer,West,Mumbai,Groceries,Snacks Pack,4,490.07,0.3,1372.2,127.58
ORD-10989,2025-06-15,2025-06-21,Standard,Consumer,East,Patna,Electronics,Headphones,6,14079.79,0.1,76030.87,20274.49
ORD-10990,2024-05-05,2024-05-10,Express,Consumer,West,Ahmedabad,Home & Kitchen,Non-stick Pan,7,5426.72,0.2,30389.63,1479.33
ORD-10991,2024-06-21,2024-06-23,Express,Consumer,South,Chennai,Clothing,Formal Shirt,3,1708.71,0.2,4100.9,534.29
ORD-10992,2025-03-03,2025-03-08,Same Day,Corporate,East,Patna,Groceries,Atta 5kg,3,89.54,0.0,268.62,23.86
ORD-10993,2025-04-15,2025-04-20,Same Day,Home Office,South,Coimbatore,Furniture,Sofa,3,18705.64,0.05,53311.07,-10801.75
ORD-10994,2025-10-29,2025-11-04,Same Day,Consumer,East,Kolkata,Groceries,Snacks Pack,7,148.16,0.05,985.26,97.08
ORD-10995,2025-07-16,2025-07-17,Express,Home Office,East,Patna,Furniture,Bed Frame,3,7983.25,0.3,16764.82,2430.99
ORD-10996,2024-01-14,2024-01-19,Same Day,Corporate,West,Surat,Clothing,Sneakers,6,1100.62,0.0,6603.72,1384.89
ORD-10997,2024-11-11,2024-11-13,Same Day,Home Office,North,Jaipur,Clothing,Sneakers,3,1106.13,0.15,2820.63,171.47
ORD-10998,2024-04-01,2024-04-07,Express,Corporate,South,Hyderabad,Home & Kitchen,LED Bulb,6,4478.42,0.1,24183.47,1433.29
ORD-10999,2024-09-29,2024-10-04,Express,Corporate,North,Lucknow,Furniture,Bookshelf,6,21783.14,0.3,91489.19,-12164.62
ORD-11000,2024-11-15,2024-11-21,Express,Consumer,East,Guwahati,Furniture,Bookshelf,1,13213.48,0.0,13213.48,1360.64
ORD-11001,2025-10-27,2025-11-01,Standard,Corporate,North,Delhi,Electronics,Laptop,3,35249.87,0.3,74024.73,-11367.91
ORD-11002,2024-07-07,2024-07-08,Standard,Corporate,West,Pune,Clothing,Jacket,6,721.35,0.3,3029.67,622.72
ORD-11003,2024-01-02,2024-01-03,Same Day,Consumer,South,Hyderabad,Clothing,T-Shirt,6,2132.61,0.15,10876.31,1001.35
ORD-11004,2025-01-30,2025-02-01,Same Day,Corporate,East,Bhubaneswar,Groceries,Rice 5kg,3,287.26,0.05,818.69,-48.65
ORD-11005,2024-09-24,2024-09-28,Standard,Home Office,South,Bengaluru,Home & Kitchen,LED Bulb,5,3753.6,0.1,16891.2,1434.64
ORD-11006,2025-06-28,2025-06-30,Same Day,Corporate,East,Patna,Furniture,Bookshelf,2,10092.31,0.15,17156.93,-2558.52
ORD-11007,2024-11-14,2024-11-17,Standard,Corporate,West,Pune,Electronics,Tablet,3,28932.71,0.0,86798.13,11079.88
ORD-11008,2024-12-09,2024-12-12,Same Day,Corporate,West,Surat,Groceries,Rice 5kg,5,397.72,0.2,1590.88,-231.68
ORD-11009,2024-08-16,2024-08-21,Same Day,Home Office,East,Guwahati,Electronics,Tablet,6,13439.65,0.0,80637.9,14672.24
ORD-11010,2024-04-02,2024-04-07,Standard,Home Office,West,Surat,Electronics,Tablet,6,34090.06,0.2,163632.29,-36366.93
ORD-11011,2025-06-17,2025-06-21,Express,Home Office,North,Lucknow,Groceries,Cooking Oil 1L,6,573.99,0.0,3443.94,137.67
ORD-11012,2025-07-28,2025-08-02,Same Day,Corporate,West,Mumbai,Clothing,Sneakers,4,1272.68,0.15,4327.11,380.31
ORD-11013,2024-05-27,2024-05-28,Same Day,Corporate,West,Surat,Furniture,Office Chair,3,12860.37,0.15,32793.94,2532.11
ORD-11014,2025-02-11,2025-02-12,Same Day,Consumer,West,Mumbai,Electronics,Smartwatch,4,5467.91,0.1,19684.48,-1460.02
ORD-11015,2024-02-12,2024-02-14,Express,Consumer,North,Delhi,Electronics,Smartwatch,6,35009.64,0.0,210057.84,15721.26
ORD-11016,2024-08-04,2024-08-05,Same Day,Corporate,South,Hyderabad,Groceries,Cooking Oil 1L,3,331.87,0.0,995.61,243.05
ORD-11017,2024-02-17,2024-02-21,Express,Home Office,North,Lucknow,Furniture,Sofa,4,21056.48,0.15,71592.03,5558.84
ORD-11018,2025-04-24,2025-04-27,Standard,Consumer,West,Ahmedabad,Electronics,Tablet,2,32021.02,0.0,64042.04,3635.78
ORD-11019,2025-11-13,2025-11-14,Same Day,Consumer,North,Jaipur,Electronics,Smartwatch,3,39467.87,0.05,112483.43,-21000.78
ORD-11020,2025-11-20,2025-11-23,Standard,Corporate,North,Lucknow,Groceries,Snacks Pack,7,514.1,0.15,3058.9,-328.93
ORD-11021,2024-07-02,2024-07-08,Same Day,Home Office,South,Chennai,Clothing,Jacket,4,1124.84,0.0,4499.36,604.07
ORD-11022,2024-11-08,2024-11-13,Standard,Corporate,West,Surat,Clothing,Jacket,1,2268.9,0.0,2268.9,301.69
ORD-11023,2025-07-15,2025-07-16,Express,Home Office,East,Bhubaneswar,Furniture,Office Chair,2,4305.06,0.05,8179.61,1607.76
ORD-11024,2025-07-23,2025-07-27,Standard,Corporate,East,Kolkata,Furniture,Study Table,5,13394.65,0.15,56927.26,-2870.6
ORD-11025,2024-07-12,2024-07-18,Same Day,Corporate,South,Hyderabad,Clothing,T-Shirt,5,3277.75,0.0,16388.75,1879.02
ORD-11026,2024-01-26,2024-02-01,Express,Corporate,North,Jaipur,Furniture,Bookshelf,3,21448.84,0.15,54694.54,3122.04
ORD-11027,2025-12-26,2026-01-01,Standard,Corporate,North,Jaipur,Home & Kitchen,Mixer Grinder,3,1193.55,0.15,3043.55,386.55
ORD-11028,2024-07-29,2024-08-03,Same Day,Corporate,West,Mumbai,Home & Kitchen,Storage Box,4,3351.58,0.1,12065.69,1817.34
ORD-11029,2025-05-22,2025-05-27,Express,Home Office,South,Coimbatore,Home & Kitchen,Mixer Grinder,2,4777.01,0.0,9554.02,1977.81
ORD-11030,2024-06-25,2024-06-27,Express,Corporate,South,Chennai,Groceries,Tea 500g,7,144.55,0.0,1011.85,51.46
ORD-11031,2024-10-09,2024-10-12,Same Day,Corporate,East,Guwahati,Furniture,Office Chair,4,4398.17,0.15,14953.78,3220.33
ORD-11032,2024-06-21,2024-06-27,Express,Corporate,East,Patna,Clothing,Sneakers,5,769.2,0.05,3653.7,737.26
ORD-11033,2024-01-20,2024-01-22,Express,Home Office,South,Hyderabad,Clothing,Sneakers,4,2771.81,0.3,7761.07,282.69
ORD-11034,2024-07-30,2024-08-05,Same Day,Home Office,East,Patna,Electronics,Laptop,7,30972.69,0.0,216808.83,-13552.91
ORD-11035,2024-11-18,2024-11-19,Standard,Corporate,East,Patna,Clothing,T-Shirt,7,2176.38,0.0,15234.66,3504.75
ORD-11036,2024-08-23,2024-08-26,Express,Home Office,East,Guwahati,Furniture,Study Table,5,15979.51,0.05,75902.67,9810.64
ORD-11037,2025-12-02,2025-12-05,Standard,Consumer,North,Delhi,Clothing,Jeans,6,1219.6,0.1,6585.84,1613.14
ORD-11038,2025-08-01,2025-08-03,Same Day,Consumer,East,Guwahati,Clothing,Sneakers,6,573.77,0.0,3442.62,948.14
ORD-11039,2025-09-23,2025-09-24,Same Day,Home Office,East,Patna,Home & Kitchen,Water Bottle,2,3766.32,0.0,7532.64,1211.81
ORD-11040,2024-01-25,2024-01-27,Same Day,Corporate,West,Ahmedabad,Furniture,Sofa,4,10969.53,0.2,35102.5,-5050.06
ORD-11041,2024-06-20,2024-06-23,Express,Home Office,South,Hyderabad,Home & Kitchen,LED Bulb,3,4618.68,0.05,13163.24,-1795.27
ORD-11042,2025-12-21,2025-12-23,Express,Consumer,North,Jaipur,Furniture,Sofa,2,12329.18,0.15,20959.61,2708.5
ORD-11043,2025-05-14,2025-05-15,Same Day,Home Office,West,Pune,Electronics,Headphones,2,21956.13,0.0,43912.26,-2177.5
ORD-11044,2025-03-29,2025-04-04,Express,Consumer,South,Hyderabad,Home & Kitchen,Non-stick Pan,7,4738.59,0.05,31511.62,7268.92
ORD-11045,2024-02-15,2024-02-16,Standard,Consumer,North,Jaipur,Electronics,Smartphone,1,17967.71,0.05,17069.32,3570.39
ORD-11046,2025-03-07,2025-03-11,Standard,Consumer,East,Guwahati,Furniture,Office Chair,1,21029.71,0.3,14720.8,1974.28
ORD-11047,2025-05-29,2025-06-04,Same Day,Consumer,South,Bengaluru,Groceries,Tea 500g,7,204.97,0.15,1219.57,161.99
ORD-11048,2024-04-05,2024-04-10,Standard,Corporate,East,Bhubaneswar,Home & Kitchen,Water Bottle,3,3353.14,0.0,10059.42,918.34
ORD-11049,2025-12-15,2025-12-16,Express,Home Office,East,Kolkata,Home & Kitchen,Water Bottle,1,4862.14,0.15,4132.82,-199.73
ORD-11050,2024-02-08,2024-02-14,Same Day,Home Office,South,Hyderabad,Electronics,Headphones,6,33305.11,0.05,189839.13,30357.92
ORD-11051,2025-12-29,2025-12-31,Same Day,Corporate,East,Patna,Home & Kitchen,LED Bulb,1,3232.94,0.1,2909.65,137.04
ORD-11052,2024-06-01,2024-06-02,Express,Consumer,North,Lucknow,Home & Kitchen,Non-stick Pan,5,449.42,0.05,2134.74,-153.76
ORD-11053,2024-05-05,2024-05-10,Standard,Corporate,North,Jaipur,Clothing,Jeans,2,1686.18,0.15,2866.51,104.23
ORD-11054,2025-08-27,2025-08-28,Express,Consumer,South,Chennai,Furniture,Office Chair,5,8971.68,0.0,44858.4,10056.19
ORD-11055,2024-01-31,2024-02-01,Standard,Home Office,South,Hyderabad,Home & Kitchen,Non-stick Pan,2,1345.76,0.0,2691.52,364.87
ORD-11056,2024-03-10,2024-03-14,Standard,Corporate,South,Hyderabad,Groceries,Tea 500g,2,256.2,0.3,358.68,-54.42
ORD-11057,2025-12-13,2025-12-18,Same Day,Home Office,South,Chennai,Clothing,Jacket,6,1614.44,0.0,9686.64,2101.41
ORD-11058,2024-12-26,2024-12-30,Same Day,Corporate,North,Delhi,Home & Kitchen,Non-stick Pan,2,3460.63,0.3,4844.88,725.04
ORD-11059,2024-02-09,2024-02-12,Standard,Corporate,East,Patna,Home & Kitchen,Water Bottle,1,4021.37,0.0,4021.37,-613.26
ORD-11060,2025-05-03,2025-05-05,Express,Consumer,South,Bengaluru,Electronics,Smartwatch,1,19798.81,0.0,19798.81,-2208.77
ORD-11061,2024-06-30,2024-07-05,Express,Home Office,West,Mumbai,Clothing,Jacket,1,1841.2,0.0,1841.2,342.44
ORD-11062,2024-06-13,2024-06-17,Standard,Corporate,North,Lucknow,Electronics,Smartphone,4,38526.51,0.1,138695.44,26927.07
ORD-11063,2025-09-24,2025-09-30,Express,Consumer,West,Ahmedabad,Home & Kitchen,Storage Box,1,1668.34,0.0,1668.34,543.06
ORD-11064,2025-12-07,2025-12-13,Express,Corporate,West,Surat,Home & Kitchen,Water Bottle,6,1763.7,0.2,8465.76,758.9
ORD-11065,2025-08-08,2025-08-12,Express,Corporate,North,Jaipur,Home & Kitchen,Storage Box,1,1163.14,0.3,814.2,-99.44
ORD-11066,2024-01-10,2024-01-14,Standard,Corporate,East,Bhubaneswar,Electronics,Smartphone,3,20342.07,0.2,48820.97,13727.61
ORD-11067,2024-04-08,2024-04-12,Express,Home Office,South,Coimbatore,Clothing,Jeans,7,1798.35,0.0,12588.45,1372.43
ORD-11068,2025-09-24,2025-09-25,Same Day,Home Office,West,Mumbai,Electronics,Tablet,1,7146.1,0.15,6074.18,-1397.37
ORD-11069,2024-07-15,2024-07-20,Standard,Consumer,East,Guwahati,Groceries,Tea 500g,6,96.5,0.15,492.15,19.53
ORD-11070,2024-08-07,2024-08-10,Express,Home Office,East,Patna,Furniture,Bed Frame,2,8930.79,0.3,12503.11,638.18
ORD-11071,2025-04-19,2025-04-25,Express,Home Office,East,Kolkata,Home & Kitchen,LED Bulb,2,438.56,0.2,701.7,108.47
ORD-11072,2025-09-10,2025-09-16,Same Day,Consumer,North,Chandigarh,Home & Kitchen,LED Bulb,6,5515.95,0.0,33095.7,4458.77
ORD-11073,2024-01-03,2024-01-05,Same Day,Consumer,South,Bengaluru,Electronics,Laptop,1,5891.96,0.15,5008.17,-338.03
ORD-11074,2025-06-22,2025-06-28,Express,Corporate,North,Lucknow,Furniture,Bed Frame,3,11134.81,0.2,26723.54,-7080.74
ORD-11075,2024-04-03,2024-04-06,Express,Home Office,South,Coimbatore,Electronics,Headphones,2,58199.13,0.0,116398.26,23133.2
ORD-11076,2024-08-08,2024-08-10,Express,Consumer,North,Lucknow,Electronics,Smartphone,6,7640.15,0.0,45840.9,-3800.16
ORD-11077,2024-04-09,2024-04-12,Standard,Corporate,West,Ahmedabad,Electronics,Laptop,2,13434.1,0.1,24181.38,3528.37
ORD-11078,2025-02-15,2025-02-20,Standard,Corporate,North,Chandigarh,Groceries,Rice 5kg,1,185.05,0.2,148.04,5.46
ORD-11079,2024-07-29,2024-08-02,Same Day,Home Office,South,Bengaluru,Furniture,Sofa,4,10047.26,0.2,32151.23,3643.94
ORD-11080,2024-04-18,2024-04-19,Same Day,Home Office,West,Mumbai,Home & Kitchen,Storage Box,2,2764.53,0.0,5529.06,538.48
ORD-11081,2025-11-01,2025-11-06,Express,Corporate,West,Pune,Groceries,Atta 5kg,7,480.09,0.0,3360.63,679.8
ORD-11082,2025-07-01,2025-07-03,Same Day,Consumer,West,Ahmedabad,Furniture,Office Chair,6,4363.87,0.2,20946.58,-2722.46
ORD-11083,2025-08-31,2025-09-01,Express,Consumer,West,Ahmedabad,Clothing,T-Shirt,1,631.35,0.1,568.22,110.07
ORD-11084,2025-10-20,2025-10-22,Standard,Consumer,North,Jaipur,Home & Kitchen,Mixer Grinder,1,4880.96,0.0,4880.96,-449.98
ORD-11085,2025-11-06,2025-11-07,Standard,Consumer,North,Jaipur,Electronics,Smartphone,3,55747.96,0.3,117070.72,16543.77
ORD-11086,2025-08-02,2025-08-05,Express,Corporate,North,Chandigarh,Groceries,Snacks Pack,6,529.08,0.0,3174.48,900.97
ORD-11087,2025-09-26,2025-10-01,Same Day,Consumer,East,Bhubaneswar,Electronics,Tablet,7,17911.87,0.2,100306.47,-15266.42
ORD-11088,2025-07-26,2025-08-01,Express,Corporate,West,Mumbai,Clothing,Sneakers,1,787.11,0.3,550.98,109.98
ORD-11089,2025-12-09,2025-12-13,Same Day,Consumer,South,Chennai,Home & Kitchen,Water Bottle,2,2553.73,0.0,5107.46,-530.16
ORD-11090,2025-03-24,2025-03-26,Same Day,Consumer,West,Surat,Home & Kitchen,Mixer Grinder,1,3783.07,0.1,3404.76,969.24
ORD-11091,2024-08-04,2024-08-08,Standard,Consumer,East,Patna,Clothing,Jeans,1,3048.66,0.3,2134.06,295.95
ORD-11092,2024-07-09,2024-07-11,Same Day,Corporate,East,Patna,Electronics,Smartphone,1,44734.29,0.3,31314.0,4783.01
ORD-11093,2025-01-31,2025-02-05,Express,Home Office,North,Chandigarh,Electronics,Smartphone,1,21002.73,0.05,19952.59,-1339.56
ORD-11094,2025-11-11,2025-11-13,Standard,Corporate,North,Jaipur,Groceries,Atta 5kg,3,441.14,0.0,1323.42,-89.01
ORD-11095,2025-09-25,2025-10-01,Standard,Home Office,West,Pune,Groceries,Cooking Oil 1L,2,65.35,0.1,117.63,-13.13
ORD-11096,2024-08-24,2024-08-26,Standard,Consumer,North,Delhi,Furniture,Bed Frame,1,4545.88,0.0,4545.88,435.43
ORD-11097,2024-02-08,2024-02-14,Standard,Corporate,North,Chandigarh,Clothing,T-Shirt,5,590.89,0.1,2659.0,207.87
ORD-11098,2025-12-16,2025-12-20,Standard,Home Office,North,Delhi,Groceries,Cooking Oil 1L,2,98.76,0.0,197.52,43.93
ORD-11099,2024-06-01,2024-06-07,Same Day,Corporate,East,Bhubaneswar,Groceries,Tea 500g,6,288.87,0.0,1733.22,392.78
ORD-11100,2024-09-27,2024-09-30,Same Day,Corporate,East,Kolkata,Groceries,Snacks Pack,4,354.25,0.0,1417.0,-151.24
ORD-11101,2025-10-10,2025-10-14,Express,Home Office,West,Ahmedabad,Clothing,Formal Shirt,6,3312.18,0.0,19873.08,2658.96
ORD-11102,2024-07-19,2024-07-22,Same Day,Home Office,North,Chandigarh,Groceries,Cooking Oil 1L,5,243.35,0.3,851.72,150.35
ORD-11103,2025-07-02,2025-07-05,Same Day,Corporate,South,Bengaluru,Clothing,Formal Shirt,3,3455.95,0.0,10367.85,2442.48
ORD-11104,2024-06-21,2024-06-23,Standard,Corporate,South,Bengaluru,Groceries,Snacks Pack,4,186.86,0.0,747.44,73.41
ORD-11105,2024-03-31,2024-04-02,Standard,Home Office,West,Surat,Furniture,Office Chair,1,2508.39,0.1,2257.55,651.32
ORD-11106,2025-05-20,2025-05-23,Standard,Consumer,West,Surat,Clothing,Sneakers,7,1213.81,0.0,8496.67,-1107.61
ORD-11107,2025-07-30,2025-08-04,Same Day,Home Office,South,Bengaluru,Groceries,Tea 500g,3,285.0,0.05,812.25,199.19
ORD-11108,2024-09-28,2024-09-29,Standard,Consumer,West,Mumbai,Clothing,Formal Shirt,1,2294.0,0.05,2179.3,-229.95
ORD-11109,2025-08-30,2025-09-02,Express,Consumer,West,Pune,Groceries,Cooking Oil 1L,6,224.13,0.0,1344.78,379.94
ORD-11110,2024-11-21,2024-11-27,Express,Corporate,North,Delhi,Electronics,Smartwatch,1,37272.56,0.05,35408.93,10687.47
ORD-11111,2024-03-18,2024-03-20,Express,Corporate,West,Mumbai,Home & Kitchen,Non-stick Pan,2,2307.01,0.2,3691.22,738.88
ORD-11112,2025-10-18,2025-10-21,Express,Corporate,West,Surat,Electronics,Headphones,7,53716.29,0.05,357213.33,38097.68
ORD-11113,2025-04-16,2025-04-19,Same Day,Consumer,South,Hyderabad,Clothing,Sneakers,4,1676.26,0.1,6034.54,487.98
ORD-11114,2025-09-29,2025-10-02,Same Day,Home Office,South,Coimbatore,Home & Kitchen,Water Bottle,5,4606.18,0.05,21879.36,3906.86
ORD-11115,2024-01-09,2024-01-13,Express,Corporate,East,Bhubaneswar,Clothing,Jeans,2,2116.04,0.15,3597.27,928.63
ORD-11116,2024-08-26,2024-08-30,Same Day,Corporate,West,Surat,Home & Kitchen,LED Bulb,6,4810.88,0.2,23092.22,-1279.18
ORD-11117,2024-06-05,2024-06-11,Same Day,Corporate,South,Coimbatore,Home & Kitchen,Storage Box,4,4585.71,0.2,14674.27,858.6
ORD-11118,2025-10-01,2025-10-04,Same Day,Consumer,North,Lucknow,Home & Kitchen,Water Bottle,7,4973.58,0.0,34815.06,1426.12
ORD-11119,2025-09-20,2025-09-25,Express,Consumer,South,Bengaluru,Clothing,Formal Shirt,6,1229.03,0.3,5161.93,-937.71
ORD-11120,2025-12-29,2026-01-03,Express,Corporate,East,Patna,Furniture,Office Chair,6,14829.61,0.1,80079.89,9315.49
ORD-11121,2024-07-16,2024-07-20,Same Day,Corporate,East,Patna,Furniture,Sofa,7,21151.68,0.0,148061.76,25742.82
ORD-11122,2025-07-28,2025-08-02,Standard,Corporate,East,Patna,Groceries,Atta 5kg,3,501.32,0.0,1503.96,273.28
ORD-11123,2025-12-21,2025-12-24,Same Day,Home Office,North,Lucknow,Home & Kitchen,LED Bulb,4,3021.34,0.15,10272.56,2208.96
ORD-11124,2024-08-10,2024-08-12,Standard,Consumer,East,Bhubaneswar,Furniture,Office Chair,4,18632.44,0.0,74529.76,-17646.04
ORD-11125,2025-08-01,2025-08-03,Standard,Corporate,North,Jaipur,Clothing,Formal Shirt,4,2004.51,0.2,6414.43,316.18
ORD-11126,2025-07-04,2025-07-08,Same Day,Corporate,North,Lucknow,Clothing,Jeans,5,2401.71,0.0,12008.55,1871.42
ORD-11127,2024-03-09,2024-03-12,Standard,Consumer,East,Bhubaneswar,Clothing,Jeans,5,734.64,0.05,3489.54,460.9
ORD-11128,2024-03-02,2024-03-05,Express,Corporate,North,Chandigarh,Electronics,Laptop,4,35091.01,0.0,140364.04,-17315.4
ORD-11129,2025-12-06,2025-12-07,Same Day,Corporate,North,Delhi,Clothing,Formal Shirt,5,2783.34,0.3,9741.69,-1816.67
ORD-11130,2024-12-27,2024-12-30,Standard,Corporate,South,Chennai,Clothing,T-Shirt,1,2518.93,0.0,2518.93,331.22
ORD-11131,2024-12-25,2024-12-31,Express,Corporate,East,Bhubaneswar,Electronics,Headphones,3,18478.56,0.3,38804.98,8263.21
ORD-11132,2025-12-12,2025-12-13,Standard,Home Office,North,Jaipur,Groceries,Cooking Oil 1L,4,362.82,0.0,1451.28,387.69
ORD-11133,2025-02-13,2025-02-15,Express,Corporate,North,Chandigarh,Furniture,Bed Frame,7,19947.33,0.0,139631.31,37890.36
ORD-11134,2025-09-10,2025-09-14,Same Day,Consumer,West,Surat,Electronics,Smartwatch,3,33826.56,0.0,101479.68,18553.3
ORD-11135,2024-08-06,2024-08-09,Standard,Consumer,East,Patna,Groceries,Snacks Pack,7,364.19,0.05,2421.86,524.27
ORD-11136,2024-11-15,2024-11-20,Standard,Corporate,West,Surat,Home & Kitchen,Non-stick Pan,1,4731.9,0.1,4258.71,594.39
ORD-11137,2025-02-20,2025-02-24,Same Day,Home Office,West,Surat,Home & Kitchen,Storage Box,4,579.17,0.15,1969.18,174.98
ORD-11138,2024-03-04,2024-03-10,Standard,Corporate,North,Lucknow,Furniture,Study Table,3,17226.84,0.1,46512.47,13885.34
ORD-11139,2025-03-20,2025-03-26,Express,Corporate,East,Kolkata,Groceries,Cooking Oil 1L,7,487.62,0.2,2730.67,289.8
ORD-11140,2025-03-03,2025-03-06,Standard,Corporate,West,Surat,Electronics,Laptop,1,5415.64,0.15,4603.29,400.26
ORD-11141,2024-03-14,2024-03-19,Express,Corporate,South,Chennai,Home & Kitchen,LED Bulb,4,2658.79,0.0,10635.16,-2592.55
ORD-11142,2024-05-27,2024-06-01,Standard,Corporate,South,Bengaluru,Groceries,Snacks Pack,5,346.1,0.3,1211.35,-380.45
ORD-11143,2025-10-24,2025-10-29,Standard,Corporate,East,Patna,Groceries,Rice 5kg,7,459.61,0.15,2734.68,-446.37
ORD-11144,2024-03-14,2024-03-17,Standard,Corporate,North,Delhi,Furniture,Bookshelf,7,15764.81,0.05,104835.99,9149.95
ORD-11145,2024-12-30,2025-01-05,Standard,Consumer,East,Patna,Furniture,Sofa,5,12845.3,0.0,64226.5,6109.08
ORD-11146,2025-08-13,2025-08-15,Same Day,Corporate,North,Jaipur,Home & Kitchen,Water Bottle,1,3596.3,0.3,2517.41,519.72
ORD-11147,2025-06-19,2025-06-23,Standard,Corporate,South,Bengaluru,Furniture,Office Chair,6,7352.86,0.3,30882.01,1527.21
ORD-11148,2025-08-28,2025-09-03,Standard,Home Office,North,Jaipur,Clothing,T-Shirt,5,1597.57,0.15,6789.67,2120.42
ORD-11149,2024-07-14,2024-07-15,Standard,Consumer,South,Coimbatore,Clothing,Jacket,7,850.42,0.0,5952.94,638.16
ORD-11150,2025-12-07,2025-12-10,Standard,Consumer,West,Pune,Furniture,Bookshelf,6,23104.89,0.3,97040.54,17846.18
ORD-11151,2025-01-24,2025-01-27,Express,Corporate,East,Bhubaneswar,Electronics,Smartwatch,1,30225.33,0.3,21157.73,1048.55
ORD-11152,2024-10-24,2024-10-30,Express,Home Office,North,Jaipur,Electronics,Smartwatch,5,26155.85,0.1,117701.32,6301.7
ORD-11153,2024-07-11,2024-07-12,Express,Consumer,West,Pune,Home & Kitchen,Storage Box,3,2458.57,0.15,6269.35,813.36
ORD-11154,2024-03-09,2024-03-15,Same Day,Consumer,East,Guwahati,Electronics,Tablet,5,51680.04,0.15,219640.17,36603.87
ORD-11155,2025-08-08,2025-08-11,Same Day,Home Office,West,Mumbai,Clothing,T-Shirt,6,2537.75,0.05,14465.18,-526.15
ORD-11156,2025-05-24,2025-05-30,Standard,Home Office,North,Jaipur,Groceries,Cooking Oil 1L,2,387.95,0.15,659.52,136.65
ORD-11157,2025-08-01,2025-08-06,Express,Home Office,South,Coimbatore,Clothing,T-Shirt,4,1217.23,0.1,4382.03,-563.96
ORD-11158,2025-04-24,2025-04-27,Standard,Corporate,North,Delhi,Groceries,Snacks Pack,5,564.82,0.3,1976.87,94.36
ORD-11159,2024-02-13,2024-02-18,Same Day,Corporate,West,Pune,Clothing,Formal Shirt,6,2491.64,0.0,14949.84,1749.1
ORD-11160,2025-08-18,2025-08-23,Standard,Home Office,North,Jaipur,Electronics,Tablet,6,42743.55,0.0,256461.3,-23257.57
ORD-11161,2024-06-24,2024-06-25,Same Day,Consumer,West,Surat,Electronics,Headphones,7,37850.23,0.3,185466.13,59719.88
ORD-11162,2025-04-16,2025-04-21,Standard,Home Office,West,Surat,Clothing,T-Shirt,5,675.5,0.0,3377.5,328.59
ORD-11163,2025-01-23,2025-01-27,Express,Corporate,West,Surat,Groceries,Snacks Pack,3,370.58,0.0,1111.74,244.77
ORD-11164,2025-12-19,2025-12-23,Express,Consumer,East,Guwahati,Groceries,Tea 500g,6,85.66,0.15,436.87,14.56
ORD-11165,2025-08-08,2025-08-10,Express,Home Office,West,Mumbai,Electronics,Headphones,6,37409.04,0.2,179563.39,24396.73
ORD-11166,2025-12-29,2025-12-30,Standard,Corporate,East,Bhubaneswar,Groceries,Rice 5kg,4,591.55,0.1,2129.58,160.13
ORD-11167,2024-04-12,2024-04-14,Standard,Consumer,North,Lucknow,Home & Kitchen,Mixer Grinder,5,4042.75,0.0,20213.75,5013.31
ORD-11168,2024-07-27,2024-07-29,Express,Home Office,West,Mumbai,Clothing,Sneakers,7,3237.94,0.15,19265.74,1952.33
ORD-11169,2025-11-07,2025-11-12,Standard,Corporate,East,Guwahati,Furniture,Bookshelf,2,21528.32,0.3,30139.65,-6856.4
ORD-11170,2024-09-06,2024-09-12,Same Day,Home Office,North,Chandigarh,Home & Kitchen,Non-stick Pan,1,3781.86,0.2,3025.49,911.36
ORD-11171,2024-03-26,2024-03-28,Express,Corporate,West,Surat,Home & Kitchen,Water Bottle,2,4944.41,0.15,8405.5,721.28
ORD-11172,2025-02-11,2025-02-12,Same Day,Corporate,North,Chandigarh,Home & Kitchen,Storage Box,5,5558.79,0.0,27793.95,7919.09
ORD-11173,2024-09-07,2024-09-11,Express,Corporate,West,Mumbai,Home & Kitchen,Water Bottle,6,2293.48,0.1,12384.79,1144.42
ORD-11174,2025-07-31,2025-08-02,Express,Home Office,West,Mumbai,Electronics,Smartwatch,4,4728.46,0.15,16076.76,2486.48
ORD-11175,2024-08-14,2024-08-15,Same Day,Home Office,East,Patna,Clothing,Sneakers,7,2841.42,0.0,19889.94,2049.66
ORD-11176,2025-03-02,2025-03-03,Standard,Corporate,East,Kolkata,Home & Kitchen,Water Bottle,7,4293.93,0.0,30057.51,6587.34
ORD-11177,2025-05-12,2025-05-18,Standard,Consumer,South,Hyderabad,Clothing,Jacket,1,1433.27,0.0,1433.27,-294.91
ORD-11178,2025-10-31,2025-11-05,Standard,Consumer,South,Chennai,Groceries,Tea 500g,1,233.52,0.2,186.82,40.19
ORD-11179,2025-07-01,2025-07-06,Standard,Home Office,East,Patna,Clothing,T-Shirt,6,1074.87,0.3,4514.45,993.9
ORD-11180,2025-01-03,2025-01-08,Same Day,Home Office,North,Lucknow,Groceries,Atta 5kg,5,566.19,0.2,2264.76,419.96
ORD-11181,2025-03-19,2025-03-21,Express,Consumer,South,Bengaluru,Groceries,Cooking Oil 1L,5,537.89,0.3,1882.61,-255.56
ORD-11182,2025-02-13,2025-02-16,Same Day,Home Office,South,Hyderabad,Furniture,Bed Frame,6,13345.58,0.3,56051.44,6803.07
ORD-11183,2025-12-30,2025-12-31,Express,Consumer,North,Jaipur,Furniture,Study Table,2,14803.26,0.3,20724.56,1615.48
ORD-11184,2025-10-10,2025-10-11,Same Day,Corporate,North,Chandigarh,Clothing,T-Shirt,6,3015.96,0.2,14476.61,1125.92
ORD-11185,2024-09-08,2024-09-09,Same Day,Corporate,South,Hyderabad,Groceries,Cooking Oil 1L,2,53.11,0.0,106.22,-3.5
ORD-11186,2025-09-27,2025-10-01,Standard,Corporate,South,Chennai,Electronics,Headphones,4,45878.53,0.05,174338.41,27294.68
ORD-11187,2024-09-22,2024-09-27,Express,Consumer,East,Guwahati,Electronics,Smartphone,3,53782.47,0.05,153280.04,38870.38
ORD-11188,2024-08-27,2024-09-02,Express,Consumer,West,Mumbai,Electronics,Laptop,1,25761.28,0.2,20609.02,2340.24
ORD-11189,2025-09-09,2025-09-13,Standard,Consumer,South,Hyderabad,Home & Kitchen,LED Bulb,6,1680.61,0.0,10083.66,1637.73
ORD-11190,2024-08-13,2024-08-19,Standard,Corporate,South,Hyderabad,Electronics,Smartwatch,1,27225.38,0.1,24502.84,-6000.98
ORD-11191,2024-02-03,2024-02-08,Same Day,Consumer,North,Jaipur,Groceries,Atta 5kg,2,96.7,0.0,193.4,42.97
ORD-11192,2025-08-22,2025-08-25,Standard,Corporate,East,Patna,Clothing,Formal Shirt,7,3022.53,0.0,21157.71,916.88
ORD-11193,2025-03-20,2025-03-25,Standard,Consumer,East,Bhubaneswar,Furniture,Office Chair,7,16799.85,0.0,117598.95,20084.42
ORD-11194,2025-03-23,2025-03-26,Standard,Consumer,North,Lucknow,Electronics,Tablet,2,46900.73,0.3,65661.02,-6708.41
ORD-11195,2024-01-04,2024-01-09,Standard,Home Office,North,Chandigarh,Groceries,Snacks Pack,4,506.74,0.05,1925.61,469.94
ORD-11196,2024-02-12,2024-02-17,Standard,Corporate,East,Kolkata,Furniture,Office Chair,4,16932.96,0.0,67731.84,12032.58
ORD-11197,2024-05-11,2024-05-16,Standard,Home Office,West,Ahmedabad,Electronics,Headphones,1,44002.59,0.0,44002.59,3366.87
ORD-11198,2024-02-10,2024-02-14,Same Day,Consumer,East,Bhubaneswar,Clothing,T-Shirt,6,2876.61,0.05,16396.68,2712.26
ORD-11199,2024-11-04,2024-11-09,Same Day,Consumer,East,Bhubaneswar,Groceries,Atta 5kg,2,560.96,0.3,785.34,225.42
ORD-11200,2024-09-08,2024-09-14,Same Day,Home Office,North,Delhi,Home & Kitchen,LED Bulb,7,5287.39,0.0,37011.73,2026.2
ORD-11201,2024-06-18,2024-06-21,Standard,Corporate,East,Kolkata,Electronics,Laptop,5,30368.55,0.2,121474.2,-14458.76
ORD-11202,2025-08-17,2025-08-19,Same Day,Home Office,East,Guwahati,Clothing,Formal Shirt,7,497.85,0.0,3484.95,-805.77
ORD-11203,2024-11-10,2024-11-15,Standard,Home Office,North,Chandigarh,Groceries,Atta 5kg,2,147.89,0.15,251.41,71.38
ORD-11204,2024-02-10,2024-02-14,Same Day,Home Office,North,Jaipur,Home & Kitchen,LED Bulb,3,5377.95,0.05,15327.16,1927.58
ORD-11205,2024-11-13,2024-11-19,Standard,Home Office,South,Coimbatore,Home & Kitchen,Water Bottle,4,5313.89,0.1,19130.0,1590.27
ORD-11206,2025-02-01,2025-02-06,Standard,Corporate,South,Hyderabad,Clothing,Jeans,5,552.65,0.3,1934.28,-160.56
ORD-11207,2024-12-13,2024-12-17,Same Day,Corporate,South,Hyderabad,Groceries,Tea 500g,6,228.86,0.15,1167.19,97.29
ORD-11208,2025-07-15,2025-07-16,Standard,Consumer,South,Chennai,Clothing,Jacket,3,2865.77,0.3,6018.12,1278.14
ORD-11209,2024-05-28,2024-06-01,Standard,Home Office,South,Bengaluru,Clothing,Sneakers,4,1827.98,0.0,7311.92,-1524.11
ORD-11210,2025-12-23,2025-12-27,Express,Corporate,East,Patna,Electronics,Tablet,4,5326.66,0.0,21306.64,1791.91
ORD-11211,2025-03-08,2025-03-12,Express,Home Office,North,Jaipur,Groceries,Rice 5kg,6,487.34,0.0,2924.04,337.44
ORD-11212,2024-07-01,2024-07-02,Express,Home Office,East,Bhubaneswar,Clothing,Sneakers,4,1794.01,0.0,7176.04,-1592.57
ORD-11213,2025-02-15,2025-02-16,Standard,Consumer,North,Jaipur,Electronics,Tablet,7,36573.51,0.0,256014.57,-15059.03
ORD-11214,2025-06-25,2025-06-27,Same Day,Consumer,North,Chandigarh,Clothing,Jacket,2,735.96,0.15,1251.13,189.99
ORD-11215,2025-09-03,2025-09-09,Express,Home Office,East,Bhubaneswar,Clothing,T-Shirt,1,2887.17,0.1,2598.45,463.68
ORD-11216,2025-08-21,2025-08-26,Express,Corporate,South,Coimbatore,Electronics,Laptop,1,20682.15,0.2,16545.72,-744.37
ORD-11217,2024-07-20,2024-07-21,Same Day,Home Office,East,Bhubaneswar,Home & Kitchen,LED Bulb,5,2088.36,0.2,8353.44,1423.48
ORD-11218,2025-03-29,2025-03-30,Express,Corporate,West,Pune,Furniture,Bookshelf,4,19790.72,0.05,75204.74,14343.51
ORD-11219,2024-08-28,2024-08-30,Same Day,Consumer,West,Pune,Groceries,Tea 500g,7,193.08,0.0,1351.56,69.85
ORD-11220,2025-03-30,2025-04-02,Same Day,Consumer,West,Mumbai,Furniture,Sofa,5,4076.77,0.0,20383.85,-2229.16
ORD-11221,2024-06-21,2024-06-26,Standard,Consumer,East,Kolkata,Home & Kitchen,Storage Box,7,1426.71,0.0,9986.97,978.15
ORD-11222,2024-12-21,2024-12-25,Same Day,Corporate,North,Chandigarh,Electronics,Headphones,1,22852.07,0.05,21709.47,-1277.26
ORD-11223,2025-09-28,2025-10-04,Standard,Consumer,North,Delhi,Electronics,Smartwatch,5,58624.32,0.2,234497.28,25814.11
ORD-11224,2024-04-23,2024-04-29,Standard,Home Office,East,Bhubaneswar,Clothing,Formal Shirt,6,1986.93,0.1,10729.42,629.93
ORD-11225,2024-10-08,2024-10-09,Express,Corporate,West,Mumbai,Clothing,Formal Shirt,5,1636.17,0.0,8180.85,1041.85
ORD-11226,2024-09-23,2024-09-26,Same Day,Home Office,West,Pune,Clothing,Sneakers,4,1810.34,0.0,7241.36,577.04
ORD-11227,2025-09-27,2025-09-29,Standard,Corporate,East,Bhubaneswar,Home & Kitchen,Mixer Grinder,3,3524.35,0.1,9515.74,-921.1
ORD-11228,2024-05-29,2024-05-30,Same Day,Consumer,East,Patna,Clothing,T-Shirt,2,912.96,0.0,1825.92,236.91
ORD-11229,2024-02-07,2024-02-08,Same Day,Home Office,West,Ahmedabad,Home & Kitchen,Storage Box,2,4115.45,0.15,6996.26,-708.39
ORD-11230,2025-05-03,2025-05-04,Same Day,Home Office,East,Kolkata,Groceries,Cooking Oil 1L,7,213.98,0.05,1422.97,313.88
ORD-11231,2024-07-26,2024-07-28,Express,Corporate,East,Guwahati,Groceries,Rice 5kg,2,544.31,0.0,1088.62,54.43
ORD-11232,2024-06-06,2024-06-10,Same Day,Consumer,West,Mumbai,Electronics,Smartwatch,4,16465.57,0.0,65862.28,-8368.73
ORD-11233,2025-03-07,2025-03-09,Same Day,Consumer,South,Bengaluru,Electronics,Smartphone,5,34104.23,0.15,144942.98,11678.96
ORD-11234,2025-08-04,2025-08-07,Express,Corporate,West,Pune,Furniture,Study Table,1,21067.44,0.05,20014.07,2161.7
ORD-11235,2025-08-05,2025-08-08,Express,Consumer,South,Coimbatore,Clothing,Sneakers,1,2456.57,0.0,2456.57,191.79
ORD-11236,2025-01-03,2025-01-06,Express,Consumer,East,Guwahati,Groceries,Snacks Pack,3,548.58,0.05,1563.45,291.38
ORD-11237,2024-08-26,2024-08-28,Same Day,Home Office,West,Ahmedabad,Electronics,Tablet,2,13778.19,0.0,27556.38,4105.08
ORD-11238,2025-07-20,2025-07-22,Standard,Corporate,South,Chennai,Home & Kitchen,Non-stick Pan,1,1571.39,0.1,1414.25,330.09
ORD-11239,2024-10-14,2024-10-18,Same Day,Consumer,South,Bengaluru,Home & Kitchen,Storage Box,3,1017.97,0.0,3053.91,136.92
ORD-11240,2025-03-19,2025-03-22,Same Day,Consumer,North,Delhi,Home & Kitchen,Non-stick Pan,5,4134.86,0.0,20674.3,1969.74
ORD-11241,2025-10-02,2025-10-06,Standard,Home Office,North,Jaipur,Clothing,Jacket,1,3277.14,0.3,2294.0,-271.84
ORD-11242,2025-12-29,2026-01-04,Standard,Corporate,North,Lucknow,Electronics,Headphones,2,34891.92,0.1,62805.46,6290.28
ORD-11243,2025-06-23,2025-06-28,Standard,Home Office,North,Chandigarh,Electronics,Smartwatch,3,18216.64,0.1,49184.93,10560.72
ORD-11244,2024-01-26,2024-01-27,Express,Home Office,West,Surat,Home & Kitchen,Water Bottle,3,1526.97,0.05,4351.86,594.8
ORD-11245,2025-08-01,2025-08-06,Standard,Consumer,West,Pune,Clothing,Jacket,6,3087.09,0.15,15744.16,5074.56
ORD-11246,2025-03-22,2025-03-25,Express,Corporate,East,Patna,Clothing,Sneakers,6,1526.3,0.2,7326.24,-851.17
ORD-11247,2024-11-15,2024-11-17,Express,Corporate,West,Surat,Furniture,Office Chair,1,3760.11,0.1,3384.1,540.76
ORD-11248,2024-07-28,2024-08-01,Express,Corporate,South,Hyderabad,Groceries,Rice 5kg,4,403.69,0.2,1291.81,168.84
ORD-11249,2024-10-01,2024-10-03,Standard,Consumer,West,Mumbai,Home & Kitchen,LED Bulb,7,1537.86,0.0,10765.02,1659.23
ORD-11250,2025-01-07,2025-01-12,Standard,Consumer,South,Coimbatore,Groceries,Cooking Oil 1L,6,217.66,0.0,1305.96,159.79
ORD-11251,2025-04-11,2025-04-15,Same Day,Consumer,West,Pune,Groceries,Tea 500g,6,123.68,0.15,630.77,149.96
ORD-11252,2024-06-27,2024-06-28,Express,Consumer,North,Delhi,Furniture,Office Chair,1,9948.1,0.2,7958.48,1822.19
ORD-11253,2025-07-05,2025-07-09,Same Day,Corporate,South,Coimbatore,Groceries,Snacks Pack,6,479.49,0.0,2876.94,642.67
ORD-11254,2025-10-22,2025-10-24,Standard,Consumer,West,Mumbai,Electronics,Headphones,6,42081.37,0.2,201990.58,37211.99
ORD-11255,2024-04-06,2024-04-07,Standard,Home Office,West,Surat,Clothing,T-Shirt,4,1669.5,0.15,5676.3,484.63
ORD-11256,2024-08-08,2024-08-14,Standard,Consumer,North,Delhi,Home & Kitchen,LED Bulb,1,4607.12,0.3,3224.98,-143.77
ORD-11257,2024-10-15,2024-10-21,Same Day,Corporate,North,Jaipur,Home & Kitchen,Non-stick Pan,2,2056.14,0.2,3289.82,117.09
ORD-11258,2024-11-10,2024-11-14,Express,Home Office,West,Surat,Groceries,Tea 500g,3,419.86,0.05,1196.6,322.62
ORD-11259,2024-07-20,2024-07-22,Same Day,Home Office,East,Bhubaneswar,Clothing,Sneakers,2,2071.61,0.3,2900.25,-587.86
ORD-11260,2025-12-04,2025-12-08,Express,Corporate,South,Chennai,Clothing,Sneakers,4,2289.78,0.0,9159.12,1791.56
ORD-11261,2024-10-14,2024-10-15,Standard,Corporate,South,Coimbatore,Electronics,Headphones,1,28934.05,0.1,26040.64,3414.82
ORD-11262,2024-10-08,2024-10-11,Express,Corporate,West,Ahmedabad,Furniture,Bed Frame,3,21662.39,0.1,58488.45,8260.62
ORD-11263,2024-07-14,2024-07-20,Standard,Corporate,South,Chennai,Furniture,Bed Frame,1,2448.74,0.1,2203.87,434.34
ORD-11264,2024-08-30,2024-09-04,Standard,Home Office,North,Chandigarh,Groceries,Rice 5kg,5,264.72,0.05,1257.42,167.47
ORD-11265,2025-04-02,2025-04-07,Express,Home Office,West,Ahmedabad,Furniture,Bookshelf,4,20567.74,0.3,57589.67,-5120.81
ORD-11266,2024-08-25,2024-08-31,Express,Corporate,East,Guwahati,Electronics,Headphones,6,29631.31,0.1,160009.07,26358.56
ORD-11267,2024-12-02,2024-12-06,Same Day,Consumer,West,Pune,Home & Kitchen,Storage Box,3,3739.22,0.15,9535.01,-314.14
ORD-11268,2025-10-02,2025-10-07,Express,Home Office,East,Kolkata,Groceries,Snacks Pack,4,560.86,0.15,1906.92,204.02
ORD-11269,2025-05-15,2025-05-18,Express,Consumer,East,Bhubaneswar,Electronics,Tablet,4,58115.6,0.05,220839.28,71922.34
ORD-11270,2024-10-24,2024-10-30,Same Day,Home Office,East,Guwahati,Groceries,Rice 5kg,1,553.46,0.05,525.79,-35.0
ORD-11271,2025-06-28,2025-07-02,Express,Corporate,North,Jaipur,Home & Kitchen,Storage Box,7,4997.86,0.15,29737.27,7273.92
ORD-11272,2024-03-05,2024-03-10,Standard,Corporate,East,Guwahati,Electronics,Tablet,3,38371.01,0.0,115113.03,6336.76
ORD-11273,2024-02-02,2024-02-03,Same Day,Home Office,West,Pune,Groceries,Snacks Pack,1,141.66,0.3,99.16,-14.45
ORD-11274,2024-07-14,2024-07-18,Express,Corporate,West,Pune,Home & Kitchen,Non-stick Pan,1,310.54,0.05,295.01,18.18
ORD-11275,2024-09-03,2024-09-09,Standard,Consumer,South,Coimbatore,Home & Kitchen,LED Bulb,4,5746.7,0.05,21837.46,2996.79
ORD-11276,2025-02-25,2025-03-03,Express,Home Office,West,Pune,Electronics,Smartwatch,3,39236.08,0.15,100052.0,8393.16
ORD-11277,2024-05-24,2024-05-28,Same Day,Corporate,South,Chennai,Groceries,Atta 5kg,5,408.11,0.0,2040.55,139.77
ORD-11278,2025-03-30,2025-04-03,Express,Corporate,East,Patna,Furniture,Study Table,6,7410.98,0.0,44465.88,8420.44
ORD-11279,2024-03-10,2024-03-14,Standard,Consumer,North,Chandigarh,Electronics,Tablet,3,58819.36,0.0,176458.08,-19563.96
ORD-11280,2025-02-26,2025-03-04,Express,Corporate,South,Coimbatore,Clothing,Formal Shirt,2,2253.97,0.15,3831.75,-510.55
ORD-11281,2025-05-24,2025-05-28,Express,Corporate,East,Bhubaneswar,Groceries,Cooking Oil 1L,7,184.73,0.0,1293.11,246.04
ORD-11282,2025-06-08,2025-06-10,Same Day,Home Office,South,Chennai,Clothing,Sneakers,2,2592.52,0.3,3629.53,998.0
ORD-11283,2025-02-20,2025-02-26,Same Day,Consumer,North,Jaipur,Furniture,Bed Frame,6,23105.63,0.15,117838.71,9314.8
ORD-11284,2024-08-09,2024-08-14,Express,Home Office,West,Mumbai,Electronics,Smartphone,7,30227.17,0.3,148113.13,21040.59
ORD-11285,2024-07-24,2024-07-29,Express,Home Office,North,Chandigarh,Groceries,Snacks Pack,4,456.98,0.15,1553.73,163.93
ORD-11286,2025-03-10,2025-03-13,Standard,Home Office,North,Lucknow,Furniture,Office Chair,7,21089.39,0.2,118100.58,14527.16
ORD-11287,2025-12-13,2025-12-16,Express,Home Office,South,Chennai,Home & Kitchen,Non-stick Pan,3,5209.92,0.0,15629.76,-2840.68
ORD-11288,2024-01-05,2024-01-06,Standard,Home Office,West,Mumbai,Furniture,Sofa,2,6007.52,0.0,12015.04,626.55
ORD-11289,2025-10-14,2025-10-19,Same Day,Home Office,West,Pune,Electronics,Laptop,1,37256.85,0.0,37256.85,9137.22
ORD-11290,2025-07-29,2025-08-01,Standard,Corporate,East,Bhubaneswar,Electronics,Smartwatch,3,13441.34,0.15,34275.42,-1196.68
ORD-11291,2025-08-06,2025-08-11,Same Day,Home Office,East,Guwahati,Electronics,Laptop,6,28107.4,0.05,160212.18,-25891.71
ORD-11292,2024-06-06,2024-06-08,Express,Consumer,South,Bengaluru,Home & Kitchen,Storage Box,4,1541.95,0.3,4317.46,295.71
ORD-11293,2025-05-23,2025-05-25,Standard,Corporate,West,Mumbai,Home & Kitchen,Non-stick Pan,5,5476.3,0.05,26012.42,5475.47
ORD-11294,2025-03-31,2025-04-06,Standard,Home Office,South,Hyderabad,Electronics,Headphones,1,36959.75,0.2,29567.8,2718.8
ORD-11295,2025-10-25,2025-10-30,Standard,Corporate,South,Hyderabad,Electronics,Smartwatch,1,56112.04,0.0,56112.04,2618.8
ORD-11296,2025-08-05,2025-08-10,Express,Consumer,East,Bhubaneswar,Electronics,Smartphone,2,4664.87,0.0,9329.74,698.45
ORD-11297,2024-12-05,2024-12-07,Same Day,Corporate,West,Ahmedabad,Groceries,Cooking Oil 1L,5,227.33,0.15,966.15,36.3
ORD-11298,2024-06-01,2024-06-04,Express,Corporate,South,Hyderabad,Groceries,Tea 500g,5,364.23,0.0,1821.15,339.38
ORD-11299,2025-10-02,2025-10-05,Standard,Corporate,South,Coimbatore,Furniture,Bed Frame,4,5173.23,0.0,20692.92,6570.53
ORD-11300,2024-12-27,2024-12-28,Standard,Home Office,South,Coimbatore,Home & Kitchen,Mixer Grinder,4,2220.45,0.05,8437.71,419.33
ORD-11301,2025-10-29,2025-10-31,Standard,Home Office,East,Patna,Groceries,Atta 5kg,3,98.03,0.0,294.09,81.07
ORD-11302,2025-12-01,2025-12-02,Standard,Consumer,South,Hyderabad,Home & Kitchen,Storage Box,2,5876.55,0.0,11753.1,-708.88
ORD-11303,2024-10-11,2024-10-12,Same Day,Consumer,South,Chennai,Home & Kitchen,Storage Box,5,2983.94,0.15,12681.74,2486.04
ORD-11304,2025-01-09,2025-01-11,Same Day,Corporate,South,Bengaluru,Clothing,Jacket,3,2411.74,0.2,5788.18,1199.23
ORD-11305,2025-05-22,2025-05-24,Same Day,Corporate,North,Lucknow,Home & Kitchen,Water Bottle,1,5771.44,0.05,5482.87,-1625.84
ORD-11306,2025-10-18,2025-10-23,Standard,Consumer,East,Bhubaneswar,Electronics,Headphones,7,42626.8,0.0,298387.6,26471.57
ORD-11307,2024-02-06,2024-02-09,Standard,Consumer,South,Hyderabad,Clothing,Sneakers,2,2281.79,0.0,4563.58,-694.32
ORD-11308,2025-10-13,2025-10-14,Standard,Corporate,West,Pune,Electronics,Laptop,4,41011.5,0.0,164046.0,48764.51
ORD-11309,2024-03-04,2024-03-05,Standard,Corporate,East,Bhubaneswar,Groceries,Cooking Oil 1L,1,237.66,0.3,166.36,35.7
ORD-11310,2025-10-08,2025-10-10,Express,Corporate,North,Jaipur,Furniture,Sofa,1,13513.83,0.0,13513.83,3537.79
ORD-11311,2024-04-06,2024-04-11,Express,Corporate,West,Mumbai,Clothing,Jeans,3,1420.87,0.0,4262.61,481.24
ORD-11312,2024-09-28,2024-09-29,Standard,Corporate,West,Ahmedabad,Clothing,Formal Shirt,6,3443.35,0.0,20660.1,3590.12
ORD-11313,2025-03-28,2025-04-03,Standard,Home Office,East,Bhubaneswar,Home & Kitchen,Storage Box,1,4652.01,0.1,4186.81,711.11
ORD-11314,2025-04-29,2025-05-02,Same Day,Home Office,East,Bhubaneswar,Clothing,Sneakers,5,1751.96,0.15,7445.83,1282.77
ORD-11315,2025-01-17,2025-01-18,Same Day,Corporate,East,Bhubaneswar,Furniture,Office Chair,2,19385.55,0.0,38771.1,2847.01
ORD-11316,2025-11-01,2025-11-07,Express,Consumer,North,Lucknow,Furniture,Sofa,3,7202.12,0.3,15124.45,692.94
ORD-11317,2024-08-07,2024-08-12,Standard,Home Office,North,Lucknow,Clothing,Jeans,7,2859.24,0.05,19013.95,2729.28
ORD-11318,2024-04-16,2024-04-17,Same Day,Corporate,South,Hyderabad,Furniture,Sofa,6,24702.27,0.3,103749.53,-11547.74
ORD-11319,2025-10-02,2025-10-07,Same Day,Corporate,North,Jaipur,Groceries,Atta 5kg,1,361.41,0.15,307.2,84.86
ORD-11320,2025-12-19,2025-12-23,Express,Consumer,West,Pune,Furniture,Bookshelf,4,14629.8,0.0,58519.2,16738.91
ORD-11321,2024-09-21,2024-09-27,Standard,Home Office,West,Mumbai,Home & Kitchen,Mixer Grinder,2,3428.15,0.15,5827.86,-287.48
ORD-11322,2024-08-21,2024-08-26,Same Day,Corporate,East,Patna,Electronics,Laptop,5,35708.82,0.05,169616.9,26488.05
ORD-11323,2024-07-07,2024-07-11,Standard,Corporate,East,Kolkata,Home & Kitchen,Mixer Grinder,6,5424.03,0.0,32544.18,3158.99
ORD-11324,2025-10-05,2025-10-10,Express,Corporate,North,Chandigarh,Electronics,Tablet,7,30731.02,0.05,204361.28,24268.32
ORD-11325,2025-02-15,2025-02-17,Same Day,Corporate,North,Lucknow,Furniture,Sofa,4,3981.1,0.3,11147.08,410.99
ORD-11326,2024-02-18,2024-02-24,Standard,Home Office,West,Pune,Home & Kitchen,Water Bottle,5,3935.99,0.1,17711.95,2660.59
ORD-11327,2024-11-17,2024-11-19,Standard,Consumer,North,Delhi,Home & Kitchen,Mixer Grinder,2,4917.08,0.05,9342.45,-2774.77
ORD-11328,2025-12-30,2025-12-31,Express,Home Office,East,Guwahati,Clothing,Formal Shirt,7,1095.39,0.1,6900.96,658.22
ORD-11329,2025-04-17,2025-04-19,Express,Corporate,West,Mumbai,Groceries,Rice 5kg,5,203.52,0.0,1017.6,209.5
ORD-11330,2024-03-27,2024-03-31,Express,Consumer,West,Surat,Furniture,Study Table,6,22237.98,0.0,133427.88,28479.37
ORD-11331,2025-02-28,2025-03-05,Express,Corporate,West,Pune,Groceries,Atta 5kg,2,60.94,0.0,121.88,26.28
ORD-11332,2025-08-13,2025-08-16,Same Day,Home Office,South,Chennai,Clothing,Sneakers,4,2476.61,0.1,8915.8,1119.72
ORD-11333,2025-07-31,2025-08-02,Standard,Consumer,West,Surat,Furniture,Bed Frame,5,20082.18,0.05,95390.36,17132.43
ORD-11334,2024-06-27,2024-07-02,Same Day,Corporate,West,Mumbai,Groceries,Cooking Oil 1L,1,340.58,0.0,340.58,-19.48
ORD-11335,2024-07-07,2024-07-13,Same Day,Consumer,South,Coimbatore,Home & Kitchen,Non-stick Pan,1,3847.72,0.3,2693.4,-455.06
ORD-11336,2024-07-16,2024-07-19,Standard,Home Office,West,Surat,Groceries,Tea 500g,2,527.53,0.1,949.55,92.08
ORD-11337,2025-08-04,2025-08-07,Standard,Home Office,North,Delhi,Home & Kitchen,Mixer Grinder,7,3968.23,0.15,23610.97,3738.36
ORD-11338,2024-12-02,2024-12-06,Same Day,Home Office,West,Surat,Electronics,Headphones,2,32519.28,0.0,65038.56,6330.8
ORD-11339,2025-02-04,2025-02-07,Same Day,Consumer,West,Surat,Home & Kitchen,Mixer Grinder,4,3124.25,0.3,8747.9,1242.95
ORD-11340,2025-12-06,2025-12-12,Express,Corporate,East,Guwahati,Home & Kitchen,LED Bulb,6,3620.61,0.3,15206.56,4191.6
ORD-11341,2025-02-02,2025-02-04,Same Day,Consumer,West,Ahmedabad,Furniture,Study Table,6,13484.06,0.15,68768.71,18472.62
ORD-11342,2024-08-21,2024-08-25,Express,Corporate,South,Coimbatore,Home & Kitchen,Mixer Grinder,7,5989.18,0.1,37731.83,-7440.63
ORD-11343,2024-02-18,2024-02-24,Express,Consumer,South,Hyderabad,Home & Kitchen,Water Bottle,5,1211.8,0.1,5453.1,752.31
ORD-11344,2024-01-21,2024-01-26,Standard,Corporate,West,Mumbai,Furniture,Bookshelf,5,11909.28,0.1,53591.76,6928.98
ORD-11345,2025-11-27,2025-11-30,Same Day,Home Office,West,Pune,Home & Kitchen,Non-stick Pan,6,4056.29,0.15,20687.08,3173.19
ORD-11346,2025-09-09,2025-09-10,Same Day,Consumer,West,Pune,Home & Kitchen,LED Bulb,5,2028.66,0.15,8621.8,-2106.65
ORD-11347,2024-09-04,2024-09-08,Express,Consumer,West,Ahmedabad,Clothing,T-Shirt,2,2535.73,0.2,4057.17,947.57
ORD-11348,2024-10-20,2024-10-24,Express,Corporate,North,Chandigarh,Home & Kitchen,Water Bottle,3,1236.71,0.15,3153.61,148.61
ORD-11349,2024-02-01,2024-02-06,Same Day,Corporate,West,Ahmedabad,Electronics,Smartphone,1,48025.29,0.15,40821.5,11355.45
ORD-11350,2024-03-06,2024-03-10,Express,Home Office,South,Bengaluru,Home & Kitchen,Storage Box,4,5686.97,0.15,19335.7,3589.8
ORD-11351,2025-01-29,2025-01-30,Standard,Consumer,East,Patna,Furniture,Office Chair,7,6959.17,0.0,48714.19,-8621.52
ORD-11352,2025-10-15,2025-10-21,Same Day,Corporate,South,Bengaluru,Groceries,Snacks Pack,2,91.38,0.05,173.62,-58.62
ORD-11353,2024-04-08,2024-04-09,Express,Corporate,West,Mumbai,Electronics,Headphones,4,17172.37,0.2,54951.58,10065.05
ORD-11354,2024-11-17,2024-11-18,Express,Home Office,East,Guwahati,Groceries,Snacks Pack,4,112.29,0.1,404.24,103.7
ORD-11355,2025-12-15,2025-12-21,Express,Consumer,West,Surat,Groceries,Cooking Oil 1L,7,237.08,0.0,1659.56,346.92
ORD-11356,2025-02-21,2025-02-26,Standard,Consumer,East,Patna,Electronics,Headphones,7,36015.18,0.1,226895.63,-22933.35
ORD-11357,2024-08-13,2024-08-19,Same Day,Home Office,North,Jaipur,Home & Kitchen,Storage Box,4,4676.43,0.2,14964.58,1284.84
ORD-11358,2024-08-15,2024-08-18,Standard,Home Office,East,Patna,Clothing,T-Shirt,6,439.11,0.05,2502.93,-432.13
ORD-11359,2025-04-13,2025-04-14,Express,Home Office,East,Kolkata,Furniture,Sofa,1,20974.45,0.3,14682.12,1828.91
ORD-11360,2024-12-05,2024-12-09,Express,Corporate,West,Pune,Groceries,Cooking Oil 1L,3,198.74,0.0,596.22,-99.03
ORD-11361,2024-03-06,2024-03-10,Standard,Home Office,South,Chennai,Electronics,Smartphone,1,31218.64,0.3,21853.05,1772.49
ORD-11362,2025-12-11,2025-12-12,Same Day,Consumer,West,Mumbai,Home & Kitchen,Water Bottle,1,3838.95,0.15,3263.11,186.88
ORD-11363,2025-06-07,2025-06-08,Same Day,Consumer,South,Coimbatore,Electronics,Laptop,1,50576.64,0.1,45518.98,6929.54
ORD-11364,2024-04-17,2024-04-22,Same Day,Consumer,South,Coimbatore,Groceries,Atta 5kg,4,433.86,0.3,1214.81,260.26
ORD-11365,2024-02-12,2024-02-16,Same Day,Consumer,East,Bhubaneswar,Groceries,Tea 500g,2,558.99,0.0,1117.98,-117.9
ORD-11366,2025-08-13,2025-08-19,Express,Corporate,West,Mumbai,Home & Kitchen,Water Bottle,3,5969.14,0.2,14325.94,512.63
ORD-11367,2025-05-13,2025-05-17,Express,Consumer,East,Kolkata,Home & Kitchen,LED Bulb,5,5637.41,0.2,22549.64,5328.27
ORD-11368,2024-07-28,2024-08-03,Express,Home Office,West,Ahmedabad,Groceries,Rice 5kg,1,527.94,0.2,422.35,81.09
ORD-11369,2024-06-24,2024-06-26,Express,Corporate,South,Hyderabad,Electronics,Tablet,6,5637.03,0.3,23675.53,-4620.56
ORD-11370,2024-02-17,2024-02-21,Standard,Consumer,East,Guwahati,Furniture,Bookshelf,6,2987.13,0.1,16130.5,3633.38
ORD-11371,2024-05-01,2024-05-07,Same Day,Consumer,East,Bhubaneswar,Home & Kitchen,LED Bulb,4,888.85,0.05,3377.63,364.36
ORD-11372,2024-05-18,2024-05-24,Same Day,Consumer,West,Surat,Electronics,Tablet,7,4414.97,0.0,30904.79,-3087.12
ORD-11373,2025-08-13,2025-08-19,Same Day,Consumer,West,Mumbai,Clothing,Sneakers,3,2101.25,0.0,6303.75,1159.8
ORD-11374,2024-11-08,2024-11-09,Same Day,Corporate,South,Coimbatore,Groceries,Snacks Pack,5,132.34,0.05,628.62,61.69
ORD-11375,2025-06-06,2025-06-09,Express,Home Office,West,Ahmedabad,Clothing,Sneakers,7,1373.98,0.2,7694.29,1099.0
ORD-11376,2025-12-09,2025-12-12,Standard,Home Office,South,Bengaluru,Electronics,Laptop,5,31586.5,0.1,142139.25,12225.28
ORD-11377,2024-02-03,2024-02-09,Same Day,Corporate,North,Delhi,Furniture,Sofa,4,21876.77,0.0,87507.08,21053.7
ORD-11378,2025-01-05,2025-01-11,Standard,Home Office,East,Patna,Furniture,Bookshelf,4,20915.92,0.0,83663.68,6450.95
ORD-11379,2025-07-28,2025-07-30,Standard,Consumer,North,Chandigarh,Electronics,Headphones,4,47969.33,0.3,134314.12,23570.88
ORD-11380,2025-01-13,2025-01-17,Standard,Home Office,North,Delhi,Electronics,Laptop,2,36932.88,0.15,62785.9,3917.99
ORD-11381,2025-06-05,2025-06-09,Express,Consumer,South,Coimbatore,Electronics,Tablet,6,42147.05,0.0,252882.3,42159.17
ORD-11382,2024-03-27,2024-03-29,Same Day,Consumer,West,Pune,Groceries,Snacks Pack,4,458.4,0.0,1833.6,274.48
ORD-11383,2024-12-05,2024-12-09,Standard,Corporate,West,Surat,Clothing,Jeans,7,3287.87,0.0,23015.09,5753.23
ORD-11384,2025-05-10,2025-05-12,Same Day,Consumer,North,Delhi,Clothing,Formal Shirt,5,1032.03,0.0,5160.15,558.16
ORD-11385,2024-04-04,2024-04-06,Same Day,Home Office,East,Bhubaneswar,Electronics,Headphones,5,52923.62,0.05,251387.2,49445.5
ORD-11386,2024-05-22,2024-05-28,Same Day,Consumer,East,Kolkata,Clothing,Jeans,7,1592.76,0.0,11149.32,2115.15
ORD-11387,2025-08-13,2025-08-17,Same Day,Consumer,South,Coimbatore,Home & Kitchen,Water Bottle,6,5088.73,0.0,30532.38,1703.42
ORD-11388,2025-04-04,2025-04-07,Same Day,Consumer,West,Surat,Electronics,Laptop,4,23447.7,0.0,93790.8,10020.42
ORD-11389,2024-12-18,2024-12-20,Same Day,Corporate,West,Ahmedabad,Furniture,Bookshelf,2,24975.26,0.0,49950.52,8161.46
ORD-11390,2024-05-29,2024-06-04,Same Day,Corporate,South,Hyderabad,Groceries,Rice 5kg,1,201.57,0.0,201.57,41.43
ORD-11391,2025-03-26,2025-03-31,Standard,Corporate,East,Guwahati,Electronics,Smartwatch,5,30031.74,0.15,127634.9,10562.89
ORD-11392,2025-05-15,2025-05-16,Express,Consumer,West,Ahmedabad,Home & Kitchen,Non-stick Pan,4,5443.85,0.15,18509.09,5062.7
ORD-11393,2024-06-04,2024-06-10,Same Day,Corporate,North,Jaipur,Electronics,Headphones,7,18353.87,0.0,128477.09,-33773.6
ORD-11394,2024-01-05,2024-01-09,Express,Home Office,South,Hyderabad,Groceries,Rice 5kg,4,349.12,0.0,1396.48,103.41
ORD-11395,2024-02-24,2024-03-01,Same Day,Corporate,South,Bengaluru,Electronics,Smartphone,3,19981.9,0.1,53951.13,-5412.66
ORD-11396,2024-11-08,2024-11-11,Standard,Corporate,South,Bengaluru,Home & Kitchen,Storage Box,1,2638.66,0.0,2638.66,282.53
ORD-11397,2025-06-01,2025-06-03,Same Day,Home Office,South,Chennai,Groceries,Snacks Pack,5,367.98,0.0,1839.9,-90.99
ORD-11398,2025-11-29,2025-12-02,Same Day,Corporate,South,Coimbatore,Groceries,Snacks Pack,4,166.92,0.05,634.3,122.2
ORD-11399,2025-05-13,2025-05-17,Standard,Corporate,East,Patna,Electronics,Smartwatch,7,36987.7,0.1,233022.51,59033.75
ORD-11400,2024-07-03,2024-07-09,Standard,Consumer,West,Ahmedabad,Groceries,Atta 5kg,6,330.27,0.0,1981.62,-312.6
ORD-11401,2025-09-06,2025-09-09,Same Day,Corporate,West,Surat,Electronics,Smartphone,7,21465.32,0.1,135231.52,-6341.04
ORD-11402,2025-03-06,2025-03-10,Same Day,Home Office,North,Delhi,Groceries,Tea 500g,2,504.51,0.0,1009.02,171.11
ORD-11403,2025-05-02,2025-05-05,Same Day,Home Office,East,Guwahati,Groceries,Snacks Pack,2,152.22,0.05,289.22,23.27
ORD-11404,2024-05-18,2024-05-22,Standard,Consumer,West,Mumbai,Groceries,Snacks Pack,7,393.74,0.1,2480.56,543.42
ORD-11405,2024-10-12,2024-10-15,Standard,Consumer,North,Delhi,Home & Kitchen,Non-stick Pan,6,314.7,0.05,1793.79,393.48
ORD-11406,2025-10-04,2025-10-08,Same Day,Corporate,West,Mumbai,Groceries,Atta 5kg,3,419.72,0.0,1259.16,256.01
ORD-11407,2024-01-14,2024-01-18,Same Day,Home Office,East,Guwahati,Home & Kitchen,Mixer Grinder,4,2211.0,0.1,7959.6,743.86
ORD-11408,2024-02-21,2024-02-25,Same Day,Corporate,West,Mumbai,Electronics,Headphones,6,29818.88,0.2,143130.62,27256.43
ORD-11409,2025-12-21,2025-12-25,Standard,Corporate,West,Mumbai,Furniture,Office Chair,2,13686.91,0.0,27373.82,3653.46
ORD-11410,2024-07-02,2024-07-05,Standard,Home Office,West,Pune,Furniture,Study Table,5,7624.52,0.15,32404.21,8003.81
ORD-11411,2024-03-01,2024-03-06,Express,Corporate,West,Pune,Home & Kitchen,Storage Box,1,5432.0,0.3,3802.4,795.47
ORD-11412,2024-04-15,2024-04-18,Same Day,Home Office,East,Kolkata,Home & Kitchen,LED Bulb,6,1342.02,0.05,7649.51,820.5
ORD-11413,2024-02-13,2024-02-14,Express,Corporate,East,Patna,Clothing,T-Shirt,2,2234.83,0.2,3575.73,144.32
ORD-11414,2024-04-09,2024-04-14,Same Day,Home Office,West,Pune,Furniture,Sofa,2,12641.02,0.05,24017.94,2556.5
ORD-11415,2025-01-20,2025-01-22,Express,Corporate,North,Jaipur,Electronics,Headphones,6,31264.23,0.15,159447.57,23291.52
ORD-11416,2024-06-27,2024-06-30,Express,Corporate,East,Patna,Furniture,Study Table,1,24503.26,0.0,24503.26,6085.89
ORD-11417,2024-01-18,2024-01-23,Same Day,Consumer,East,Guwahati,Furniture,Study Table,5,11282.5,0.0,56412.5,11083.67
ORD-11418,2025-12-13,2025-12-18,Standard,Consumer,West,Pune,Groceries,Cooking Oil 1L,5,249.3,0.0,1246.5,211.37
ORD-11419,2025-02-03,2025-02-08,Same Day,Corporate,North,Delhi,Furniture,Bed Frame,5,11232.62,0.3,39314.17,7279.0
ORD-11420,2025-05-13,2025-05-19,Standard,Corporate,North,Delhi,Clothing,Jeans,2,3144.43,0.1,5659.97,-1183.38
ORD-11421,2024-08-04,2024-08-07,Express,Corporate,East,Bhubaneswar,Clothing,Formal Shirt,2,1529.46,0.0,3058.92,137.03
ORD-11422,2025-11-12,2025-11-16,Same Day,Home Office,North,Lucknow,Electronics,Headphones,3,24502.89,0.15,62482.37,9424.18
ORD-11423,2024-03-05,2024-03-07,Standard,Home Office,South,Hyderabad,Furniture,Study Table,2,6876.71,0.0,13753.42,1891.6
ORD-11424,2024-05-13,2024-05-16,Standard,Home Office,East,Kolkata,Electronics,Tablet,7,4186.15,0.0,29303.05,-2437.55
ORD-11425,2024-09-25,2024-09-29,Same Day,Corporate,West,Surat,Groceries,Atta 5kg,4,506.39,0.15,1721.73,460.03
ORD-11426,2024-12-13,2024-12-17,Standard,Corporate,North,Lucknow,Home & Kitchen,Storage Box,5,4092.33,0.3,14323.16,2273.62
ORD-11427,2024-10-10,2024-10-16,Same Day,Corporate,South,Chennai,Electronics,Headphones,1,24933.19,0.1,22439.87,-2732.43
ORD-11428,2024-11-29,2024-12-02,Same Day,Corporate,North,Lucknow,Groceries,Rice 5kg,1,462.42,0.0,462.42,-18.47
ORD-11429,2025-07-27,2025-07-30,Same Day,Consumer,South,Hyderabad,Groceries,Cooking Oil 1L,6,402.39,0.0,2414.34,577.5
ORD-11430,2024-01-07,2024-01-08,Standard,Consumer,West,Surat,Home & Kitchen,Storage Box,5,5501.73,0.15,23382.35,-2846.13
ORD-11431,2025-04-19,2025-04-20,Express,Corporate,South,Chennai,Groceries,Snacks Pack,4,345.75,0.0,1383.0,204.56
ORD-11432,2025-05-26,2025-05-30,Standard,Corporate,East,Kolkata,Furniture,Sofa,1,24150.37,0.3,16905.26,-1417.45
ORD-11433,2025-08-20,2025-08-23,Same Day,Home Office,East,Bhubaneswar,Furniture,Bed Frame,4,2130.5,0.0,8522.0,2419.3
ORD-11434,2024-07-04,2024-07-05,Standard,Home Office,East,Kolkata,Clothing,T-Shirt,3,2240.28,0.0,6720.84,-1650.94
ORD-11435,2025-10-31,2025-11-03,Express,Corporate,South,Bengaluru,Furniture,Bed Frame,1,11493.11,0.15,9769.14,-644.55
ORD-11436,2025-04-17,2025-04-21,Same Day,Home Office,North,Lucknow,Groceries,Snacks Pack,4,448.39,0.0,1793.56,234.39
ORD-11437,2025-02-02,2025-02-08,Express,Corporate,East,Guwahati,Home & Kitchen,Mixer Grinder,2,4707.26,0.05,8943.79,2006.78
ORD-11438,2024-10-15,2024-10-18,Same Day,Home Office,East,Guwahati,Clothing,Formal Shirt,6,1360.63,0.0,8163.78,987.92
ORD-11439,2025-04-03,2025-04-09,Standard,Home Office,North,Lucknow,Groceries,Snacks Pack,3,556.02,0.2,1334.45,167.39
ORD-11440,2024-07-21,2024-07-26,Express,Consumer,West,Ahmedabad,Home & Kitchen,Storage Box,1,767.04,0.0,767.04,162.85
ORD-11441,2025-01-04,2025-01-05,Same Day,Consumer,North,Jaipur,Groceries,Snacks Pack,6,283.4,0.0,1700.4,135.46
ORD-11442,2024-11-29,2024-11-30,Standard,Home Office,South,Coimbatore,Electronics,Tablet,5,55239.52,0.1,248577.84,-22894.25
ORD-11443,2024-01-07,2024-01-13,Standard,Corporate,West,Ahmedabad,Electronics,Smartphone,6,40450.41,0.1,218432.21,-29927.12
ORD-11444,2025-04-03,2025-04-06,Express,Corporate,East,Patna,Clothing,Formal Shirt,1,1241.75,0.05,1179.66,201.75
ORD-11445,2025-03-08,2025-03-14,Same Day,Home Office,East,Bhubaneswar,Furniture,Bed Frame,5,6270.56,0.0,31352.8,4678.19
ORD-11446,2025-09-23,2025-09-29,Express,Corporate,North,Delhi,Groceries,Tea 500g,6,194.68,0.15,992.87,-108.97
ORD-11447,2024-04-20,2024-04-25,Standard,Consumer,North,Chandigarh,Home & Kitchen,Water Bottle,7,4215.89,0.0,29511.23,-6106.99
ORD-11448,2025-10-08,2025-10-11,Standard,Corporate,North,Jaipur,Furniture,Bed Frame,6,9913.65,0.15,50559.61,9516.01
ORD-11449,2024-02-07,2024-02-10,Same Day,Corporate,East,Patna,Clothing,T-Shirt,3,748.33,0.05,2132.74,621.76
ORD-11450,2025-05-11,2025-05-17,Same Day,Corporate,North,Delhi,Furniture,Study Table,1,5147.52,0.2,4118.02,507.5
ORD-11451,2025-05-19,2025-05-23,Standard,Consumer,West,Pune,Furniture,Study Table,6,14927.76,0.3,62696.59,13882.6
ORD-11452,2025-12-23,2025-12-27,Standard,Home Office,North,Chandigarh,Furniture,Bookshelf,5,24021.33,0.0,120106.65,-33794.91
ORD-11453,2025-12-24,2025-12-29,Same Day,Corporate,East,Kolkata,Groceries,Rice 5kg,5,447.34,0.0,2236.7,331.37
ORD-11454,2025-12-22,2025-12-26,Standard,Corporate,East,Bhubaneswar,Furniture,Sofa,1,18469.59,0.0,18469.59,-5812.67
ORD-11455,2024-11-15,2024-11-16,Standard,Consumer,South,Chennai,Groceries,Atta 5kg,6,328.63,0.2,1577.42,258.88
ORD-11456,2025-02-09,2025-02-10,Same Day,Consumer,West,Mumbai,Home & Kitchen,Storage Box,7,2627.26,0.0,18390.82,1180.0
ORD-11457,2024-12-05,2024-12-10,Standard,Corporate,West,Pune,Home & Kitchen,Non-stick Pan,7,651.04,0.0,4557.28,238.56
ORD-11458,2024-05-29,2024-06-02,Standard,Corporate,South,Bengaluru,Home & Kitchen,Mixer Grinder,7,4129.52,0.2,23125.31,-2033.03
ORD-11459,2024-05-14,2024-05-19,Same Day,Corporate,East,Kolkata,Home & Kitchen,Non-stick Pan,7,4569.11,0.0,31983.77,6392.62
ORD-11460,2025-04-13,2025-04-19,Standard,Consumer,North,Jaipur,Electronics,Headphones,4,4159.39,0.0,16637.56,3490.41
ORD-11461,2025-05-18,2025-05-20,Same Day,Home Office,West,Mumbai,Electronics,Headphones,5,52330.39,0.0,261651.95,62548.65
ORD-11462,2025-03-18,2025-03-21,Same Day,Consumer,North,Chandigarh,Clothing,Sneakers,6,907.38,0.0,5444.28,-350.57
ORD-11463,2024-10-31,2024-11-02,Express,Corporate,South,Bengaluru,Furniture,Sofa,6,4327.74,0.0,25966.44,5329.99
ORD-11464,2025-08-24,2025-08-30,Standard,Consumer,South,Coimbatore,Home & Kitchen,Non-stick Pan,4,5637.23,0.0,22548.92,3109.24
ORD-11465,2025-11-19,2025-11-24,Standard,Consumer,West,Mumbai,Furniture,Study Table,5,19006.86,0.1,85530.87,-7009.26
ORD-11466,2025-03-13,2025-03-14,Express,Corporate,South,Hyderabad,Electronics,Headphones,5,2775.67,0.15,11796.6,2498.78
ORD-11467,2025-02-23,2025-02-27,Express,Consumer,East,Bhubaneswar,Furniture,Bookshelf,5,3890.39,0.0,19451.95,1624.37
ORD-11468,2025-05-21,2025-05-27,Standard,Consumer,East,Bhubaneswar,Clothing,T-Shirt,3,2258.35,0.2,5420.04,819.34
ORD-11469,2024-02-02,2024-02-05,Express,Home Office,North,Jaipur,Electronics,Headphones,5,20148.19,0.05,95703.9,6597.35
ORD-11470,2024-02-02,2024-02-05,Same Day,Consumer,West,Ahmedabad,Electronics,Laptop,3,59396.51,0.0,178189.53,43090.84
ORD-11471,2024-09-02,2024-09-06,Standard,Consumer,North,Lucknow,Groceries,Atta 5kg,7,221.77,0.3,1086.67,244.33
ORD-11472,2024-08-12,2024-08-16,Express,Corporate,East,Patna,Home & Kitchen,Mixer Grinder,1,5067.89,0.0,5067.89,902.73
ORD-11473,2025-09-26,2025-10-01,Same Day,Corporate,North,Chandigarh,Electronics,Smartphone,7,13682.05,0.0,95774.35,18432.05
ORD-11474,2025-12-19,2025-12-20,Standard,Home Office,South,Hyderabad,Electronics,Smartphone,4,17084.87,0.0,68339.48,12135.51
ORD-11475,2024-06-09,2024-06-10,Express,Home Office,West,Surat,Groceries,Snacks Pack,3,348.95,0.1,942.16,-173.28
ORD-11476,2025-10-29,2025-10-30,Standard,Corporate,South,Hyderabad,Electronics,Smartphone,7,13984.88,0.0,97894.16,4933.63
ORD-11477,2024-05-26,2024-05-27,Standard,Corporate,West,Surat,Clothing,Sneakers,5,2719.16,0.2,10876.64,1552.89
ORD-11478,2024-08-07,2024-08-08,Standard,Corporate,North,Chandigarh,Groceries,Rice 5kg,4,279.55,0.05,1062.29,-244.74
ORD-11479,2024-11-12,2024-11-14,Express,Corporate,West,Surat,Electronics,Headphones,6,8181.46,0.15,41725.45,11290.38
ORD-11480,2024-06-08,2024-06-14,Standard,Corporate,West,Mumbai,Electronics,Tablet,3,53881.57,0.0,161644.71,37406.04
ORD-11481,2024-08-11,2024-08-14,Express,Consumer,South,Coimbatore,Groceries,Tea 500g,1,223.97,0.0,223.97,57.1
ORD-11482,2025-12-21,2025-12-25,Standard,Corporate,South,Hyderabad,Furniture,Bed Frame,6,24234.11,0.15,123593.96,22815.78
ORD-11483,2024-01-05,2024-01-08,Standard,Home Office,North,Delhi,Furniture,Study Table,1,24217.76,0.15,20585.1,-1997.28
ORD-11484,2025-08-13,2025-08-18,Standard,Home Office,West,Mumbai,Furniture,Bed Frame,6,19085.81,0.2,91611.89,17771.14
ORD-11485,2024-04-24,2024-04-29,Express,Home Office,South,Bengaluru,Clothing,T-Shirt,6,2342.17,0.15,11945.07,2859.9
ORD-11486,2024-08-13,2024-08-15,Standard,Corporate,South,Chennai,Groceries,Snacks Pack,5,318.11,0.0,1590.55,233.52
ORD-11487,2025-04-17,2025-04-21,Standard,Corporate,North,Lucknow,Home & Kitchen,Mixer Grinder,5,5975.89,0.3,20915.61,1956.45
ORD-11488,2024-01-31,2024-02-04,Express,Corporate,South,Chennai,Electronics,Laptop,3,19661.58,0.0,58984.74,4908.48
ORD-11489,2024-10-21,2024-10-27,Express,Corporate,North,Chandigarh,Furniture,Office Chair,6,3086.84,0.15,15742.88,-4399.37
ORD-11490,2024-10-25,2024-10-30,Same Day,Corporate,East,Kolkata,Clothing,Sneakers,3,2028.85,0.1,5477.9,-237.31
ORD-11491,2024-03-27,2024-03-29,Same Day,Corporate,North,Chandigarh,Home & Kitchen,Non-stick Pan,3,490.38,0.0,1471.14,415.26
ORD-11492,2025-08-13,2025-08-14,Standard,Consumer,West,Surat,Home & Kitchen,Non-stick Pan,2,2532.7,0.0,5065.4,919.73
ORD-11493,2024-01-08,2024-01-13,Express,Consumer,West,Surat,Furniture,Bed Frame,2,16019.67,0.0,32039.34,3652.69
ORD-11494,2025-01-28,2025-01-29,Express,Home Office,West,Surat,Furniture,Office Chair,4,22021.51,0.0,88086.04,9685.41
ORD-11495,2025-07-07,2025-07-08,Standard,Consumer,South,Hyderabad,Home & Kitchen,Mixer Grinder,4,3209.02,0.2,10268.86,1785.34
ORD-11496,2025-06-09,2025-06-15,Same Day,Corporate,West,Mumbai,Electronics,Tablet,2,20614.8,0.15,35045.16,6033.24
ORD-11497,2024-09-02,2024-09-06,Express,Consumer,South,Hyderabad,Home & Kitchen,Storage Box,4,5375.83,0.0,21503.32,4515.88
ORD-11498,2024-01-30,2024-02-04,Standard,Consumer,West,Ahmedabad,Clothing,Jacket,7,958.18,0.0,6707.26,-1835.78
ORD-11499,2024-08-12,2024-08-17,Standard,Consumer,West,Ahmedabad,Home & Kitchen,Non-stick Pan,4,5557.77,0.05,21119.53,4217.23
ORD-11500,2025-05-19,2025-05-21,Standard,Corporate,North,Chandigarh,Electronics,Smartwatch,6,3172.64,0.0,19035.84,1623.22
ORD-11501,2025-09-03,2025-09-06,Express,Corporate,South,Coimbatore,Furniture,Bed Frame,1,16794.25,0.0,16794.25,1003.07
ORD-11502,2025-06-23,2025-06-24,Express,Corporate,North,Jaipur,Clothing,T-Shirt,4,2514.49,0.3,7040.57,658.81
ORD-11503,2024-06-10,2024-06-13,Standard,Corporate,East,Kolkata,Home & Kitchen,Non-stick Pan,3,616.15,0.0,1848.45,217.65
ORD-11504,2024-01-05,2024-01-06,Same Day,Corporate,East,Patna,Home & Kitchen,Mixer Grinder,4,5982.37,0.2,19143.58,2890.3
ORD-11505,2024-01-20,2024-01-22,Same Day,Consumer,West,Mumbai,Furniture,Office Chair,7,14476.38,0.0,101334.66,19867.34
ORD-11506,2025-10-21,2025-10-22,Same Day,Consumer,South,Hyderabad,Clothing,Jacket,7,2303.29,0.0,16123.03,3711.49
ORD-11507,2025-05-16,2025-05-20,Same Day,Consumer,East,Patna,Home & Kitchen,Water Bottle,2,3298.64,0.15,5607.69,326.4
ORD-11508,2025-01-12,2025-01-15,Standard,Consumer,South,Coimbatore,Clothing,T-Shirt,5,780.66,0.05,3708.14,-1156.87
ORD-11509,2024-03-29,2024-03-31,Same Day,Consumer,East,Bhubaneswar,Electronics,Smartwatch,4,47481.95,0.15,161438.63,26791.71
ORD-11510,2025-11-07,2025-11-13,Standard,Consumer,East,Bhubaneswar,Groceries,Cooking Oil 1L,1,112.32,0.05,106.7,21.89
ORD-11511,2024-08-18,2024-08-22,Same Day,Corporate,South,Chennai,Furniture,Office Chair,1,9796.88,0.05,9307.04,-1138.66
ORD-11512,2024-04-26,2024-04-28,Standard,Corporate,West,Pune,Groceries,Atta 5kg,1,545.91,0.0,545.91,173.63
ORD-11513,2024-09-09,2024-09-14,Standard,Corporate,West,Pune,Home & Kitchen,Non-stick Pan,7,1269.54,0.2,7109.42,994.2
ORD-11514,2025-12-20,2025-12-21,Same Day,Consumer,East,Kolkata,Groceries,Cooking Oil 1L,1,288.69,0.2,230.95,44.4
ORD-11515,2024-09-13,2024-09-15,Same Day,Corporate,West,Surat,Electronics,Smartwatch,2,22934.84,0.2,36695.74,5791.26
ORD-11516,2025-09-24,2025-09-25,Express,Home Office,North,Lucknow,Home & Kitchen,Non-stick Pan,3,5023.49,0.3,10549.33,925.62
ORD-11517,2024-01-08,2024-01-14,Standard,Consumer,South,Bengaluru,Furniture,Bed Frame,6,19985.65,0.0,119913.9,10598.63
ORD-11518,2025-07-15,2025-07-19,Standard,Corporate,South,Hyderabad,Clothing,T-Shirt,7,2037.65,0.15,12124.02,504.77
ORD-11519,2024-01-04,2024-01-06,Express,Home Office,West,Mumbai,Clothing,Formal Shirt,6,2195.15,0.0,13170.9,-2082.47
ORD-11520,2024-09-07,2024-09-13,Express,Corporate,West,Surat,Electronics,Tablet,4,32431.92,0.0,129727.68,20098.24
ORD-11521,2024-01-01,2024-01-02,Standard,Corporate,West,Surat,Groceries,Snacks Pack,6,372.25,0.0,2233.5,-474.42
ORD-11522,2025-03-04,2025-03-07,Express,Home Office,West,Ahmedabad,Electronics,Smartwatch,4,37650.47,0.0,150601.88,28326.73
ORD-11523,2025-02-28,2025-03-04,Express,Corporate,East,Kolkata,Home & Kitchen,Mixer Grinder,3,4999.53,0.0,14998.59,-3250.18
ORD-11524,2024-03-15,2024-03-18,Same Day,Corporate,West,Pune,Groceries,Snacks Pack,4,207.62,0.05,788.96,70.77
ORD-11525,2025-10-20,2025-10-23,Express,Consumer,East,Kolkata,Home & Kitchen,LED Bulb,1,2230.77,0.15,1896.15,249.6
ORD-11526,2024-12-08,2024-12-14,Same Day,Consumer,East,Kolkata,Furniture,Bookshelf,5,19532.64,0.15,83013.72,-27361.5
ORD-11527,2024-08-08,2024-08-09,Express,Corporate,West,Pune,Clothing,Sneakers,6,1058.9,0.0,6353.4,1534.71
ORD-11528,2025-02-01,2025-02-03,Same Day,Consumer,North,Jaipur,Clothing,Formal Shirt,6,2610.4,0.1,14096.16,1423.88
ORD-11529,2024-02-24,2024-02-25,Standard,Consumer,South,Bengaluru,Clothing,Sneakers,1,2450.67,0.15,2083.07,158.23
ORD-11530,2025-04-10,2025-04-14,Same Day,Consumer,North,Chandigarh,Electronics,Headphones,1,41145.08,0.15,34973.32,6131.89
ORD-11531,2024-03-21,2024-03-27,Same Day,Corporate,North,Delhi,Home & Kitchen,Non-stick Pan,5,3327.28,0.0,16636.4,1935.84
ORD-11532,2025-09-02,2025-09-06,Standard,Consumer,South,Coimbatore,Groceries,Cooking Oil 1L,5,429.0,0.0,2145.0,445.81
ORD-11533,2025-06-23,2025-06-26,Express,Home Office,South,Coimbatore,Groceries,Rice 5kg,5,485.95,0.15,2065.29,367.53
ORD-11534,2024-07-25,2024-07-30,Same Day,Home Office,South,Coimbatore,Groceries,Tea 500g,4,329.31,0.0,1317.24,111.96
ORD-11535,2024-08-17,2024-08-19,Same Day,Home Office,South,Hyderabad,Home & Kitchen,Mixer Grinder,6,3101.0,0.2,14884.8,4653.32
ORD-11536,2025-07-26,2025-07-31,Same Day,Corporate,West,Ahmedabad,Clothing,T-Shirt,7,2986.93,0.15,17772.23,3596.88
ORD-11537,2025-03-21,2025-03-26,Same Day,Consumer,South,Hyderabad,Clothing,Jeans,3,409.55,0.15,1044.35,218.96
ORD-11538,2025-12-15,2025-12-18,Standard,Consumer,North,Lucknow,Clothing,T-Shirt,7,3433.19,0.2,19225.86,2371.04
ORD-11539,2024-12-17,2024-12-21,Standard,Corporate,South,Chennai,Clothing,Jeans,5,2766.26,0.15,11756.61,3320.02
ORD-11540,2024-06-22,2024-06-28,Standard,Consumer,North,Lucknow,Groceries,Snacks Pack,5,379.49,0.1,1707.71,306.05
ORD-11541,2024-11-10,2024-11-13,Express,Home Office,South,Bengaluru,Electronics,Headphones,5,13285.85,0.05,63107.79,5844.63
ORD-11542,2025-04-18,2025-04-22,Express,Consumer,North,Chandigarh,Electronics,Headphones,7,57236.19,0.15,340555.33,56761.41
ORD-11543,2025-03-07,2025-03-08,Same Day,Corporate,East,Kolkata,Groceries,Atta 5kg,2,464.23,0.1,835.61,-85.62
ORD-11544,2024-12-14,2024-12-19,Standard,Home Office,North,Chandigarh,Electronics,Laptop,1,51363.37,0.15,43658.86,6553.3
ORD-11545,2025-01-02,2025-01-07,Standard,Consumer,West,Surat,Clothing,Formal Shirt,7,1050.01,0.3,5145.05,-1191.29
ORD-11546,2025-07-25,2025-07-29,Standard,Home Office,West,Mumbai,Clothing,Jeans,2,2275.43,0.2,3640.69,558.13
ORD-11547,2024-11-03,2024-11-04,Standard,Home Office,South,Coimbatore,Electronics,Smartphone,2,59786.55,0.0,119573.1,30594.63
ORD-11548,2025-11-16,2025-11-17,Same Day,Home Office,East,Patna,Groceries,Cooking Oil 1L,5,406.1,0.05,1928.98,-115.82
ORD-11549,2024-10-14,2024-10-16,Same Day,Consumer,West,Mumbai,Home & Kitchen,LED Bulb,4,4761.14,0.0,19044.56,4178.92
ORD-11550,2025-03-21,2025-03-26,Express,Corporate,South,Chennai,Electronics,Tablet,7,15839.13,0.05,105330.21,-24538.78
ORD-11551,2025-07-04,2025-07-07,Same Day,Home Office,South,Bengaluru,Home & Kitchen,Storage Box,5,4501.81,0.15,19132.69,-984.6
ORD-11552,2024-11-29,2024-12-04,Standard,Corporate,North,Delhi,Furniture,Study Table,3,12667.62,0.1,34202.57,2429.32
ORD-11553,2025-05-23,2025-05-27,Same Day,Consumer,South,Coimbatore,Furniture,Sofa,6,21539.21,0.1,116311.73,20258.08
ORD-11554,2024-11-14,2024-11-15,Standard,Corporate,West,Pune,Furniture,Bookshelf,5,8842.7,0.15,37581.48,-11891.93
ORD-11555,2024-10-16,2024-10-17,Same Day,Consumer,East,Guwahati,Groceries,Tea 500g,5,375.92,0.05,1785.62,451.81
ORD-11556,2025-03-24,2025-03-25,Standard,Home Office,South,Bengaluru,Furniture,Bed Frame,1,9739.07,0.3,6817.35,837.88
ORD-11557,2024-03-23,2024-03-28,Standard,Consumer,North,Delhi,Groceries,Tea 500g,6,560.86,0.0,3365.16,428.55
ORD-11558,2024-11-30,2024-12-02,Express,Consumer,South,Bengaluru,Electronics,Smartwatch,7,15715.61,0.0,110009.27,-10677.85
ORD-11559,2024-08-07,2024-08-13,Same Day,Home Office,West,Ahmedabad,Furniture,Bookshelf,1,20143.53,0.0,20143.53,-2462.59
ORD-11560,2025-05-01,2025-05-05,Express,Home Office,South,Bengaluru,Home & Kitchen,LED Bulb,4,3130.96,0.0,12523.84,2310.92
ORD-11561,2025-04-17,2025-04-23,Standard,Home Office,South,Chennai,Groceries,Atta 5kg,5,382.34,0.3,1338.19,220.14
ORD-11562,2024-11-02,2024-11-05,Same Day,Home Office,East,Guwahati,Furniture,Sofa,2,5565.16,0.1,10017.29,-432.16
ORD-11563,2024-09-05,2024-09-10,Same Day,Consumer,South,Chennai,Groceries,Tea 500g,6,357.58,0.1,1930.93,-571.08
ORD-11564,2024-07-30,2024-07-31,Standard,Consumer,South,Bengaluru,Clothing,Formal Shirt,1,2145.02,0.05,2037.77,326.57
ORD-11565,2025-09-12,2025-09-17,Standard,Corporate,South,Chennai,Furniture,Bookshelf,5,7364.85,0.0,36824.25,1949.44
ORD-11566,2024-01-05,2024-01-07,Same Day,Home Office,North,Delhi,Electronics,Laptop,5,59902.91,0.3,209660.19,-51335.11
ORD-11567,2024-03-17,2024-03-18,Express,Consumer,South,Hyderabad,Furniture,Sofa,1,6970.46,0.0,6970.46,549.03
ORD-11568,2024-06-25,2024-07-01,Standard,Corporate,North,Lucknow,Clothing,Jeans,1,1290.77,0.0,1290.77,125.97
ORD-11569,2025-08-22,2025-08-25,Standard,Consumer,West,Surat,Furniture,Bed Frame,3,15039.1,0.1,40605.57,-3954.62
ORD-11570,2024-12-23,2024-12-27,Express,Consumer,North,Lucknow,Furniture,Study Table,2,11422.64,0.15,19418.49,3171.15
ORD-11571,2024-02-04,2024-02-05,Same Day,Consumer,South,Hyderabad,Clothing,Formal Shirt,3,3431.99,0.0,10295.97,2457.18
ORD-11572,2025-09-22,2025-09-24,Same Day,Consumer,North,Jaipur,Groceries,Cooking Oil 1L,2,69.77,0.0,139.54,-14.39
ORD-11573,2024-01-15,2024-01-18,Express,Home Office,East,Bhubaneswar,Groceries,Atta 5kg,2,133.84,0.3,187.38,14.84
ORD-11574,2024-12-17,2024-12-23,Same Day,Home Office,North,Chandigarh,Furniture,Sofa,3,8968.89,0.3,18834.67,3679.29
ORD-11575,2025-03-24,2025-03-26,Standard,Home Office,West,Ahmedabad,Clothing,Jacket,2,3148.11,0.1,5666.6,-727.35
ORD-11576,2024-11-05,2024-11-11,Express,Corporate,South,Coimbatore,Clothing,Jeans,5,1957.55,0.05,9298.36,256.9
ORD-11577,2025-09-16,2025-09-18,Express,Consumer,East,Patna,Groceries,Tea 500g,4,498.85,0.0,1995.4,302.42
ORD-11578,2025-03-21,2025-03-23,Express,Consumer,South,Bengaluru,Electronics,Smartwatch,2,49932.97,0.15,84886.05,-8546.3
ORD-11579,2025-10-29,2025-11-02,Express,Home Office,East,Patna,Furniture,Study Table,7,16181.74,0.0,113272.18,22200.57
ORD-11580,2025-11-27,2025-12-03,Same Day,Home Office,North,Chandigarh,Furniture,Sofa,3,4782.05,0.05,13628.84,1405.06
ORD-11581,2024-12-04,2024-12-05,Same Day,Home Office,East,Patna,Electronics,Laptop,2,25701.05,0.3,35981.47,6050.25
ORD-11582,2025-02-19,2025-02-20,Standard,Consumer,East,Guwahati,Clothing,Jeans,7,2816.21,0.0,19713.47,3267.77
ORD-11583,2024-12-14,2024-12-15,Express,Home Office,East,Bhubaneswar,Clothing,Jeans,4,2571.8,0.0,10287.2,532.57
ORD-11584,2025-10-22,2025-10-28,Same Day,Consumer,West,Ahmedabad,Clothing,T-Shirt,1,641.94,0.0,641.94,54.0
ORD-11585,2024-07-05,2024-07-09,Express,Home Office,North,Lucknow,Furniture,Sofa,7,18177.91,0.15,108158.56,20621.5
ORD-11586,2025-04-05,2025-04-10,Same Day,Consumer,South,Chennai,Groceries,Snacks Pack,2,569.24,0.1,1024.63,63.82
ORD-11587,2024-05-07,2024-05-11,Same Day,Consumer,South,Coimbatore,Furniture,Office Chair,2,16949.55,0.0,33899.1,9554.68
ORD-11588,2024-12-13,2024-12-16,Express,Home Office,West,Ahmedabad,Furniture,Study Table,2,24476.88,0.15,41610.7,-8590.25
ORD-11589,2025-04-09,2025-04-13,Standard,Corporate,South,Coimbatore,Electronics,Laptop,4,12229.79,0.2,39135.33,3905.64
ORD-11590,2025-09-30,2025-10-04,Standard,Consumer,East,Patna,Home & Kitchen,Storage Box,4,2519.37,0.05,9573.61,1693.02
ORD-11591,2024-07-15,2024-07-20,Standard,Home Office,East,Guwahati,Furniture,Sofa,2,4682.54,0.0,9365.08,897.41
ORD-11592,2025-04-17,2025-04-22,Express,Consumer,North,Delhi,Electronics,Laptop,4,45563.8,0.0,182255.2,20108.19
ORD-11593,2025-12-26,2025-12-28,Standard,Home Office,North,Chandigarh,Groceries,Snacks Pack,3,164.9,0.0,494.7,53.42
ORD-11594,2024-06-24,2024-06-26,Standard,Consumer,East,Patna,Furniture,Office Chair,6,23370.62,0.0,140223.72,-33469.29
ORD-11595,2024-06-10,2024-06-14,Same Day,Corporate,North,Lucknow,Clothing,Jacket,7,2013.54,0.15,11980.56,-2289.14
ORD-11596,2024-03-12,2024-03-13,Express,Home Office,North,Jaipur,Furniture,Study Table,7,4710.92,0.1,29678.8,1332.76
ORD-11597,2025-12-16,2025-12-21,Same Day,Consumer,North,Lucknow,Electronics,Headphones,1,43748.44,0.3,30623.91,5596.73
ORD-11598,2025-12-12,2025-12-17,Express,Consumer,East,Guwahati,Furniture,Bookshelf,5,2092.39,0.2,8369.56,-2365.27
ORD-11599,2025-06-07,2025-06-10,Express,Home Office,South,Hyderabad,Groceries,Cooking Oil 1L,7,427.43,0.15,2543.21,548.51
ORD-11600,2025-04-19,2025-04-22,Standard,Consumer,West,Ahmedabad,Clothing,T-Shirt,4,1033.68,0.0,4134.72,1050.54
ORD-11601,2025-10-19,2025-10-24,Express,Home Office,South,Coimbatore,Home & Kitchen,Mixer Grinder,1,4791.54,0.0,4791.54,317.6
ORD-11602,2024-09-21,2024-09-26,Standard,Home Office,West,Mumbai,Electronics,Smartphone,2,28623.82,0.0,57247.64,-3564.36
ORD-11603,2025-07-10,2025-07-12,Express,Home Office,North,Chandigarh,Electronics,Smartphone,7,17886.37,0.15,106423.9,19915.22
ORD-11604,2024-09-19,2024-09-25,Same Day,Corporate,South,Chennai,Furniture,Office Chair,7,24040.9,0.15,143043.36,-7596.17
ORD-11605,2024-05-20,2024-05-22,Same Day,Home Office,East,Patna,Furniture,Bed Frame,6,2864.46,0.0,17186.76,3098.73
ORD-11606,2024-01-03,2024-01-09,Express,Consumer,South,Hyderabad,Clothing,Sneakers,5,1793.77,0.05,8520.41,-867.78
ORD-11607,2025-11-26,2025-12-02,Express,Home Office,North,Delhi,Clothing,Sneakers,5,2369.02,0.0,11845.1,4029.78
ORD-11608,2024-04-29,2024-05-02,Standard,Corporate,North,Jaipur,Furniture,Study Table,6,13190.51,0.0,79143.06,-6057.56
ORD-11609,2024-07-12,2024-07-13,Same Day,Corporate,East,Guwahati,Furniture,Study Table,6,15020.46,0.3,63085.93,-2293.68
ORD-11610,2024-09-14,2024-09-20,Same Day,Home Office,North,Chandigarh,Groceries,Rice 5kg,3,132.21,0.05,376.8,107.35
ORD-11611,2025-09-27,2025-10-03,Standard,Corporate,South,Chennai,Electronics,Headphones,3,7394.38,0.0,22183.14,3065.56
ORD-11612,2024-02-09,2024-02-15,Same Day,Home Office,West,Surat,Clothing,Formal Shirt,2,2934.58,0.0,5869.16,596.23
ORD-11613,2024-06-02,2024-06-05,Express,Consumer,South,Bengaluru,Furniture,Bed Frame,5,21075.28,0.2,84301.12,13787.29
ORD-11614,2024-10-29,2024-10-30,Same Day,Corporate,East,Bhubaneswar,Clothing,Jeans,6,2147.18,0.3,9018.16,-1584.7
ORD-11615,2025-08-12,2025-08-18,Same Day,Home Office,East,Patna,Groceries,Snacks Pack,2,534.86,0.0,1069.72,50.45
ORD-11616,2024-12-15,2024-12-20,Same Day,Home Office,West,Mumbai,Clothing,T-Shirt,3,2206.97,0.1,5958.82,323.54
ORD-11617,2024-12-20,2024-12-22,Same Day,Home Office,South,Chennai,Electronics,Tablet,1,37678.4,0.2,30142.72,-6155.35
ORD-11618,2024-01-20,2024-01-25,Same Day,Home Office,East,Kolkata,Groceries,Rice 5kg,3,568.74,0.1,1535.6,-238.08
ORD-11619,2025-05-04,2025-05-09,Express,Corporate,North,Jaipur,Clothing,Sneakers,2,2974.83,0.0,5949.66,-535.79
ORD-11620,2025-12-27,2025-12-31,Express,Corporate,East,Kolkata,Clothing,Formal Shirt,6,2355.02,0.0,14130.12,1585.72
ORD-11621,2025-09-02,2025-09-05,Same Day,Consumer,West,Surat,Electronics,Laptop,2,1939.23,0.0,3878.46,712.93
ORD-11622,2024-07-15,2024-07-17,Standard,Home Office,East,Guwahati,Groceries,Rice 5kg,7,235.16,0.1,1481.51,45.08
ORD-11623,2024-04-20,2024-04-21,Express,Home Office,South,Bengaluru,Electronics,Smartphone,5,50442.61,0.0,252213.05,55499.77
ORD-11624,2025-08-05,2025-08-11,Standard,Consumer,East,Patna,Furniture,Study Table,6,10709.72,0.1,57832.49,18983.42
ORD-11625,2024-09-10,2024-09-16,Standard,Corporate,West,Ahmedabad,Groceries,Atta 5kg,7,184.44,0.3,903.76,-65.52
ORD-11626,2024-12-16,2024-12-20,Same Day,Home Office,North,Lucknow,Home & Kitchen,Storage Box,3,1844.88,0.1,4981.18,-1023.76
ORD-11627,2024-09-03,2024-09-08,Express,Home Office,South,Chennai,Clothing,Sneakers,5,1096.29,0.2,4385.16,273.28
ORD-11628,2024-04-23,2024-04-29,Standard,Consumer,West,Ahmedabad,Electronics,Smartwatch,3,47862.3,0.2,114869.52,24668.15
ORD-11629,2024-09-30,2024-10-06,Standard,Corporate,East,Bhubaneswar,Furniture,Study Table,7,4086.48,0.0,28605.36,-5579.28
ORD-11630,2025-10-23,2025-10-29,Express,Home Office,South,Bengaluru,Furniture,Sofa,6,3223.21,0.0,19339.26,1638.38
ORD-11631,2025-10-25,2025-10-27,Same Day,Home Office,West,Surat,Electronics,Smartwatch,1,28363.85,0.1,25527.46,4912.65
ORD-11632,2024-01-23,2024-01-29,Standard,Corporate,North,Chandigarh,Clothing,Jacket,4,2329.7,0.15,7920.98,1519.0
ORD-11633,2025-03-09,2025-03-11,Standard,Corporate,South,Hyderabad,Clothing,T-Shirt,1,2209.25,0.0,2209.25,-205.05
ORD-11634,2024-11-30,2024-12-01,Same Day,Home Office,East,Patna,Furniture,Bed Frame,5,22856.06,0.2,91424.24,16053.96
ORD-11635,2024-06-29,2024-07-03,Express,Consumer,East,Guwahati,Electronics,Tablet,1,3649.0,0.1,3284.1,505.74
ORD-11636,2025-07-10,2025-07-11,Standard,Corporate,North,Chandigarh,Electronics,Smartphone,7,47501.88,0.2,266010.53,27792.15
ORD-11637,2024-07-06,2024-07-11,Same Day,Corporate,West,Pune,Groceries,Rice 5kg,5,469.69,0.0,2348.45,568.32
ORD-11638,2025-06-05,2025-06-09,Same Day,Home Office,North,Chandigarh,Electronics,Smartwatch,5,43717.17,0.0,218585.85,-29836.39
ORD-11639,2025-12-19,2025-12-24,Same Day,Corporate,East,Guwahati,Electronics,Smartwatch,3,41027.34,0.05,116927.92,33598.49
ORD-11640,2024-05-30,2024-06-03,Express,Consumer,West,Surat,Clothing,Jacket,2,3321.46,0.2,5314.34,-873.91
ORD-11641,2025-07-04,2025-07-10,Standard,Home Office,South,Chennai,Furniture,Office Chair,1,19166.83,0.3,13416.78,1008.19
ORD-11642,2025-03-30,2025-04-05,Same Day,Corporate,North,Jaipur,Home & Kitchen,Water Bottle,2,5591.8,0.2,8946.88,1013.26
ORD-11643,2025-11-11,2025-11-16,Express,Home Office,North,Jaipur,Electronics,Smartphone,4,59653.02,0.05,226681.48,-31472.92
ORD-11644,2024-12-05,2024-12-11,Express,Home Office,West,Pune,Electronics,Laptop,1,23211.92,0.05,22051.32,3637.74
ORD-11645,2025-12-23,2025-12-24,Same Day,Corporate,South,Hyderabad,Home & Kitchen,Water Bottle,2,4080.01,0.1,7344.02,1001.43
ORD-11646,2025-01-28,2025-01-29,Same Day,Corporate,East,Patna,Home & Kitchen,LED Bulb,1,3104.58,0.2,2483.66,430.26
ORD-11647,2024-12-24,2024-12-25,Standard,Home Office,East,Bhubaneswar,Clothing,Sneakers,6,1875.38,0.0,11252.28,-1684.94
ORD-11648,2025-03-08,2025-03-14,Same Day,Corporate,South,Hyderabad,Electronics,Smartphone,4,22858.09,0.05,86860.74,-15080.59
ORD-11649,2024-05-09,2024-05-13,Express,Consumer,North,Jaipur,Home & Kitchen,Mixer Grinder,7,676.24,0.3,3313.58,1035.28
ORD-11650,2024-07-31,2024-08-01,Same Day,Corporate,North,Lucknow,Furniture,Bookshelf,2,23533.56,0.0,47067.12,9259.46
ORD-11651,2025-03-02,2025-03-03,Same Day,Consumer,East,Kolkata,Home & Kitchen,Storage Box,6,5480.93,0.15,27952.74,2238.79
ORD-11652,2024-03-17,2024-03-22,Standard,Consumer,South,Coimbatore,Clothing,T-Shirt,6,2054.17,0.0,12325.02,-2615.79
ORD-11653,2025-05-28,2025-05-30,Standard,Consumer,North,Chandigarh,Groceries,Snacks Pack,6,228.0,0.15,1162.8,-195.07
ORD-11654,2024-11-27,2024-12-03,Express,Corporate,South,Chennai,Home & Kitchen,Storage Box,6,4280.07,0.0,25680.42,4519.01
ORD-11655,2024-11-06,2024-11-11,Express,Consumer,North,Jaipur,Home & Kitchen,LED Bulb,4,4743.92,0.1,17078.11,-1186.24
ORD-11656,2024-08-24,2024-08-25,Express,Home Office,West,Surat,Clothing,Formal Shirt,7,3073.37,0.2,17210.87,2887.17
ORD-11657,2024-11-02,2024-11-08,Same Day,Consumer,East,Guwahati,Home & Kitchen,Water Bottle,7,5671.85,0.1,35732.66,6319.93
ORD-11658,2024-12-12,2024-12-16,Standard,Corporate,West,Surat,Groceries,Atta 5kg,1,56.4,0.2,45.12,2.71
ORD-11659,2025-10-14,2025-10-18,Express,Corporate,South,Bengaluru,Groceries,Cooking Oil 1L,4,506.6,0.3,1418.48,155.45
ORD-11660,2024-11-19,2024-11-22,Same Day,Home Office,East,Bhubaneswar,Furniture,Study Table,4,6109.54,0.0,24438.16,2217.32
ORD-11661,2025-12-04,2025-12-08,Standard,Consumer,West,Surat,Clothing,T-Shirt,2,3188.27,0.1,5738.89,416.53
ORD-11662,2024-07-01,2024-07-06,Same Day,Home Office,East,Guwahati,Electronics,Laptop,7,50250.92,0.0,351756.44,97421.31
ORD-11663,2024-02-27,2024-03-04,Express,Corporate,East,Patna,Clothing,Sneakers,5,2181.97,0.0,10909.85,1621.18
ORD-11664,2024-08-29,2024-08-30,Standard,Consumer,East,Patna,Furniture,Study Table,5,22465.52,0.15,95478.46,7062.97
ORD-11665,2024-06-24,2024-06-25,Same Day,Consumer,West,Surat,Home & Kitchen,Storage Box,5,542.7,0.15,2306.48,224.43
ORD-11666,2024-05-08,2024-05-13,Express,Corporate,North,Delhi,Clothing,Sneakers,7,2492.54,0.1,15703.0,3305.29
ORD-11667,2025-09-09,2025-09-11,Same Day,Consumer,East,Guwahati,Home & Kitchen,Storage Box,4,3118.74,0.0,12474.96,828.11
ORD-11668,2025-02-05,2025-02-08,Same Day,Consumer,East,Patna,Home & Kitchen,Mixer Grinder,4,4204.55,0.1,15136.38,2029.53
ORD-11669,2024-11-08,2024-11-11,Standard,Corporate,East,Guwahati,Clothing,Sneakers,4,522.86,0.15,1777.72,-109.96
ORD-11670,2024-03-25,2024-03-31,Standard,Corporate,South,Bengaluru,Electronics,Smartwatch,2,13329.12,0.0,26658.24,3256.21
ORD-11671,2024-06-26,2024-06-29,Standard,Corporate,West,Surat,Clothing,Formal Shirt,2,1346.81,0.15,2289.58,421.74
ORD-11672,2024-08-23,2024-08-29,Express,Consumer,North,Chandigarh,Groceries,Rice 5kg,5,320.77,0.0,1603.85,307.5
ORD-11673,2024-03-06,2024-03-10,Standard,Consumer,West,Ahmedabad,Home & Kitchen,Mixer Grinder,5,1671.96,0.15,7105.83,1567.08
ORD-11674,2024-12-05,2024-12-11,Standard,Corporate,East,Guwahati,Furniture,Office Chair,3,2888.87,0.15,7366.62,1129.95
ORD-11675,2024-09-22,2024-09-28,Express,Home Office,West,Pune,Electronics,Headphones,6,8433.54,0.05,48071.18,5347.01
ORD-11676,2025-12-14,2025-12-19,Express,Consumer,West,Surat,Furniture,Sofa,6,23842.52,0.2,114444.1,17527.55
ORD-11677,2025-10-03,2025-10-09,Express,Consumer,North,Jaipur,Groceries,Snacks Pack,2,298.29,0.0,596.58,120.84
ORD-11678,2025-01-17,2025-01-21,Express,Home Office,South,Chennai,Groceries,Cooking Oil 1L,5,85.96,0.0,429.8,58.77
ORD-11679,2025-03-12,2025-03-17,Express,Home Office,West,Mumbai,Electronics,Smartwatch,3,47911.09,0.05,136546.61,19358.53
ORD-11680,2024-06-15,2024-06-17,Express,Consumer,West,Surat,Electronics,Headphones,2,53088.75,0.3,74324.25,-19289.36
ORD-11681,2024-09-28,2024-10-01,Express,Consumer,East,Patna,Home & Kitchen,LED Bulb,4,3457.0,0.2,11062.4,2941.53
ORD-11682,2025-09-26,2025-10-02,Express,Corporate,North,Lucknow,Home & Kitchen,Water Bottle,3,4111.34,0.0,12334.02,-936.98
ORD-11683,2024-01-31,2024-02-03,Standard,Consumer,West,Ahmedabad,Clothing,Jacket,2,2913.68,0.2,4661.89,916.53
ORD-11684,2025-07-02,2025-07-05,Same Day,Consumer,South,Hyderabad,Clothing,Jacket,4,923.6,0.15,3140.24,383.7
ORD-11685,2024-10-28,2024-11-01,Same Day,Home Office,West,Mumbai,Furniture,Bed Frame,3,10231.16,0.1,27624.13,1564.24
ORD-11686,2024-12-24,2024-12-30,Standard,Consumer,West,Surat,Furniture,Bed Frame,6,5730.7,0.05,32664.99,9085.66
ORD-11687,2025-12-22,2025-12-23,Express,Home Office,West,Pune,Clothing,T-Shirt,2,2647.34,0.2,4235.74,802.89
ORD-11688,2024-07-08,2024-07-13,Same Day,Corporate,East,Guwahati,Clothing,Sneakers,7,2662.99,0.0,18640.93,-3301.05
ORD-11689,2025-08-27,2025-08-28,Standard,Consumer,East,Bhubaneswar,Clothing,T-Shirt,7,3395.04,0.0,23765.28,2638.92
ORD-11690,2024-09-08,2024-09-10,Same Day,Home Office,West,Ahmedabad,Clothing,T-Shirt,2,1143.14,0.0,2286.28,353.22
ORD-11691,2024-01-19,2024-01-25,Express,Consumer,North,Jaipur,Home & Kitchen,Water Bottle,5,3757.82,0.05,17849.64,-2834.19
ORD-11692,2025-11-03,2025-11-07,Standard,Consumer,South,Bengaluru,Home & Kitchen,Mixer Grinder,4,811.7,0.2,2597.44,327.79
ORD-11693,2025-04-04,2025-04-08,Standard,Home Office,South,Coimbatore,Furniture,Bed Frame,1,5942.4,0.0,5942.4,504.79
ORD-11694,2024-11-21,2024-11-26,Express,Consumer,South,Coimbatore,Electronics,Smartphone,3,15272.1,0.0,45816.3,-4314.95
ORD-11695,2025-05-19,2025-05-25,Standard,Corporate,North,Delhi,Furniture,Bed Frame,4,15433.63,0.0,61734.52,11510.21
ORD-11696,2025-09-14,2025-09-15,Same Day,Corporate,North,Lucknow,Groceries,Atta 5kg,7,176.5,0.3,864.85,203.4
ORD-11697,2025-11-11,2025-11-12,Same Day,Home Office,South,Chennai,Furniture,Sofa,7,14356.5,0.1,90445.95,-3819.73
ORD-11698,2024-07-04,2024-07-05,Standard,Home Office,South,Chennai,Groceries,Atta 5kg,6,275.37,0.0,1652.22,161.22
ORD-11699,2025-01-31,2025-02-01,Express,Consumer,North,Lucknow,Furniture,Study Table,5,4934.46,0.0,24672.3,-3220.11
ORD-11700,2024-12-29,2025-01-02,Standard,Home Office,North,Jaipur,Home & Kitchen,Mixer Grinder,1,4630.91,0.05,4399.36,-547.7
ORD-11701,2025-07-30,2025-08-01,Express,Corporate,East,Patna,Clothing,Formal Shirt,2,573.5,0.05,1089.65,112.82
ORD-11702,2024-03-12,2024-03-14,Same Day,Corporate,South,Coimbatore,Clothing,Jacket,4,3314.98,0.2,10607.94,-2110.53
ORD-11703,2024-06-06,2024-06-12,Standard,Corporate,North,Delhi,Home & Kitchen,Non-stick Pan,3,963.54,0.1,2601.56,640.19
ORD-11704,2025-01-31,2025-02-02,Express,Consumer,North,Chandigarh,Clothing,Jacket,7,575.48,0.0,4028.36,424.55
ORD-11705,2025-05-24,2025-05-25,Same Day,Home Office,North,Chandigarh,Furniture,Bookshelf,5,6791.36,0.3,23769.76,-3295.94
ORD-11706,2025-09-22,2025-09-23,Standard,Corporate,South,Bengaluru,Home & Kitchen,Water Bottle,6,4746.48,0.05,27054.94,3908.21
ORD-11707,2025-08-18,2025-08-23,Same Day,Corporate,East,Patna,Home & Kitchen,LED Bulb,6,5705.73,0.1,30810.94,7312.03
ORD-11708,2024-12-29,2025-01-02,Express,Consumer,East,Bhubaneswar,Furniture,Bed Frame,6,22219.47,0.3,93321.77,21707.78
ORD-11709,2024-07-22,2024-07-23,Standard,Corporate,West,Ahmedabad,Home & Kitchen,LED Bulb,1,945.91,0.1,851.32,55.68
ORD-11710,2025-06-11,2025-06-13,Same Day,Corporate,West,Mumbai,Groceries,Cooking Oil 1L,7,594.32,0.0,4160.24,717.7
ORD-11711,2024-12-16,2024-12-20,Standard,Corporate,North,Jaipur,Electronics,Smartphone,7,54476.54,0.05,362268.99,-53153.91
ORD-11712,2025-06-10,2025-06-16,Express,Consumer,East,Bhubaneswar,Electronics,Tablet,3,46460.26,0.2,111504.62,15040.41
ORD-11713,2025-03-16,2025-03-20,Same Day,Home Office,East,Patna,Home & Kitchen,Water Bottle,2,2625.46,0.1,4725.83,-805.88
ORD-11714,2025-07-16,2025-07-18,Same Day,Consumer,West,Mumbai,Home & Kitchen,Storage Box,5,5931.64,0.3,20760.74,2148.56
ORD-11715,2025-06-17,2025-06-21,Same Day,Consumer,East,Kolkata,Electronics,Tablet,3,7011.96,0.3,14725.12,1842.42
ORD-11716,2024-04-09,2024-04-11,Express,Corporate,North,Chandigarh,Clothing,T-Shirt,1,2820.7,0.1,2538.63,521.71
ORD-11717,2025-05-22,2025-05-23,Standard,Consumer,North,Delhi,Home & Kitchen,LED Bulb,6,4259.28,0.05,24277.9,-1712.92
ORD-11718,2024-09-20,2024-09-24,Same Day,Corporate,East,Bhubaneswar,Electronics,Smartphone,2,46730.3,0.0,93460.6,18854.33
ORD-11719,2024-08-04,2024-08-05,Express,Consumer,West,Ahmedabad,Home & Kitchen,Mixer Grinder,4,1752.52,0.3,4907.06,966.03
ORD-11720,2025-02-27,2025-03-02,Same Day,Corporate,South,Bengaluru,Home & Kitchen,Storage Box,2,1660.04,0.1,2988.07,390.87
ORD-11721,2024-02-21,2024-02-23,Same Day,Consumer,West,Pune,Electronics,Smartwatch,4,23119.32,0.2,73981.82,-17758.0
ORD-11722,2025-10-04,2025-10-09,Same Day,Home Office,North,Lucknow,Clothing,Jacket,4,1284.56,0.2,4110.59,-765.04
ORD-11723,2025-07-13,2025-07-17,Express,Consumer,East,Bhubaneswar,Clothing,Formal Shirt,2,1173.33,0.2,1877.33,234.7
ORD-11724,2024-10-02,2024-10-04,Express,Corporate,South,Bengaluru,Electronics,Smartphone,6,19688.15,0.0,118128.9,-18156.05
ORD-11725,2025-01-15,2025-01-16,Standard,Corporate,East,Patna,Furniture,Bed Frame,3,16459.26,0.0,49377.78,10604.77
ORD-11726,2024-03-17,2024-03-22,Same Day,Home Office,North,Delhi,Groceries,Snacks Pack,5,530.85,0.0,2654.25,467.64
ORD-11727,2025-11-14,2025-11-16,Express,Corporate,South,Bengaluru,Furniture,Sofa,3,12270.87,0.15,31290.72,1766.41
ORD-11728,2024-02-23,2024-02-26,Standard,Home Office,East,Guwahati,Clothing,Jeans,3,2008.51,0.0,6025.53,820.68
ORD-11729,2025-10-13,2025-10-16,Standard,Consumer,East,Bhubaneswar,Electronics,Tablet,2,27202.73,0.0,54405.46,6309.05
ORD-11730,2025-01-29,2025-02-02,Express,Home Office,South,Bengaluru,Clothing,T-Shirt,2,2403.44,0.0,4806.88,359.87
ORD-11731,2025-05-31,2025-06-03,Standard,Home Office,West,Pune,Home & Kitchen,Storage Box,6,3730.81,0.1,20146.37,1583.57
ORD-11732,2025-06-25,2025-06-27,Express,Home Office,East,Bhubaneswar,Clothing,Sneakers,6,1757.92,0.15,8965.39,-433.93
ORD-11733,2025-03-06,2025-03-11,Express,Consumer,East,Bhubaneswar,Home & Kitchen,Mixer Grinder,7,3886.43,0.2,21764.01,6393.63
ORD-11734,2025-03-10,2025-03-16,Standard,Consumer,West,Ahmedabad,Electronics,Smartwatch,2,35232.63,0.0,70465.26,4687.81
ORD-11735,2024-01-18,2024-01-24,Same Day,Consumer,East,Guwahati,Groceries,Rice 5kg,4,317.4,0.0,1269.6,92.5
ORD-11736,2025-06-18,2025-06-22,Same Day,Corporate,East,Bhubaneswar,Clothing,Sneakers,2,3064.58,0.0,6129.16,579.28
ORD-11737,2024-10-26,2024-10-27,Same Day,Consumer,South,Coimbatore,Groceries,Atta 5kg,4,518.55,0.1,1866.78,-497.54
ORD-11738,2025-02-28,2025-03-04,Express,Consumer,North,Jaipur,Groceries,Atta 5kg,4,327.94,0.0,1311.76,174.32
ORD-11739,2024-05-18,2024-05-19,Express,Corporate,North,Jaipur,Furniture,Bed Frame,7,14506.36,0.15,86312.84,-13828.1
ORD-11740,2024-03-20,2024-03-25,Standard,Corporate,South,Hyderabad,Home & Kitchen,Mixer Grinder,3,5564.54,0.1,15024.26,3508.69
ORD-11741,2025-08-15,2025-08-21,Express,Corporate,East,Bhubaneswar,Home & Kitchen,Storage Box,4,2990.95,0.0,11963.8,3397.04
ORD-11742,2024-07-01,2024-07-03,Standard,Corporate,South,Bengaluru,Groceries,Cooking Oil 1L,3,364.42,0.05,1038.6,109.61
ORD-11743,2025-11-23,2025-11-24,Same Day,Corporate,East,Kolkata,Clothing,Jacket,2,1781.41,0.15,3028.4,-534.49
ORD-11744,2024-11-30,2024-12-06,Express,Consumer,East,Kolkata,Home & Kitchen,LED Bulb,4,1241.07,0.05,4716.07,-710.48
ORD-11745,2024-01-08,2024-01-12,Same Day,Corporate,East,Patna,Electronics,Smartwatch,3,14179.91,0.0,42539.73,3407.83
ORD-11746,2025-07-21,2025-07-22,Same Day,Consumer,West,Pune,Clothing,Jacket,7,982.1,0.05,6530.96,461.63
ORD-11747,2025-02-22,2025-02-24,Express,Corporate,West,Mumbai,Furniture,Office Chair,5,3048.62,0.15,12956.63,1847.05
ORD-11748,2025-09-17,2025-09-19,Express,Consumer,West,Surat,Home & Kitchen,Storage Box,6,4602.06,0.2,22089.89,1196.58
ORD-11749,2025-09-21,2025-09-27,Express,Corporate,East,Patna,Furniture,Office Chair,4,21086.86,0.05,80130.07,-25136.9
ORD-11750,2024-09-18,2024-09-24,Express,Consumer,South,Hyderabad,Groceries,Snacks Pack,1,324.29,0.0,324.29,-45.18
ORD-11751,2024-11-09,2024-11-15,Standard,Home Office,West,Ahmedabad,Clothing,T-Shirt,7,1469.12,0.15,8741.26,-1271.83
ORD-11752,2025-03-29,2025-04-02,Same Day,Home Office,North,Jaipur,Home & Kitchen,Non-stick Pan,1,4734.98,0.0,4734.98,1498.78
ORD-11753,2024-09-22,2024-09-23,Express,Corporate,East,Kolkata,Clothing,Sneakers,1,879.86,0.3,615.9,28.06
ORD-11754,2024-11-28,2024-12-02,Standard,Corporate,East,Kolkata,Electronics,Smartwatch,1,30506.12,0.0,30506.12,8602.06
ORD-11755,2025-08-02,2025-08-03,Same Day,Home Office,North,Chandigarh,Electronics,Laptop,7,41430.45,0.1,261011.83,14723.44
ORD-11756,2024-04-19,2024-04-23,Standard,Home Office,South,Hyderabad,Clothing,Formal Shirt,5,2039.99,0.15,8669.96,-1264.17
ORD-11757,2025-07-24,2025-07-26,Standard,Corporate,East,Bhubaneswar,Groceries,Snacks Pack,6,378.43,0.0,2270.58,-589.06
ORD-11758,2024-06-15,2024-06-19,Same Day,Home Office,South,Bengaluru,Clothing,T-Shirt,2,1727.06,0.0,3454.12,313.48
ORD-11759,2024-06-26,2024-07-01,Standard,Home Office,North,Delhi,Groceries,Rice 5kg,7,584.32,0.0,4090.24,154.22
ORD-11760,2024-04-10,2024-04-11,Express,Corporate,West,Mumbai,Electronics,Smartwatch,1,8412.45,0.2,6729.96,982.92
ORD-11761,2024-08-03,2024-08-06,Express,Corporate,South,Bengaluru,Electronics,Laptop,3,40800.33,0.0,122400.99,28443.27
ORD-11762,2025-04-07,2025-04-11,Same Day,Corporate,South,Coimbatore,Furniture,Study Table,4,7443.14,0.05,28283.93,9017.0
ORD-11763,2025-06-25,2025-06-27,Express,Consumer,South,Bengaluru,Groceries,Cooking Oil 1L,2,528.23,0.2,845.17,-117.86
ORD-11764,2025-10-14,2025-10-17,Standard,Home Office,North,Lucknow,Home & Kitchen,Storage Box,3,751.63,0.05,2142.15,233.81
ORD-11765,2024-08-05,2024-08-10,Express,Corporate,South,Bengaluru,Furniture,Bookshelf,1,4731.13,0.0,4731.13,865.08
ORD-11766,2024-10-05,2024-10-08,Same Day,Home Office,South,Coimbatore,Groceries,Rice 5kg,4,170.35,0.0,681.4,152.04
ORD-11767,2025-11-24,2025-11-27,Express,Consumer,North,Jaipur,Groceries,Tea 500g,5,507.93,0.3,1777.76,207.89
ORD-11768,2024-03-20,2024-03-25,Same Day,Consumer,South,Chennai,Home & Kitchen,Mixer Grinder,5,3585.65,0.1,16135.42,5329.21
ORD-11769,2024-08-10,2024-08-16,Express,Consumer,West,Mumbai,Electronics,Tablet,2,11245.06,0.1,20241.11,5019.45
ORD-11770,2024-01-30,2024-02-05,Same Day,Corporate,North,Delhi,Groceries,Cooking Oil 1L,2,356.9,0.15,606.73,-101.99
ORD-11771,2024-10-27,2024-10-29,Standard,Corporate,South,Chennai,Furniture,Study Table,4,22986.96,0.1,82753.06,8866.62
ORD-11772,2024-04-03,2024-04-04,Standard,Home Office,East,Kolkata,Furniture,Bed Frame,4,23531.85,0.0,94127.4,-3943.25
ORD-11773,2025-07-07,2025-07-13,Standard,Consumer,East,Guwahati,Furniture,Study Table,3,7376.65,0.2,17703.96,3543.26
ORD-11774,2024-04-02,2024-04-05,Same Day,Consumer,West,Mumbai,Furniture,Office Chair,3,23595.74,0.3,49551.05,8198.4
ORD-11775,2024-09-28,2024-09-29,Standard,Consumer,North,Jaipur,Electronics,Smartphone,7,35745.89,0.0,250221.23,52040.62
ORD-11776,2024-11-27,2024-12-03,Standard,Home Office,South,Coimbatore,Groceries,Cooking Oil 1L,5,50.24,0.0,251.2,12.56
ORD-11777,2025-03-28,2025-04-02,Standard,Consumer,West,Surat,Electronics,Smartphone,3,8606.35,0.1,23237.15,-6067.37
ORD-11778,2024-05-15,2024-05-16,Standard,Consumer,East,Guwahati,Electronics,Smartphone,5,47086.64,0.1,211889.88,6991.76
ORD-11779,2024-09-03,2024-09-05,Standard,Corporate,South,Chennai,Home & Kitchen,LED Bulb,4,3823.48,0.0,15293.92,-2811.49
ORD-11780,2024-04-11,2024-04-12,Express,Home Office,West,Ahmedabad,Electronics,Headphones,4,37551.87,0.0,150207.48,21685.19
ORD-11781,2024-12-10,2024-12-14,Express,Home Office,South,Coimbatore,Electronics,Smartwatch,7,39943.68,0.2,223684.61,17994.15
ORD-11782,2025-07-08,2025-07-11,Same Day,Consumer,East,Bhubaneswar,Groceries,Rice 5kg,7,272.39,0.05,1811.39,144.08
ORD-11783,2025-09-26,2025-10-02,Express,Corporate,East,Bhubaneswar,Groceries,Snacks Pack,1,339.25,0.0,339.25,-46.99
ORD-11784,2024-02-06,2024-02-07,Express,Corporate,South,Hyderabad,Home & Kitchen,Non-stick Pan,1,3094.91,0.2,2475.93,-473.01
ORD-11785,2025-05-14,2025-05-20,Same Day,Corporate,East,Kolkata,Clothing,T-Shirt,3,615.24,0.05,1753.43,416.32
ORD-11786,2025-04-15,2025-04-19,Express,Corporate,East,Kolkata,Clothing,Jacket,2,1297.64,0.2,2076.22,312.19
ORD-11787,2024-04-02,2024-04-08,Express,Consumer,South,Coimbatore,Electronics,Tablet,1,28479.45,0.15,24207.53,3489.61
ORD-11788,2024-08-29,2024-09-03,Express,Home Office,South,Coimbatore,Clothing,Sneakers,1,2996.0,0.2,2396.8,731.32
ORD-11789,2025-05-08,2025-05-09,Express,Consumer,West,Ahmedabad,Clothing,Jeans,5,2482.27,0.3,8687.94,1910.7
ORD-11790,2024-06-28,2024-07-03,Same Day,Consumer,East,Patna,Groceries,Rice 5kg,2,538.34,0.2,861.34,106.15
ORD-11791,2025-12-04,2025-12-08,Standard,Home Office,South,Bengaluru,Electronics,Tablet,5,37493.62,0.05,178094.7,45810.67
ORD-11792,2025-04-09,2025-04-15,Same Day,Consumer,South,Hyderabad,Home & Kitchen,Water Bottle,2,1196.2,0.1,2153.16,496.06
ORD-11793,2024-04-28,2024-05-01,Express,Corporate,West,Ahmedabad,Groceries,Tea 500g,7,432.98,0.15,2576.23,446.56
ORD-11794,2025-08-12,2025-08-13,Standard,Home Office,East,Patna,Furniture,Sofa,6,5829.29,0.0,34975.74,2900.27
ORD-11795,2025-11-11,2025-11-17,Standard,Home Office,East,Guwahati,Home & Kitchen,Storage Box,2,4212.53,0.1,7582.55,900.89
ORD-11796,2024-04-06,2024-04-08,Same Day,Home Office,South,Coimbatore,Clothing,T-Shirt,1,3015.37,0.3,2110.76,362.81
ORD-11797,2025-09-23,2025-09-25,Express,Home Office,South,Bengaluru,Furniture,Office Chair,2,21771.89,0.05,41366.59,-11825.47
ORD-11798,2025-01-13,2025-01-15,Same Day,Home Office,East,Guwahati,Electronics,Smartphone,6,48716.72,0.0,292300.32,28938.05
ORD-11799,2025-12-20,2025-12-23,Standard,Home Office,East,Patna,Clothing,Jacket,4,1627.72,0.05,6185.34,-820.02
ORD-11800,2025-03-07,2025-03-11,Same Day,Corporate,West,Pune,Groceries,Rice 5kg,5,593.5,0.0,2967.5,606.23
ORD-11801,2025-08-16,2025-08-20,Express,Consumer,East,Kolkata,Furniture,Office Chair,5,19381.41,0.15,82370.99,-22554.75
ORD-11802,2024-10-22,2024-10-27,Same Day,Home Office,East,Patna,Clothing,Formal Shirt,2,1218.62,0.3,1706.07,-243.22
ORD-11803,2025-09-08,2025-09-12,Express,Consumer,West,Ahmedabad,Groceries,Atta 5kg,6,464.63,0.0,2787.78,688.27
ORD-11804,2024-07-17,2024-07-20,Same Day,Corporate,East,Bhubaneswar,Home & Kitchen,Water Bottle,2,4470.33,0.2,7152.53,431.18
ORD-11805,2024-06-01,2024-06-06,Same Day,Consumer,West,Ahmedabad,Electronics,Headphones,5,3381.15,0.2,13524.6,3440.03
ORD-11806,2024-11-09,2024-11-13,Same Day,Home Office,South,Hyderabad,Groceries,Snacks Pack,1,249.8,0.3,174.86,10.78
ORD-11807,2024-06-06,2024-06-10,Express,Home Office,North,Chandigarh,Clothing,Formal Shirt,3,3097.84,0.0,9293.52,474.85
ORD-11808,2025-02-01,2025-02-02,Express,Corporate,North,Delhi,Clothing,Jeans,1,2396.76,0.15,2037.25,517.82
ORD-11809,2025-06-30,2025-07-05,Express,Home Office,South,Hyderabad,Groceries,Atta 5kg,3,554.58,0.15,1414.18,92.63
ORD-11810,2024-11-12,2024-11-18,Same Day,Consumer,East,Kolkata,Groceries,Cooking Oil 1L,5,380.02,0.0,1900.1,87.64
ORD-11811,2025-10-13,2025-10-14,Standard,Corporate,North,Chandigarh,Electronics,Headphones,2,13164.27,0.05,25012.11,-3561.03
ORD-11812,2024-11-26,2024-11-27,Same Day,Consumer,North,Chandigarh,Home & Kitchen,Non-stick Pan,6,5960.28,0.3,25033.18,-1988.69
ORD-11813,2025-09-14,2025-09-19,Same Day,Corporate,West,Pune,Furniture,Sofa,5,19268.8,0.1,86709.6,19553.82
ORD-11814,2025-08-13,2025-08-19,Same Day,Consumer,North,Lucknow,Electronics,Headphones,7,32305.71,0.1,203525.97,16698.59
ORD-11815,2025-03-14,2025-03-16,Same Day,Corporate,East,Bhubaneswar,Groceries,Atta 5kg,2,315.04,0.1,567.07,85.49
ORD-11816,2025-11-15,2025-11-17,Express,Home Office,South,Chennai,Groceries,Rice 5kg,5,458.17,0.2,1832.68,71.07
ORD-11817,2024-10-25,2024-10-27,Express,Consumer,South,Bengaluru,Furniture,Office Chair,1,23189.02,0.15,19710.67,2525.96
ORD-11818,2024-02-27,2024-03-01,Same Day,Home Office,North,Lucknow,Groceries,Atta 5kg,5,315.51,0.1,1419.8,107.79
ORD-11819,2025-02-12,2025-02-16,Express,Consumer,West,Mumbai,Clothing,Formal Shirt,5,3041.48,0.0,15207.4,-3264.74
ORD-11820,2024-01-01,2024-01-04,Same Day,Consumer,South,Hyderabad,Furniture,Sofa,4,23203.28,0.05,88172.46,13297.91
ORD-11821,2024-12-10,2024-12-16,Same Day,Corporate,North,Lucknow,Groceries,Cooking Oil 1L,7,531.57,0.05,3534.94,584.28
ORD-11822,2025-08-19,2025-08-20,Same Day,Corporate,North,Chandigarh,Furniture,Bookshelf,5,24508.71,0.2,98034.84,6261.58
ORD-11823,2025-12-09,2025-12-12,Express,Corporate,South,Hyderabad,Electronics,Smartwatch,1,40918.56,0.0,40918.56,4276.32
ORD-11824,2024-10-05,2024-10-07,Same Day,Corporate,West,Ahmedabad,Groceries,Tea 500g,4,181.49,0.1,653.36,-107.35
ORD-11825,2024-01-20,2024-01-22,Same Day,Home Office,East,Patna,Home & Kitchen,Non-stick Pan,7,1971.07,0.3,9658.24,1572.56
ORD-11826,2025-04-10,2025-04-14,Same Day,Corporate,West,Ahmedabad,Home & Kitchen,Mixer Grinder,4,2085.6,0.0,8342.4,1515.22
ORD-11827,2024-08-02,2024-08-07,Standard,Corporate,West,Ahmedabad,Electronics,Smartphone,5,3206.08,0.05,15228.88,4907.77
ORD-11828,2024-04-20,2024-04-21,Same Day,Corporate,South,Bengaluru,Clothing,Jacket,2,2529.36,0.2,4046.98,931.5
ORD-11829,2025-02-26,2025-03-01,Same Day,Corporate,West,Pune,Electronics,Headphones,7,25804.89,0.0,180634.23,26631.24
ORD-11830,2025-09-17,2025-09-19,Standard,Corporate,South,Hyderabad,Furniture,Bookshelf,4,16600.68,0.2,53122.18,15483.6
ORD-11831,2024-08-06,2024-08-11,Express,Home Office,North,Delhi,Groceries,Rice 5kg,4,249.01,0.3,697.23,30.68
ORD-11832,2024-02-17,2024-02-22,Express,Corporate,East,Bhubaneswar,Furniture,Bookshelf,5,13628.4,0.0,68142.0,3148.03
ORD-11833,2024-04-29,2024-04-30,Express,Consumer,West,Mumbai,Home & Kitchen,Mixer Grinder,4,2001.06,0.2,6403.39,716.55
ORD-11834,2024-04-09,2024-04-11,Express,Corporate,East,Bhubaneswar,Groceries,Atta 5kg,1,145.27,0.0,145.27,34.14
ORD-11835,2024-06-26,2024-06-29,Express,Corporate,West,Mumbai,Clothing,Sneakers,3,2805.41,0.05,7995.42,1067.36
ORD-11836,2024-02-19,2024-02-25,Standard,Home Office,West,Mumbai,Electronics,Tablet,1,3312.4,0.0,3312.4,589.86
ORD-11837,2025-07-27,2025-08-01,Express,Corporate,South,Coimbatore,Clothing,Formal Shirt,6,2654.4,0.3,11148.48,1898.39
ORD-11838,2024-10-23,2024-10-26,Standard,Home Office,South,Hyderabad,Furniture,Bookshelf,4,13280.79,0.0,53123.16,7300.01
ORD-11839,2024-04-03,2024-04-07,Same Day,Consumer,West,Mumbai,Home & Kitchen,Non-stick Pan,5,3846.39,0.0,19231.95,3276.72
ORD-11840,2024-05-18,2024-05-23,Standard,Home Office,North,Delhi,Furniture,Bed Frame,4,20341.56,0.15,69161.3,15215.0
ORD-11841,2025-11-19,2025-11-25,Standard,Home Office,West,Mumbai,Furniture,Study Table,1,23749.75,0.0,23749.75,3923.99
ORD-11842,2025-08-24,2025-08-27,Same Day,Corporate,West,Surat,Electronics,Tablet,4,10885.38,0.0,43541.52,9350.08
ORD-11843,2025-03-12,2025-03-14,Standard,Consumer,East,Kolkata,Home & Kitchen,LED Bulb,7,1226.61,0.15,7298.33,1528.36
ORD-11844,2025-04-10,2025-04-14,Express,Corporate,South,Chennai,Clothing,Sneakers,2,2978.57,0.0,5957.14,890.64
ORD-11845,2025-08-07,2025-08-10,Express,Corporate,East,Guwahati,Clothing,Sneakers,5,1796.72,0.2,7186.88,1720.26
ORD-11846,2025-09-17,2025-09-23,Same Day,Consumer,East,Kolkata,Electronics,Headphones,5,30500.27,0.0,152501.35,-16696.66
ORD-11847,2024-08-30,2024-09-05,Express,Home Office,South,Coimbatore,Clothing,Formal Shirt,3,1553.48,0.05,4427.42,-306.78
ORD-11848,2025-06-11,2025-06-15,Same Day,Corporate,East,Kolkata,Furniture,Bookshelf,6,3365.98,0.3,14137.12,-1552.32
ORD-11849,2025-12-25,2025-12-26,Express,Consumer,North,Lucknow,Clothing,Sneakers,3,474.09,0.2,1137.82,51.87
ORD-11850,2025-05-24,2025-05-30,Standard,Home Office,North,Chandigarh,Electronics,Headphones,7,52715.37,0.0,369007.59,25308.8
ORD-11851,2025-01-30,2025-02-01,Express,Consumer,West,Pune,Home & Kitchen,Water Bottle,6,4214.61,0.0,25287.66,4493.66
ORD-11852,2024-03-25,2024-03-27,Same Day,Corporate,South,Hyderabad,Electronics,Headphones,6,36105.14,0.05,205799.3,47432.83
ORD-11853,2025-01-07,2025-01-09,Standard,Home Office,West,Surat,Home & Kitchen,Water Bottle,1,1778.77,0.3,1245.14,114.35
ORD-11854,2024-10-26,2024-10-27,Standard,Corporate,West,Mumbai,Furniture,Sofa,2,17789.83,0.2,28463.73,5987.38
ORD-11855,2024-05-11,2024-05-17,Standard,Corporate,South,Chennai,Furniture,Study Table,3,16187.04,0.3,33992.78,4993.48
ORD-11856,2025-07-23,2025-07-27,Same Day,Consumer,West,Pune,Home & Kitchen,Storage Box,3,717.19,0.2,1721.26,180.71
ORD-11857,2025-03-07,2025-03-10,Express,Home Office,West,Ahmedabad,Electronics,Smartphone,5,51060.44,0.1,229771.98,54862.38
ORD-11858,2025-01-19,2025-01-20,Express,Consumer,North,Delhi,Clothing,Jeans,6,3473.43,0.3,14588.41,-1309.19
ORD-11859,2024-01-07,2024-01-09,Standard,Corporate,East,Bhubaneswar,Home & Kitchen,Non-stick Pan,7,2518.92,0.3,12342.71,3173.77
ORD-11860,2025-06-12,2025-06-17,Same Day,Home Office,East,Bhubaneswar,Groceries,Rice 5kg,7,197.73,0.0,1384.11,-292.24
ORD-11861,2024-10-29,2024-10-31,Same Day,Consumer,East,Guwahati,Clothing,T-Shirt,7,1527.43,0.1,9622.81,1297.63
ORD-11862,2024-11-07,2024-11-11,Same Day,Corporate,North,Jaipur,Furniture,Bed Frame,1,14420.93,0.15,12257.79,-3128.63
ORD-11863,2024-01-16,2024-01-18,Standard,Consumer,North,Jaipur,Electronics,Smartwatch,2,15293.57,0.2,24469.71,1303.84
ORD-11864,2024-04-24,2024-04-28,Standard,Home Office,South,Hyderabad,Electronics,Tablet,3,40997.23,0.0,122991.69,11343.91
ORD-11865,2025-03-06,2025-03-09,Standard,Consumer,West,Surat,Electronics,Laptop,4,10694.96,0.0,42779.84,-7405.13
ORD-11866,2024-05-31,2024-06-06,Express,Corporate,West,Mumbai,Home & Kitchen,Water Bottle,4,3173.61,0.3,8886.11,435.09
ORD-11867,2025-07-04,2025-07-07,Express,Consumer,West,Surat,Electronics,Smartphone,2,52761.32,0.0,105522.64,12863.31
ORD-11868,2024-02-11,2024-02-14,Same Day,Consumer,East,Patna,Home & Kitchen,LED Bulb,5,5386.02,0.05,25583.6,4632.83
ORD-11869,2024-01-28,2024-02-02,Standard,Corporate,North,Delhi,Electronics,Smartphone,2,49849.08,0.0,99698.16,15856.82
ORD-11870,2025-07-27,2025-07-29,Standard,Corporate,East,Patna,Groceries,Atta 5kg,6,73.69,0.0,442.14,59.2
ORD-11871,2024-08-06,2024-08-10,Standard,Corporate,South,Coimbatore,Groceries,Cooking Oil 1L,3,220.1,0.0,660.3,-184.82
ORD-11872,2024-08-22,2024-08-27,Express,Corporate,North,Jaipur,Home & Kitchen,Storage Box,3,3367.02,0.1,9090.95,1482.25
ORD-11873,2025-04-26,2025-04-29,Same Day,Home Office,East,Guwahati,Clothing,T-Shirt,5,2650.27,0.3,9275.94,2256.69
ORD-11874,2025-06-07,2025-06-08,Express,Home Office,North,Jaipur,Groceries,Rice 5kg,2,450.8,0.1,811.44,153.88
ORD-11875,2024-01-04,2024-01-06,Standard,Consumer,West,Mumbai,Furniture,Office Chair,1,19839.8,0.05,18847.81,-2658.35
ORD-11876,2024-09-15,2024-09-21,Same Day,Corporate,West,Ahmedabad,Clothing,Formal Shirt,3,1245.25,0.05,3548.96,508.6
ORD-11877,2025-12-20,2025-12-25,Standard,Home Office,South,Chennai,Groceries,Rice 5kg,2,443.97,0.2,710.35,225.85
ORD-11878,2024-07-27,2024-08-02,Standard,Consumer,West,Pune,Furniture,Bed Frame,6,22022.23,0.15,112313.37,37564.95
ORD-11879,2025-08-31,2025-09-02,Express,Consumer,West,Mumbai,Electronics,Laptop,4,50501.18,0.0,202004.72,22756.57
ORD-11880,2025-06-18,2025-06-24,Same Day,Home Office,West,Mumbai,Electronics,Headphones,7,19178.27,0.05,127535.5,13328.67
ORD-11881,2025-12-14,2025-12-17,Same Day,Home Office,West,Ahmedabad,Electronics,Smartphone,6,56780.67,0.05,323649.82,83971.8
ORD-11882,2024-11-29,2024-12-03,Express,Home Office,South,Coimbatore,Electronics,Smartwatch,1,22513.19,0.0,22513.19,2015.36
ORD-11883,2024-12-27,2024-12-30,Same Day,Corporate,North,Jaipur,Furniture,Study Table,3,17838.32,0.1,48163.46,7766.15
ORD-11884,2024-01-01,2024-01-07,Same Day,Corporate,East,Patna,Groceries,Atta 5kg,7,521.53,0.0,3650.71,744.73
ORD-11885,2025-01-01,2025-01-03,Standard,Home Office,West,Surat,Groceries,Rice 5kg,6,217.68,0.05,1240.78,-163.99
ORD-11886,2024-10-01,2024-10-02,Same Day,Consumer,South,Hyderabad,Home & Kitchen,Non-stick Pan,1,5916.12,0.15,5028.7,-1172.96
ORD-11887,2025-06-23,2025-06-29,Express,Consumer,South,Bengaluru,Clothing,T-Shirt,1,1182.5,0.0,1182.5,35.83
ORD-11888,2025-03-11,2025-03-17,Standard,Corporate,South,Chennai,Clothing,Jacket,5,2058.73,0.3,7205.55,1228.24
ORD-11889,2024-02-19,2024-02-25,Same Day,Consumer,North,Lucknow,Furniture,Bookshelf,4,5018.67,0.0,20074.68,3424.83
ORD-11890,2025-10-07,2025-10-13,Express,Corporate,East,Bhubaneswar,Home & Kitchen,LED Bulb,6,1469.97,0.0,8819.82,886.82
ORD-11891,2024-11-26,2024-12-02,Same Day,Corporate,North,Delhi,Home & Kitchen,Mixer Grinder,6,1451.83,0.0,8710.98,-719.1
ORD-11892,2025-05-28,2025-06-03,Standard,Consumer,West,Mumbai,Home & Kitchen,Storage Box,1,2588.13,0.0,2588.13,521.89
ORD-11893,2025-06-19,2025-06-20,Same Day,Home Office,West,Ahmedabad,Groceries,Snacks Pack,5,274.95,0.1,1237.28,243.88
ORD-11894,2025-05-14,2025-05-19,Standard,Corporate,North,Jaipur,Electronics,Smartwatch,4,40161.55,0.2,128516.96,33033.89
ORD-11895,2025-12-19,2025-12-24,Standard,Consumer,West,Ahmedabad,Groceries,Rice 5kg,3,347.64,0.0,1042.92,253.42
ORD-11896,2024-08-29,2024-09-02,Express,Corporate,East,Guwahati,Clothing,Jacket,3,829.61,0.1,2239.95,502.67
ORD-11897,2025-08-09,2025-08-11,Same Day,Corporate,West,Pune,Furniture,Bookshelf,7,20002.04,0.0,140014.28,24639.42
ORD-11898,2025-03-26,2025-03-28,Same Day,Home Office,East,Guwahati,Furniture,Study Table,1,22641.72,0.0,22641.72,-2418.93
ORD-11899,2024-10-10,2024-10-12,Same Day,Consumer,South,Hyderabad,Home & Kitchen,Mixer Grinder,7,2941.35,0.0,20589.45,-3437.87
ORD-11900,2024-08-08,2024-08-10,Standard,Home Office,South,Chennai,Electronics,Tablet,7,50982.52,0.15,303345.99,14988.67
ORD-11901,2025-11-29,2025-12-05,Express,Home Office,South,Chennai,Clothing,Formal Shirt,5,2128.13,0.05,10108.62,1953.95
ORD-11902,2025-03-01,2025-03-05,Express,Consumer,North,Jaipur,Furniture,Sofa,6,8301.75,0.0,49810.5,4123.46
ORD-11903,2025-02-08,2025-02-09,Express,Consumer,South,Chennai,Groceries,Tea 500g,4,164.98,0.0,659.92,114.6
ORD-11904,2025-12-06,2025-12-08,Express,Consumer,South,Chennai,Electronics,Laptop,6,1739.64,0.2,8350.27,1053.19
ORD-11905,2024-07-12,2024-07-17,Standard,Consumer,South,Chennai,Furniture,Bookshelf,6,9699.83,0.1,52379.08,15939.98
ORD-11906,2024-01-11,2024-01-14,Express,Home Office,North,Chandigarh,Clothing,Jeans,1,2077.62,0.1,1869.86,147.38
ORD-11907,2024-06-05,2024-06-09,Express,Consumer,South,Hyderabad,Electronics,Headphones,6,4229.3,0.0,25375.8,3855.8
ORD-11908,2025-07-26,2025-07-27,Same Day,Consumer,West,Surat,Electronics,Tablet,6,29731.37,0.2,142710.58,6257.83
ORD-11909,2025-11-11,2025-11-12,Standard,Consumer,East,Bhubaneswar,Clothing,Jeans,3,1858.25,0.05,5296.01,1284.18
ORD-11910,2025-09-17,2025-09-21,Express,Corporate,West,Ahmedabad,Home & Kitchen,LED Bulb,5,3277.64,0.15,13929.97,-2925.89
ORD-11911,2024-10-01,2024-10-07,Express,Home Office,North,Jaipur,Groceries,Snacks Pack,6,122.91,0.1,663.71,-155.87
ORD-11912,2024-09-18,2024-09-19,Express,Consumer,West,Ahmedabad,Electronics,Smartphone,4,12330.08,0.0,49320.32,-10214.88
ORD-11913,2025-03-25,2025-03-26,Same Day,Consumer,West,Mumbai,Electronics,Laptop,1,55603.19,0.3,38922.23,11928.21
ORD-11914,2025-06-25,2025-06-29,Same Day,Corporate,North,Chandigarh,Furniture,Sofa,7,12082.8,0.1,76121.64,-10888.26
ORD-11915,2024-05-27,2024-05-31,Express,Corporate,North,Jaipur,Electronics,Tablet,5,27562.52,0.2,110250.08,15852.78
ORD-11916,2024-08-12,2024-08-18,Standard,Corporate,West,Ahmedabad,Furniture,Study Table,5,2533.71,0.0,12668.55,1785.13
ORD-11917,2025-08-09,2025-08-10,Standard,Corporate,North,Delhi,Clothing,Jeans,2,1675.11,0.3,2345.15,228.59
ORD-11918,2025-04-15,2025-04-16,Standard,Home Office,East,Patna,Clothing,Sneakers,5,2369.89,0.1,10664.5,1926.09
ORD-11919,2025-03-20,2025-03-21,Express,Consumer,North,Jaipur,Home & Kitchen,Mixer Grinder,2,5625.32,0.0,11250.64,-2903.51
ORD-11920,2024-06-13,2024-06-14,Express,Corporate,West,Surat,Groceries,Cooking Oil 1L,5,560.59,0.1,2522.66,470.05
ORD-11921,2024-05-15,2024-05-20,Same Day,Home Office,North,Lucknow,Home & Kitchen,Mixer Grinder,3,1910.97,0.0,5732.91,1109.8
ORD-11922,2025-12-09,2025-12-14,Standard,Corporate,South,Chennai,Groceries,Rice 5kg,7,194.34,0.1,1224.34,167.66
ORD-11923,2025-10-11,2025-10-14,Standard,Consumer,South,Bengaluru,Clothing,Jacket,5,1504.15,0.05,7144.71,746.68
ORD-11924,2025-08-13,2025-08-14,Same Day,Consumer,East,Guwahati,Furniture,Bookshelf,3,17736.88,0.1,47889.58,-2228.35
ORD-11925,2024-08-30,2024-09-01,Standard,Corporate,North,Jaipur,Electronics,Headphones,5,58963.38,0.0,294816.9,82776.39
ORD-11926,2024-07-09,2024-07-11,Same Day,Consumer,South,Bengaluru,Groceries,Tea 500g,6,455.5,0.15,2323.05,233.46
ORD-11927,2024-11-20,2024-11-24,Express,Consumer,West,Ahmedabad,Groceries,Cooking Oil 1L,6,350.53,0.05,1998.02,204.42
ORD-11928,2025-07-14,2025-07-18,Standard,Home Office,South,Hyderabad,Electronics,Smartwatch,2,52750.97,0.15,89676.65,-13346.03
ORD-11929,2024-12-25,2024-12-27,Express,Home Office,North,Chandigarh,Furniture,Bookshelf,7,14349.4,0.05,95423.51,3201.13
ORD-11930,2025-08-22,2025-08-24,Standard,Home Office,South,Chennai,Electronics,Tablet,6,6736.15,0.0,40416.9,4627.75
ORD-11931,2024-01-29,2024-01-31,Express,Consumer,West,Mumbai,Electronics,Smartphone,5,13495.07,0.0,67475.35,-10831.87
ORD-11932,2025-08-06,2025-08-11,Standard,Corporate,North,Jaipur,Home & Kitchen,Storage Box,6,4270.79,0.1,23062.27,3053.4
ORD-11933,2024-10-30,2024-11-02,Standard,Home Office,South,Chennai,Groceries,Snacks Pack,3,171.37,0.2,411.29,-74.95
ORD-11934,2024-02-14,2024-02-16,Express,Consumer,North,Delhi,Clothing,Formal Shirt,2,1032.09,0.0,2064.18,249.32
ORD-11935,2024-10-17,2024-10-18,Standard,Corporate,East,Kolkata,Electronics,Smartwatch,3,39589.71,0.3,83138.39,5680.02
ORD-11936,2025-04-19,2025-04-25,Same Day,Consumer,East,Guwahati,Electronics,Laptop,6,15236.41,0.05,86847.54,-13636.57
ORD-11937,2024-12-20,2024-12-26,Express,Home Office,South,Hyderabad,Groceries,Atta 5kg,1,482.53,0.0,482.53,54.82
ORD-11938,2024-07-29,2024-07-30,Standard,Home Office,North,Chandigarh,Clothing,Jacket,1,414.96,0.15,352.72,94.21
ORD-11939,2024-02-11,2024-02-15,Express,Consumer,South,Bengaluru,Groceries,Atta 5kg,7,328.42,0.0,2298.94,279.1
ORD-11940,2025-11-04,2025-11-06,Standard,Consumer,West,Mumbai,Furniture,Bookshelf,6,8262.88,0.0,49577.28,11399.49
ORD-11941,2025-02-25,2025-03-01,Same Day,Corporate,West,Ahmedabad,Home & Kitchen,Water Bottle,1,1483.79,0.05,1409.6,77.71
ORD-11942,2025-04-14,2025-04-17,Standard,Corporate,North,Chandigarh,Home & Kitchen,LED Bulb,3,5809.41,0.0,17428.23,1173.13
ORD-11943,2025-01-06,2025-01-11,Express,Corporate,East,Guwahati,Clothing,Sneakers,6,1350.26,0.3,5671.09,406.69
ORD-11944,2025-04-16,2025-04-17,Standard,Home Office,East,Bhubaneswar,Electronics,Smartphone,4,6671.44,0.0,26685.76,4683.76
ORD-11945,2024-06-18,2024-06-23,Same Day,Consumer,South,Chennai,Groceries,Cooking Oil 1L,4,545.1,0.0,2180.4,486.92
ORD-11946,2024-10-26,2024-10-30,Same Day,Consumer,West,Surat,Groceries,Atta 5kg,7,188.56,0.1,1187.93,178.26
ORD-11947,2024-06-18,2024-06-23,Same Day,Corporate,East,Kolkata,Electronics,Tablet,4,35780.43,0.05,135965.63,18987.06
ORD-11948,2025-02-25,2025-03-02,Same Day,Corporate,East,Guwahati,Clothing,Jacket,7,3429.38,0.0,24005.66,4425.4
ORD-11949,2025-07-08,2025-07-13,Express,Corporate,South,Bengaluru,Electronics,Smartwatch,6,58430.54,0.1,315524.92,-24786.61
ORD-11950,2025-07-28,2025-07-30,Same Day,Home Office,South,Bengaluru,Clothing,Formal Shirt,1,3365.4,0.0,3365.4,309.92
ORD-11951,2025-09-02,2025-09-04,Standard,Home Office,East,Kolkata,Electronics,Smartwatch,6,25503.69,0.0,153022.14,26003.77
ORD-11952,2025-04-26,2025-04-29,Standard,Home Office,South,Bengaluru,Electronics,Laptop,2,7721.85,0.1,13899.33,636.41
ORD-11953,2025-06-22,2025-06-28,Express,Home Office,East,Kolkata,Electronics,Smartphone,5,20809.31,0.15,88439.57,19182.66
ORD-11954,2025-07-15,2025-07-19,Standard,Consumer,West,Ahmedabad,Groceries,Atta 5kg,4,494.43,0.1,1779.95,-254.84
ORD-11955,2025-10-21,2025-10-25,Same Day,Consumer,West,Mumbai,Clothing,Jacket,5,855.22,0.3,2993.27,157.5
ORD-11956,2024-03-06,2024-03-07,Same Day,Home Office,West,Pune,Electronics,Headphones,3,14972.0,0.0,44916.0,-13199.11
ORD-11957,2024-09-04,2024-09-10,Express,Consumer,South,Coimbatore,Furniture,Study Table,5,21447.17,0.0,107235.85,14710.61
ORD-11958,2024-12-02,2024-12-08,Express,Corporate,South,Chennai,Electronics,Smartphone,4,4277.52,0.05,16254.58,-2450.37
ORD-11959,2024-07-18,2024-07-22,Standard,Home Office,West,Ahmedabad,Home & Kitchen,LED Bulb,6,2075.15,0.2,9960.72,1446.75
ORD-11960,2025-02-13,2025-02-17,Same Day,Consumer,East,Patna,Electronics,Tablet,5,7117.42,0.0,35587.1,2730.77
ORD-11961,2024-07-19,2024-07-24,Same Day,Corporate,East,Patna,Clothing,Formal Shirt,1,2809.23,0.3,1966.46,325.52
ORD-11962,2025-10-08,2025-10-10,Express,Home Office,East,Patna,Home & Kitchen,Water Bottle,3,1005.56,0.3,2111.68,610.38
ORD-11963,2025-02-26,2025-03-01,Standard,Consumer,North,Chandigarh,Groceries,Atta 5kg,1,324.16,0.05,307.95,-54.04
ORD-11964,2024-12-05,2024-12-06,Express,Home Office,North,Delhi,Groceries,Snacks Pack,2,361.73,0.15,614.94,74.4
ORD-11965,2025-02-19,2025-02-20,Express,Corporate,West,Mumbai,Furniture,Bed Frame,7,21049.11,0.0,147343.77,11516.25
ORD-11966,2025-03-14,2025-03-19,Same Day,Consumer,East,Kolkata,Groceries,Tea 500g,1,469.16,0.0,469.16,113.66
ORD-11967,2025-01-15,2025-01-16,Same Day,Home Office,North,Chandigarh,Groceries,Cooking Oil 1L,4,439.44,0.0,1757.76,230.43
ORD-11968,2024-02-12,2024-02-16,Standard,Corporate,South,Hyderabad,Furniture,Office Chair,4,15013.37,0.2,48042.78,9658.43
ORD-11969,2024-01-11,2024-01-13,Standard,Corporate,East,Kolkata,Home & Kitchen,Water Bottle,3,2726.6,0.05,7770.81,-671.44
ORD-11970,2024-02-18,2024-02-23,Same Day,Consumer,North,Jaipur,Home & Kitchen,Water Bottle,4,2584.03,0.1,9302.51,898.89
ORD-11971,2024-04-13,2024-04-14,Standard,Home Office,West,Ahmedabad,Electronics,Headphones,1,3077.13,0.1,2769.42,324.08
ORD-11972,2024-11-21,2024-11-25,Standard,Home Office,East,Bhubaneswar,Furniture,Sofa,3,7772.22,0.0,23316.66,4828.28
ORD-11973,2025-06-14,2025-06-20,Standard,Home Office,South,Coimbatore,Furniture,Office Chair,4,16685.12,0.05,63403.46,5834.49
ORD-11974,2024-12-17,2024-12-21,Same Day,Consumer,South,Chennai,Groceries,Tea 500g,1,126.5,0.0,126.5,-32.01
ORD-11975,2025-06-14,2025-06-15,Express,Corporate,West,Mumbai,Electronics,Smartwatch,3,56383.61,0.0,169150.83,-27464.56
ORD-11976,2024-06-22,2024-06-27,Standard,Home Office,East,Patna,Groceries,Cooking Oil 1L,6,405.86,0.3,1704.61,-296.76
ORD-11977,2024-11-02,2024-11-04,Same Day,Consumer,North,Chandigarh,Home & Kitchen,Non-stick Pan,1,3274.39,0.2,2619.51,193.26
ORD-11978,2024-10-21,2024-10-25,Express,Corporate,East,Bhubaneswar,Groceries,Cooking Oil 1L,5,201.07,0.1,904.82,82.32
ORD-11979,2025-11-13,2025-11-15,Express,Home Office,East,Kolkata,Groceries,Snacks Pack,6,110.99,0.1,599.35,72.94
ORD-11980,2024-01-07,2024-01-09,Same Day,Consumer,West,Ahmedabad,Furniture,Bed Frame,4,20804.03,0.3,58251.28,9965.98
ORD-11981,2024-04-18,2024-04-20,Standard,Home Office,East,Kolkata,Electronics,Smartwatch,3,6723.93,0.15,17146.02,4262.55
ORD-11982,2024-01-17,2024-01-21,Standard,Home Office,East,Guwahati,Furniture,Bookshelf,2,24375.36,0.0,48750.72,1692.21
ORD-11983,2025-12-27,2025-12-28,Same Day,Consumer,North,Delhi,Electronics,Tablet,3,18197.02,0.1,49131.95,7844.17
ORD-11984,2024-04-15,2024-04-16,Same Day,Consumer,North,Delhi,Groceries,Atta 5kg,6,582.72,0.0,3496.32,486.77
ORD-11985,2025-06-11,2025-06-13,Same Day,Consumer,North,Chandigarh,Furniture,Sofa,6,23089.65,0.0,138537.9,-7434.36
ORD-11986,2025-11-17,2025-11-21,Same Day,Home Office,North,Delhi,Groceries,Snacks Pack,1,595.69,0.1,536.12,83.49
ORD-11987,2024-11-01,2024-11-04,Same Day,Corporate,North,Delhi,Electronics,Laptop,3,55937.64,0.0,167812.92,6613.89
ORD-11988,2025-08-30,2025-09-05,Express,Consumer,West,Ahmedabad,Furniture,Bed Frame,4,14255.71,0.0,57022.84,-3876.97
ORD-11989,2024-05-14,2024-05-20,Express,Consumer,West,Pune,Home & Kitchen,Mixer Grinder,5,3656.11,0.0,18280.55,1378.85
ORD-11990,2025-08-28,2025-09-01,Standard,Home Office,West,Ahmedabad,Furniture,Study Table,5,5580.02,0.05,26505.1,5250.58
ORD-11991,2025-06-19,2025-06-25,Standard,Consumer,West,Mumbai,Furniture,Bookshelf,3,10703.11,0.3,22476.53,-5993.47
ORD-11992,2025-08-09,2025-08-14,Standard,Home Office,South,Coimbatore,Electronics,Laptop,2,44872.07,0.1,80769.73,20749.71
ORD-11993,2025-01-10,2025-01-12,Express,Corporate,North,Delhi,Groceries,Rice 5kg,4,347.7,0.2,1112.64,-49.46
ORD-11994,2024-11-13,2024-11-15,Standard,Home Office,West,Mumbai,Furniture,Bed Frame,4,4059.53,0.05,15426.21,1904.04
ORD-11995,2024-10-13,2024-10-18,Express,Home Office,South,Chennai,Clothing,Jacket,1,1816.77,0.0,1816.77,503.95
ORD-11996,2025-07-23,2025-07-24,Same Day,Consumer,West,Ahmedabad,Clothing,Jacket,6,412.61,0.15,2104.31,390.13
ORD-11997,2024-07-13,2024-07-15,Standard,Home Office,West,Surat,Groceries,Atta 5kg,6,243.76,0.2,1170.05,-47.07
ORD-11998,2025-05-07,2025-05-10,Same Day,Corporate,West,Ahmedabad,Groceries,Atta 5kg,6,199.09,0.0,1194.54,265.94
ORD-11999,2025-08-11,2025-08-17,Express,Corporate,North,Lucknow,Home & Kitchen,Mixer Grinder,2,3209.38,0.15,5455.95,1567.9
ORD-12000,2025-08-02,2025-08-05,Standard,Corporate,South,Bengaluru,Electronics,Smartwatch,7,44337.16,0.2,248288.1,31186.96
ORD-12001,2024-03-09,2024-03-15,Standard,Corporate,West,Surat,Clothing,Formal Shirt,3,882.57,0.05,2515.32,350.07
ORD-12002,2025-09-29,2025-10-04,Same Day,Home Office,South,Hyderabad,Electronics,Smartphone,5,42704.08,0.1,192168.36,36460.24
ORD-12003,2025-10-02,2025-10-06,Same Day,Corporate,North,Jaipur,Groceries,Tea 500g,7,423.47,0.0,2964.29,159.54
ORD-12004,2025-09-19,2025-09-22,Express,Corporate,South,Coimbatore,Electronics,Laptop,1,17272.19,0.15,14681.36,2156.37
ORD-12005,2025-05-19,2025-05-21,Same Day,Corporate,North,Jaipur,Home & Kitchen,Water Bottle,4,548.29,0.0,2193.16,205.71
ORD-12006,2024-02-07,2024-02-09,Express,Corporate,South,Coimbatore,Groceries,Cooking Oil 1L,4,144.75,0.15,492.15,34.62
ORD-12007,2025-07-05,2025-07-09,Same Day,Corporate,South,Bengaluru,Groceries,Rice 5kg,3,378.82,0.2,909.17,128.64
ORD-12008,2025-12-10,2025-12-15,Express,Home Office,South,Bengaluru,Furniture,Sofa,4,12176.32,0.15,41399.49,4787.1
ORD-12009,2025-01-24,2025-01-28,Same Day,Home Office,South,Bengaluru,Electronics,Smartphone,4,22588.62,0.0,90354.48,-11099.92
ORD-12010,2025-01-29,2025-02-03,Express,Home Office,West,Mumbai,Furniture,Bed Frame,2,15286.75,0.1,27516.15,-8275.41
ORD-12011,2025-04-08,2025-04-09,Express,Corporate,South,Chennai,Furniture,Bookshelf,5,7126.26,0.1,32068.17,8695.48
ORD-12012,2025-06-30,2025-07-06,Same Day,Consumer,East,Guwahati,Home & Kitchen,LED Bulb,3,2647.93,0.05,7546.6,1390.38
ORD-12013,2025-11-20,2025-11-22,Same Day,Consumer,North,Delhi,Groceries,Atta 5kg,2,84.02,0.0,168.04,43.61
ORD-12014,2025-09-23,2025-09-27,Standard,Consumer,South,Chennai,Home & Kitchen,Non-stick Pan,4,973.34,0.1,3504.02,688.74
ORD-12015,2024-12-25,2024-12-29,Same Day,Home Office,East,Patna,Clothing,T-Shirt,6,1123.71,0.0,6742.26,1197.76
ORD-12016,2025-04-16,2025-04-21,Same Day,Consumer,East,Kolkata,Electronics,Tablet,1,2795.56,0.1,2516.0,439.02
ORD-12017,2024-12-23,2024-12-24,Standard,Consumer,West,Surat,Home & Kitchen,LED Bulb,5,5525.56,0.1,24865.02,5016.22
ORD-12018,2024-10-15,2024-10-21,Express,Home Office,North,Jaipur,Electronics,Smartphone,1,36814.89,0.3,25770.42,2214.81
ORD-12019,2024-06-30,2024-07-06,Same Day,Consumer,West,Pune,Groceries,Tea 500g,5,356.21,0.2,1424.84,151.65
ORD-12020,2024-03-10,2024-03-16,Same Day,Home Office,West,Ahmedabad,Home & Kitchen,Mixer Grinder,7,4985.0,0.15,29660.75,-5095.58
ORD-12021,2025-02-28,2025-03-06,Standard,Consumer,North,Lucknow,Clothing,Formal Shirt,5,497.9,0.05,2365.02,198.56
ORD-12022,2025-04-30,2025-05-01,Same Day,Consumer,East,Bhubaneswar,Clothing,Formal Shirt,6,2641.32,0.15,13470.73,2715.37
ORD-12023,2024-01-28,2024-02-02,Express,Consumer,East,Guwahati,Home & Kitchen,Storage Box,5,740.67,0.3,2592.34,390.84
ORD-12024,2025-08-18,2025-08-19,Same Day,Corporate,South,Hyderabad,Home & Kitchen,LED Bulb,5,3243.45,0.2,12973.8,468.19
ORD-12025,2024-11-20,2024-11-24,Same Day,Consumer,North,Lucknow,Electronics,Smartwatch,7,9475.93,0.0,66331.51,18490.97
ORD-12026,2024-08-21,2024-08-27,Same Day,Home Office,South,Chennai,Groceries,Snacks Pack,4,86.42,0.15,293.83,-40.0
ORD-12027,2025-05-22,2025-05-26,Same Day,Home Office,West,Pune,Electronics,Smartwatch,7,42897.38,0.0,300281.66,-50213.38
ORD-12028,2025-10-28,2025-11-01,Same Day,Home Office,East,Bhubaneswar,Furniture,Office Chair,6,2699.04,0.1,14574.82,3648.32
ORD-12029,2025-03-18,2025-03-20,Same Day,Corporate,East,Kolkata,Clothing,Sneakers,4,1381.24,0.0,5524.96,307.68
ORD-12030,2024-05-07,2024-05-13,Standard,Consumer,North,Jaipur,Clothing,Jacket,5,1585.6,0.3,5549.6,287.2
ORD-12031,2024-04-01,2024-04-04,Express,Home Office,North,Chandigarh,Electronics,Tablet,3,13911.06,0.05,39646.52,8132.71
ORD-12032,2025-09-12,2025-09-14,Standard,Corporate,West,Mumbai,Home & Kitchen,Water Bottle,6,3381.96,0.05,19277.17,3169.19
ORD-12033,2025-11-20,2025-11-23,Express,Consumer,South,Coimbatore,Clothing,Jeans,3,2903.66,0.15,7404.33,2370.47
ORD-12034,2025-10-01,2025-10-03,Same Day,Consumer,East,Bhubaneswar,Home & Kitchen,Storage Box,6,2151.3,0.2,10326.24,1408.06
ORD-12035,2024-11-07,2024-11-09,Same Day,Consumer,West,Ahmedabad,Home & Kitchen,Non-stick Pan,2,4318.09,0.0,8636.18,1322.29
ORD-12036,2024-08-15,2024-08-18,Express,Corporate,South,Hyderabad,Groceries,Tea 500g,1,349.41,0.2,279.53,-30.0
ORD-12037,2025-03-17,2025-03-18,Standard,Corporate,East,Kolkata,Clothing,Jacket,3,2930.08,0.0,8790.24,-2625.95
ORD-12038,2024-04-28,2024-05-03,Standard,Home Office,East,Kolkata,Electronics,Laptop,3,58621.3,0.1,158277.51,9642.32
ORD-12039,2025-03-17,2025-03-18,Standard,Corporate,South,Bengaluru,Home & Kitchen,Mixer Grinder,6,514.65,0.0,3087.9,154.47
ORD-12040,2024-01-11,2024-01-12,Express,Home Office,North,Chandigarh,Clothing,Jeans,6,1254.44,0.0,7526.64,2024.11
ORD-12041,2025-05-25,2025-05-31,Same Day,Home Office,West,Surat,Furniture,Bookshelf,6,4621.27,0.3,19409.33,-2423.81
ORD-12042,2025-05-14,2025-05-20,Express,Consumer,North,Delhi,Electronics,Headphones,3,52697.07,0.0,158091.21,-25633.81
ORD-12043,2025-02-18,2025-02-19,Express,Consumer,West,Surat,Groceries,Atta 5kg,7,77.37,0.0,541.59,53.76
ORD-12044,2024-08-21,2024-08-26,Standard,Corporate,North,Chandigarh,Home & Kitchen,Storage Box,2,4199.95,0.05,7979.9,1270.5
ORD-12045,2024-09-24,2024-09-25,Express,Corporate,South,Chennai,Home & Kitchen,LED Bulb,2,1144.63,0.0,2289.26,103.04
ORD-12046,2024-08-11,2024-08-13,Express,Corporate,North,Delhi,Furniture,Office Chair,4,8854.05,0.0,35416.2,3124.76
ORD-12047,2024-05-19,2024-05-21,Same Day,Home Office,West,Surat,Clothing,Sneakers,2,899.07,0.3,1258.7,135.71
ORD-12048,2025-10-01,2025-10-02,Same Day,Home Office,West,Pune,Electronics,Laptop,6,32908.44,0.2,157960.51,42038.77
ORD-12049,2024-06-18,2024-06-24,Same Day,Consumer,West,Mumbai,Home & Kitchen,LED Bulb,7,5930.6,0.2,33211.36,-4677.95
ORD-12050,2025-09-24,2025-09-27,Express,Corporate,West,Mumbai,Home & Kitchen,Non-stick Pan,7,317.74,0.05,2112.97,151.84
ORD-12051,2024-07-17,2024-07-18,Same Day,Corporate,South,Bengaluru,Electronics,Smartwatch,2,38000.58,0.0,76001.16,15398.72
ORD-12052,2024-12-20,2024-12-23,Express,Corporate,South,Coimbatore,Clothing,Sneakers,4,2073.9,0.0,8295.6,988.35
ORD-12053,2025-03-13,2025-03-18,Standard,Consumer,West,Surat,Electronics,Laptop,4,41181.9,0.0,164727.6,-41003.25
ORD-12054,2025-04-27,2025-05-03,Standard,Consumer,East,Kolkata,Home & Kitchen,Non-stick Pan,4,913.59,0.0,3654.36,-240.42
ORD-12055,2025-02-09,2025-02-12,Express,Corporate,South,Coimbatore,Furniture,Sofa,4,8725.34,0.1,31411.22,-3575.44
ORD-12056,2025-09-11,2025-09-14,Express,Home Office,North,Lucknow,Home & Kitchen,LED Bulb,4,1565.99,0.05,5950.76,-1418.41
ORD-12057,2025-07-09,2025-07-14,Same Day,Home Office,West,Mumbai,Clothing,Sneakers,3,486.38,0.0,1459.14,247.47
ORD-12058,2024-10-15,2024-10-21,Same Day,Home Office,West,Surat,Groceries,Atta 5kg,2,467.03,0.05,887.36,-186.23
ORD-12059,2024-04-15,2024-04-16,Same Day,Home Office,North,Chandigarh,Groceries,Atta 5kg,7,171.15,0.2,958.44,91.73
ORD-12060,2024-12-17,2024-12-19,Standard,Corporate,West,Ahmedabad,Electronics,Tablet,1,7326.76,0.2,5861.41,-1147.92
ORD-12061,2025-03-16,2025-03-17,Express,Home Office,North,Delhi,Home & Kitchen,LED Bulb,3,541.7,0.05,1543.84,277.44
ORD-12062,2024-10-14,2024-10-16,Express,Corporate,North,Lucknow,Groceries,Snacks Pack,2,198.73,0.3,278.22,-17.2
ORD-12063,2025-02-16,2025-02-21,Express,Home Office,West,Surat,Clothing,Jeans,4,423.55,0.2,1355.36,-348.14
ORD-12064,2024-01-29,2024-02-03,Same Day,Corporate,East,Kolkata,Groceries,Snacks Pack,6,550.17,0.1,2970.92,672.27
ORD-12065,2025-10-21,2025-10-27,Standard,Corporate,South,Hyderabad,Electronics,Tablet,1,32882.23,0.3,23017.56,-2556.72
ORD-12066,2025-03-25,2025-03-27,Express,Consumer,East,Guwahati,Clothing,Jacket,2,736.73,0.0,1473.46,319.68
ORD-12067,2025-04-12,2025-04-13,Same Day,Home Office,West,Mumbai,Furniture,Sofa,3,24458.42,0.3,51362.68,9783.42
ORD-12068,2025-01-19,2025-01-24,Express,Home Office,North,Delhi,Furniture,Sofa,5,20708.33,0.0,103541.65,29750.89
ORD-12069,2024-02-29,2024-03-01,Standard,Corporate,North,Chandigarh,Home & Kitchen,LED Bulb,6,1903.95,0.2,9138.96,1933.28
ORD-12070,2025-03-29,2025-03-30,Standard,Corporate,North,Chandigarh,Furniture,Bookshelf,7,22444.69,0.0,157112.83,19398.39
ORD-12071,2024-09-18,2024-09-20,Standard,Consumer,South,Coimbatore,Groceries,Rice 5kg,5,74.18,0.1,333.81,65.07
ORD-12072,2025-01-09,2025-01-12,Express,Corporate,South,Chennai,Home & Kitchen,Water Bottle,7,5824.18,0.0,40769.26,7270.05
ORD-12073,2025-07-19,2025-07-23,Same Day,Corporate,East,Kolkata,Groceries,Tea 500g,3,160.01,0.05,456.03,117.01
ORD-12074,2025-04-26,2025-05-02,Standard,Corporate,West,Ahmedabad,Furniture,Office Chair,1,8049.98,0.3,5634.99,1499.76
ORD-12075,2024-02-06,2024-02-07,Standard,Corporate,North,Lucknow,Home & Kitchen,Mixer Grinder,1,2878.26,0.0,2878.26,653.46
ORD-12076,2025-05-31,2025-06-02,Standard,Consumer,East,Bhubaneswar,Furniture,Study Table,5,8973.78,0.0,44868.9,5773.71
ORD-12077,2024-06-11,2024-06-14,Standard,Consumer,West,Surat,Clothing,Sneakers,5,2425.49,0.0,12127.45,910.22
ORD-12078,2025-10-26,2025-10-29,Same Day,Consumer,South,Chennai,Groceries,Snacks Pack,7,575.96,0.0,4031.72,345.1
ORD-12079,2024-09-11,2024-09-15,Same Day,Corporate,East,Guwahati,Home & Kitchen,Water Bottle,1,3463.41,0.3,2424.39,204.24
ORD-12080,2025-10-24,2025-10-26,Express,Consumer,North,Delhi,Furniture,Bed Frame,6,12113.67,0.0,72682.02,3711.06
ORD-12081,2024-06-05,2024-06-07,Same Day,Consumer,West,Surat,Home & Kitchen,Mixer Grinder,5,3238.83,0.2,12955.32,2454.79
ORD-12082,2025-09-04,2025-09-08,Same Day,Consumer,East,Patna,Clothing,Sneakers,5,1856.12,0.0,9280.6,344.36
ORD-12083,2025-01-20,2025-01-24,Standard,Home Office,North,Lucknow,Groceries,Rice 5kg,7,442.14,0.0,3094.98,331.11
ORD-12084,2024-08-25,2024-08-30,Express,Corporate,North,Lucknow,Home & Kitchen,LED Bulb,2,3378.28,0.15,5743.08,1338.91
ORD-12085,2025-03-28,2025-03-30,Express,Corporate,East,Bhubaneswar,Furniture,Sofa,3,2796.68,0.0,8390.04,1100.41
ORD-12086,2025-01-11,2025-01-16,Standard,Home Office,North,Chandigarh,Furniture,Study Table,2,20669.45,0.1,37205.01,1719.27
ORD-12087,2024-08-02,2024-08-05,Standard,Corporate,West,Pune,Electronics,Laptop,5,5604.9,0.05,26623.28,4949.85
ORD-12088,2024-05-25,2024-05-31,Same Day,Consumer,North,Lucknow,Clothing,Jacket,1,1386.89,0.3,970.82,-104.03
ORD-12089,2025-01-29,2025-01-30,Standard,Home Office,East,Guwahati,Groceries,Cooking Oil 1L,6,148.52,0.05,846.56,-79.05
ORD-12090,2025-12-01,2025-12-02,Same Day,Home Office,East,Patna,Electronics,Tablet,3,48087.35,0.2,115409.64,26831.37
ORD-12091,2024-12-13,2024-12-15,Standard,Home Office,South,Hyderabad,Electronics,Laptop,5,27080.51,0.0,135402.55,16676.92
ORD-12092,2024-05-29,2024-06-01,Express,Home Office,West,Mumbai,Home & Kitchen,LED Bulb,2,2598.63,0.0,5197.26,366.4
ORD-12093,2024-01-30,2024-02-01,Express,Home Office,West,Mumbai,Furniture,Study Table,6,15125.57,0.2,72602.74,5259.94
ORD-12094,2024-03-24,2024-03-28,Standard,Home Office,East,Bhubaneswar,Groceries,Snacks Pack,7,455.22,0.2,2549.23,755.08
ORD-12095,2024-04-23,2024-04-25,Standard,Corporate,South,Coimbatore,Furniture,Study Table,3,13850.55,0.1,37396.48,3925.88
ORD-12096,2024-03-26,2024-03-30,Express,Corporate,North,Chandigarh,Home & Kitchen,Water Bottle,4,2314.65,0.3,6481.02,-759.57
ORD-12097,2025-01-23,2025-01-29,Same Day,Home Office,North,Delhi,Clothing,Sneakers,7,1725.48,0.0,12078.36,-1936.53
ORD-12098,2025-07-18,2025-07-24,Standard,Home Office,North,Delhi,Clothing,Sneakers,2,3271.41,0.0,6542.82,713.43
ORD-12099,2025-05-01,2025-05-02,Express,Corporate,East,Guwahati,Home & Kitchen,Mixer Grinder,3,5824.63,0.0,17473.89,1407.87
ORD-12100,2025-02-11,2025-02-12,Same Day,Consumer,North,Chandigarh,Clothing,Jacket,4,2516.04,0.15,8554.54,1025.73
ORD-12101,2025-02-05,2025-02-08,Express,Corporate,East,Kolkata,Furniture,Study Table,7,7169.75,0.1,45169.42,7644.9
ORD-12102,2024-12-12,2024-12-15,Standard,Home Office,North,Delhi,Furniture,Sofa,7,13555.44,0.2,75910.46,10737.61
ORD-12103,2024-04-20,2024-04-26,Standard,Home Office,North,Lucknow,Groceries,Cooking Oil 1L,4,500.02,0.2,1600.06,88.93
ORD-12104,2024-08-06,2024-08-07,Standard,Consumer,East,Patna,Electronics,Smartwatch,3,16737.56,0.0,50212.68,-5343.5
ORD-12105,2024-09-18,2024-09-21,Express,Corporate,North,Delhi,Furniture,Office Chair,2,14874.91,0.1,26774.84,-3843.83
ORD-12106,2024-08-14,2024-08-15,Standard,Home Office,South,Bengaluru,Clothing,Jacket,6,727.49,0.1,3928.45,377.73
ORD-12107,2024-02-08,2024-02-11,Express,Consumer,East,Kolkata,Home & Kitchen,Water Bottle,3,5660.89,0.15,14435.27,3751.44
ORD-12108,2025-01-04,2025-01-09,Standard,Consumer,West,Pune,Clothing,Jacket,6,2389.96,0.1,12905.78,831.06
ORD-12109,2024-02-18,2024-02-19,Express,Home Office,South,Bengaluru,Home & Kitchen,Mixer Grinder,5,4376.54,0.2,17506.16,-3838.28
ORD-12110,2024-08-23,2024-08-25,Standard,Home Office,North,Delhi,Clothing,Formal Shirt,3,475.96,0.0,1427.88,355.41
ORD-12111,2024-12-27,2024-12-29,Same Day,Home Office,North,Chandigarh,Electronics,Smartwatch,3,58683.57,0.15,149643.1,30935.56
ORD-12112,2025-12-05,2025-12-07,Same Day,Corporate,West,Pune,Home & Kitchen,LED Bulb,7,3465.41,0.1,21832.08,-5357.77
ORD-12113,2024-11-11,2024-11-16,Standard,Home Office,East,Guwahati,Clothing,Sneakers,1,1855.76,0.05,1762.97,-292.27
ORD-12114,2025-10-09,2025-10-12,Standard,Corporate,East,Guwahati,Clothing,Formal Shirt,7,2671.93,0.1,16833.16,-2188.06
ORD-12115,2025-08-03,2025-08-07,Express,Corporate,North,Lucknow,Electronics,Laptop,7,33661.15,0.05,223846.65,40008.05
ORD-12116,2025-03-17,2025-03-18,Same Day,Home Office,East,Patna,Electronics,Tablet,2,41054.8,0.0,82109.6,-15432.71
ORD-12117,2024-11-07,2024-11-11,Express,Home Office,East,Guwahati,Furniture,Study Table,2,6698.38,0.0,13396.76,-2839.42
ORD-12118,2024-05-11,2024-05-17,Standard,Corporate,East,Guwahati,Groceries,Atta 5kg,6,416.67,0.2,2000.02,-170.62
ORD-12119,2024-11-30,2024-12-04,Standard,Consumer,East,Patna,Clothing,Sneakers,3,2055.94,0.2,4934.26,530.88
ORD-12120,2025-05-16,2025-05-17,Standard,Corporate,North,Chandigarh,Electronics,Smartwatch,1,30039.98,0.0,30039.98,-9079.21
ORD-12121,2025-06-22,2025-06-27,Same Day,Corporate,North,Lucknow,Electronics,Headphones,4,39114.35,0.0,156457.4,-34282.77
ORD-12122,2024-09-21,2024-09-27,Same Day,Consumer,North,Jaipur,Home & Kitchen,Water Bottle,2,4480.55,0.0,8961.1,2259.0
ORD-12123,2024-09-14,2024-09-16,Standard,Home Office,East,Kolkata,Home & Kitchen,LED Bulb,1,2573.45,0.15,2187.43,570.03
ORD-12124,2025-05-20,2025-05-21,Standard,Home Office,West,Pune,Furniture,Study Table,6,13535.57,0.0,81213.42,14369.62
ORD-12125,2025-11-07,2025-11-10,Same Day,Home Office,East,Patna,Home & Kitchen,Storage Box,5,5203.14,0.05,24714.92,4137.22
ORD-12126,2024-06-23,2024-06-27,Express,Corporate,North,Chandigarh,Groceries,Tea 500g,2,172.32,0.0,344.64,13.66
ORD-12127,2024-12-11,2024-12-16,Same Day,Home Office,South,Bengaluru,Clothing,Sneakers,4,1945.76,0.15,6615.58,552.39
ORD-12128,2024-04-12,2024-04-14,Express,Home Office,South,Hyderabad,Home & Kitchen,Storage Box,4,2950.87,0.0,11803.48,1788.06
ORD-12129,2025-01-14,2025-01-18,Standard,Consumer,North,Lucknow,Electronics,Tablet,3,2835.24,0.0,8505.72,-1100.2
ORD-12130,2024-05-04,2024-05-08,Standard,Consumer,South,Coimbatore,Clothing,Formal Shirt,1,2718.53,0.3,1902.97,-543.9
ORD-12131,2025-04-29,2025-04-30,Standard,Corporate,East,Kolkata,Furniture,Study Table,4,6259.62,0.0,25038.48,2626.21
ORD-12132,2025-12-09,2025-12-15,Express,Consumer,West,Mumbai,Clothing,Jacket,5,1749.42,0.0,8747.1,2016.88
ORD-12133,2024-06-24,2024-06-27,Express,Home Office,North,Chandigarh,Clothing,Formal Shirt,4,3129.62,0.0,12518.48,2437.1
ORD-12134,2024-08-21,2024-08-25,Standard,Home Office,West,Surat,Furniture,Sofa,4,19733.27,0.2,63146.46,16650.52
ORD-12135,2025-07-07,2025-07-09,Express,Home Office,South,Chennai,Furniture,Sofa,7,23689.4,0.0,165825.8,-19074.28
ORD-12136,2025-12-22,2025-12-26,Same Day,Home Office,North,Lucknow,Groceries,Atta 5kg,3,444.56,0.0,1333.68,182.66
ORD-12137,2024-06-17,2024-06-18,Standard,Corporate,West,Mumbai,Furniture,Sofa,2,24965.63,0.0,49931.26,12338.77
ORD-12138,2025-01-11,2025-01-12,Standard,Corporate,East,Bhubaneswar,Clothing,Jeans,2,3152.89,0.0,6305.78,668.26
ORD-12139,2025-03-15,2025-03-18,Same Day,Home Office,South,Hyderabad,Clothing,Jacket,1,2572.03,0.3,1800.42,396.0
ORD-12140,2025-08-19,2025-08-23,Standard,Consumer,East,Patna,Electronics,Smartphone,4,49065.23,0.0,196260.92,30024.22
ORD-12141,2025-02-15,2025-02-20,Express,Corporate,East,Guwahati,Groceries,Atta 5kg,3,552.25,0.05,1573.91,112.27
ORD-12142,2025-10-03,2025-10-04,Standard,Corporate,West,Ahmedabad,Electronics,Headphones,5,40469.31,0.3,141642.58,11482.55
ORD-12143,2024-09-15,2024-09-17,Same Day,Consumer,East,Patna,Electronics,Smartphone,6,8500.43,0.0,51002.58,5137.77
ORD-12144,2024-11-14,2024-11-18,Standard,Home Office,South,Chennai,Clothing,Jacket,5,1576.46,0.1,7094.07,250.49
ORD-12145,2024-03-03,2024-03-09,Same Day,Corporate,West,Pune,Home & Kitchen,Mixer Grinder,5,2362.02,0.2,9448.08,-1812.02
ORD-12146,2024-01-11,2024-01-12,Same Day,Corporate,South,Chennai,Home & Kitchen,Non-stick Pan,2,1642.62,0.0,3285.24,470.61
ORD-12147,2025-09-29,2025-10-01,Standard,Corporate,East,Guwahati,Home & Kitchen,Storage Box,3,460.32,0.0,1380.96,-130.59
ORD-12148,2025-09-28,2025-09-30,Same Day,Corporate,North,Chandigarh,Furniture,Bed Frame,2,20342.78,0.2,32548.45,7311.24
ORD-12149,2025-06-29,2025-07-02,Same Day,Corporate,East,Kolkata,Groceries,Cooking Oil 1L,3,179.29,0.3,376.51,-91.82
ORD-12150,2025-04-01,2025-04-06,Express,Corporate,West,Mumbai,Clothing,Jeans,5,1791.72,0.2,7166.88,1131.72
ORD-12151,2024-01-06,2024-01-11,Same Day,Corporate,West,Surat,Clothing,Jeans,6,1213.21,0.0,7279.26,622.9
ORD-12152,2025-08-05,2025-08-06,Standard,Home Office,North,Delhi,Groceries,Cooking Oil 1L,3,554.88,0.0,1664.64,-79.45
ORD-12153,2024-10-26,2024-10-29,Express,Home Office,North,Chandigarh,Home & Kitchen,Mixer Grinder,5,5553.1,0.0,27765.5,-8290.25
ORD-12154,2025-10-06,2025-10-08,Express,Consumer,South,Hyderabad,Home & Kitchen,LED Bulb,4,2838.05,0.1,10216.98,1320.53
ORD-12155,2025-09-13,2025-09-17,Same Day,Consumer,North,Lucknow,Home & Kitchen,Mixer Grinder,3,965.22,0.3,2026.96,119.15
ORD-12156,2025-05-10,2025-05-11,Standard,Corporate,West,Surat,Groceries,Cooking Oil 1L,2,467.76,0.2,748.42,111.77
ORD-12157,2024-12-08,2024-12-14,Express,Consumer,East,Bhubaneswar,Electronics,Smartwatch,4,21696.71,0.0,86786.84,17329.69
ORD-12158,2024-09-22,2024-09-26,Standard,Consumer,West,Ahmedabad,Groceries,Rice 5kg,3,303.82,0.15,774.74,-225.16
ORD-12159,2025-08-25,2025-08-30,Standard,Home Office,West,Surat,Furniture,Sofa,2,2593.46,0.05,4927.57,838.86
ORD-12160,2025-07-21,2025-07-24,Standard,Home Office,East,Kolkata,Clothing,Sneakers,3,2976.88,0.05,8484.11,1251.76
ORD-12161,2025-02-01,2025-02-05,Express,Corporate,North,Chandigarh,Furniture,Study Table,1,2797.15,0.0,2797.15,-421.45
ORD-12162,2024-11-11,2024-11-15,Standard,Home Office,West,Mumbai,Groceries,Snacks Pack,3,416.6,0.15,1062.33,-311.21
ORD-12163,2024-11-23,2024-11-29,Standard,Consumer,North,Lucknow,Clothing,Jeans,2,1934.96,0.1,3482.93,552.78
ORD-12164,2024-09-21,2024-09-27,Same Day,Consumer,South,Coimbatore,Groceries,Cooking Oil 1L,7,428.4,0.3,2099.16,542.29
ORD-12165,2024-02-29,2024-03-04,Same Day,Home Office,West,Surat,Furniture,Study Table,3,4553.53,0.2,10928.47,2418.4
ORD-12166,2024-10-05,2024-10-07,Express,Home Office,East,Patna,Home & Kitchen,Non-stick Pan,3,2204.12,0.1,5951.12,-1398.24
ORD-12167,2025-11-02,2025-11-04,Express,Home Office,North,Jaipur,Electronics,Headphones,3,20115.3,0.15,51294.01,6969.3
ORD-12168,2024-01-31,2024-02-05,Express,Corporate,South,Bengaluru,Clothing,Jeans,5,1109.49,0.2,4437.96,957.02
ORD-12169,2025-05-14,2025-05-15,Same Day,Consumer,North,Delhi,Electronics,Tablet,4,15181.88,0.2,48582.02,7510.32
ORD-12170,2024-08-03,2024-08-05,Express,Consumer,West,Ahmedabad,Groceries,Cooking Oil 1L,3,456.77,0.0,1370.31,241.43
ORD-12171,2024-04-30,2024-05-03,Same Day,Consumer,South,Hyderabad,Home & Kitchen,Mixer Grinder,1,3499.95,0.2,2799.96,366.09
ORD-12172,2024-04-18,2024-04-21,Same Day,Corporate,South,Chennai,Clothing,Formal Shirt,6,1742.47,0.05,9932.08,-2144.05
ORD-12173,2024-03-18,2024-03-21,Standard,Corporate,West,Surat,Groceries,Atta 5kg,5,145.57,0.0,727.85,74.91
ORD-12174,2024-02-18,2024-02-19,Express,Consumer,West,Ahmedabad,Furniture,Sofa,1,21940.22,0.0,21940.22,4067.59
ORD-12175,2025-01-25,2025-01-28,Same Day,Home Office,West,Mumbai,Electronics,Smartphone,6,25176.89,0.15,128402.14,10573.06
ORD-12176,2025-02-15,2025-02-20,Express,Consumer,North,Jaipur,Clothing,Jeans,2,993.74,0.15,1689.36,356.25
ORD-12177,2024-04-11,2024-04-15,Standard,Home Office,West,Surat,Electronics,Laptop,1,53963.93,0.0,53963.93,7147.02
ORD-12178,2024-11-21,2024-11-27,Standard,Consumer,West,Ahmedabad,Home & Kitchen,Storage Box,3,383.78,0.1,1036.21,195.12
ORD-12179,2024-02-21,2024-02-22,Same Day,Corporate,South,Chennai,Groceries,Cooking Oil 1L,3,598.84,0.0,1796.52,202.38
ORD-12180,2024-01-22,2024-01-26,Express,Home Office,West,Ahmedabad,Furniture,Office Chair,4,13098.65,0.0,52394.6,4923.8
ORD-12181,2025-09-13,2025-09-17,Same Day,Home Office,West,Surat,Groceries,Atta 5kg,4,256.78,0.3,718.98,160.98
ORD-12182,2025-01-07,2025-01-13,Standard,Home Office,South,Bengaluru,Groceries,Atta 5kg,3,93.35,0.1,252.04,29.85
ORD-12183,2025-04-06,2025-04-08,Express,Consumer,North,Delhi,Clothing,Jeans,7,2560.24,0.0,17921.68,1507.31
ORD-12184,2025-01-10,2025-01-15,Express,Home Office,East,Guwahati,Electronics,Headphones,3,25803.4,0.1,69669.18,3714.25
ORD-12185,2024-06-14,2024-06-17,Express,Corporate,West,Ahmedabad,Clothing,Jacket,2,2056.99,0.05,3908.28,135.73
ORD-12186,2025-09-06,2025-09-08,Express,Home Office,East,Patna,Home & Kitchen,Storage Box,2,5053.53,0.1,9096.35,2409.45
ORD-12187,2025-08-05,2025-08-09,Express,Corporate,East,Kolkata,Groceries,Tea 500g,4,343.72,0.15,1168.65,276.54
ORD-12188,2025-02-17,2025-02-23,Same Day,Home Office,West,Surat,Electronics,Laptop,5,44279.33,0.3,154977.66,-29110.34
ORD-12189,2025-12-08,2025-12-12,Same Day,Home Office,North,Delhi,Home & Kitchen,Mixer Grinder,1,1460.57,0.05,1387.54,-82.29
ORD-12190,2025-11-10,2025-11-11,Same Day,Home Office,East,Kolkata,Clothing,T-Shirt,5,2126.62,0.0,10633.1,2067.2
ORD-12191,2024-11-14,2024-11-15,Standard,Consumer,North,Chandigarh,Furniture,Bookshelf,3,7318.66,0.3,15369.19,-4524.33
ORD-12192,2024-11-27,2024-11-29,Same Day,Home Office,East,Bhubaneswar,Electronics,Smartphone,6,19336.16,0.0,116016.96,-16424.55
ORD-12193,2025-01-03,2025-01-06,Standard,Corporate,West,Mumbai,Clothing,Sneakers,3,1544.58,0.15,3938.68,-777.65
ORD-12194,2025-11-17,2025-11-18,Standard,Consumer,North,Jaipur,Home & Kitchen,Storage Box,7,1624.93,0.15,9668.33,1406.76
ORD-12195,2025-06-16,2025-06-19,Same Day,Corporate,South,Chennai,Furniture,Study Table,1,11251.07,0.2,9000.86,923.53
ORD-12196,2024-11-12,2024-11-13,Express,Home Office,West,Surat,Electronics,Headphones,5,35117.9,0.3,122912.65,7988.56
ORD-12197,2025-12-02,2025-12-07,Express,Consumer,West,Ahmedabad,Groceries,Atta 5kg,4,512.67,0.0,2050.68,236.36
ORD-12198,2024-04-01,2024-04-03,Standard,Corporate,West,Pune,Home & Kitchen,Mixer Grinder,4,1182.8,0.0,4731.2,728.9
ORD-12199,2024-06-02,2024-06-07,Same Day,Consumer,North,Delhi,Furniture,Bookshelf,1,22985.97,0.0,22985.97,2773.87
ORD-12200,2025-03-26,2025-03-31,Same Day,Corporate,South,Bengaluru,Home & Kitchen,LED Bulb,6,2436.42,0.2,11694.82,2453.29
ORD-12201,2025-03-01,2025-03-04,Same Day,Consumer,West,Mumbai,Groceries,Atta 5kg,1,477.7,0.2,382.16,-32.35
ORD-12202,2025-10-25,2025-10-26,Express,Home Office,West,Pune,Clothing,T-Shirt,1,3285.37,0.0,3285.37,133.13
ORD-12203,2025-09-23,2025-09-28,Standard,Consumer,North,Lucknow,Clothing,Formal Shirt,1,441.27,0.0,441.27,64.69
ORD-12204,2025-04-03,2025-04-04,Standard,Corporate,North,Lucknow,Electronics,Smartwatch,6,17068.18,0.05,97288.63,7800.17
ORD-12205,2024-05-21,2024-05-22,Standard,Corporate,West,Pune,Groceries,Atta 5kg,1,211.17,0.15,179.49,-17.62
ORD-12206,2025-03-23,2025-03-24,Same Day,Corporate,West,Surat,Clothing,Sneakers,5,1451.08,0.0,7255.4,809.95
ORD-12207,2024-02-02,2024-02-07,Same Day,Home Office,North,Chandigarh,Groceries,Cooking Oil 1L,3,319.9,0.1,863.73,174.12
ORD-12208,2024-12-01,2024-12-03,Same Day,Home Office,West,Surat,Furniture,Sofa,6,7376.19,0.0,44257.14,9909.52
ORD-12209,2025-03-16,2025-03-18,Express,Consumer,North,Lucknow,Electronics,Headphones,6,43490.86,0.0,260945.16,9567.02
ORD-12210,2024-04-06,2024-04-09,Express,Consumer,South,Coimbatore,Home & Kitchen,Water Bottle,1,2476.56,0.05,2352.73,401.83
ORD-12211,2024-10-12,2024-10-17,Same Day,Home Office,South,Chennai,Clothing,Sneakers,7,1548.95,0.1,9758.38,-855.45
ORD-12212,2024-03-23,2024-03-26,Same Day,Corporate,West,Surat,Home & Kitchen,Storage Box,4,4211.3,0.0,16845.2,3385.9
ORD-12213,2024-10-20,2024-10-23,Same Day,Consumer,West,Surat,Clothing,Sneakers,3,1704.64,0.1,4602.53,-756.94
ORD-12214,2025-12-27,2026-01-01,Same Day,Consumer,North,Jaipur,Furniture,Sofa,7,23469.17,0.0,164284.19,-27632.04
ORD-12215,2025-07-06,2025-07-09,Same Day,Corporate,West,Surat,Groceries,Snacks Pack,1,509.62,0.0,509.62,62.83
ORD-12216,2024-09-21,2024-09-27,Same Day,Home Office,East,Kolkata,Clothing,Sneakers,2,3487.42,0.0,6974.84,1089.24
ORD-12217,2025-02-02,2025-02-08,Same Day,Corporate,East,Bhubaneswar,Clothing,Sneakers,7,2616.66,0.05,17400.79,3465.35
ORD-12218,2025-09-11,2025-09-12,Same Day,Home Office,East,Kolkata,Furniture,Bookshelf,5,19016.69,0.0,95083.45,3121.9
ORD-12219,2025-12-28,2025-12-31,Same Day,Consumer,North,Jaipur,Furniture,Bookshelf,1,21343.34,0.2,17074.67,-4406.06
ORD-12220,2024-11-14,2024-11-20,Express,Home Office,East,Kolkata,Groceries,Cooking Oil 1L,3,512.94,0.0,1538.82,113.46
ORD-12221,2024-11-05,2024-11-10,Standard,Consumer,North,Chandigarh,Groceries,Rice 5kg,3,576.36,0.0,1729.08,-336.43
ORD-12222,2025-10-15,2025-10-19,Standard,Corporate,East,Patna,Groceries,Snacks Pack,5,161.26,0.0,806.3,55.59
ORD-12223,2025-06-08,2025-06-14,Same Day,Home Office,West,Surat,Groceries,Rice 5kg,6,97.01,0.0,582.06,57.36
ORD-12224,2024-05-10,2024-05-11,Express,Home Office,North,Jaipur,Clothing,Sneakers,7,2121.21,0.05,14106.05,-992.51
ORD-12225,2024-01-31,2024-02-02,Express,Home Office,East,Patna,Furniture,Bookshelf,5,15113.16,0.05,71787.51,8876.26
ORD-12226,2025-01-30,2025-02-03,Same Day,Home Office,North,Jaipur,Furniture,Bed Frame,1,2224.37,0.2,1779.5,-540.2
ORD-12227,2024-02-19,2024-02-20,Standard,Corporate,East,Bhubaneswar,Furniture,Study Table,2,22592.57,0.0,45185.14,8060.39
ORD-12228,2025-05-20,2025-05-25,Standard,Home Office,North,Delhi,Electronics,Tablet,6,48417.88,0.3,203355.1,52810.04
ORD-12229,2025-08-21,2025-08-23,Same Day,Corporate,East,Guwahati,Clothing,Jacket,4,2063.53,0.0,8254.12,530.07
ORD-12230,2025-04-03,2025-04-05,Express,Corporate,West,Ahmedabad,Furniture,Bookshelf,2,22244.29,0.1,40039.72,5236.44
ORD-12231,2024-05-31,2024-06-04,Express,Corporate,East,Bhubaneswar,Clothing,Formal Shirt,2,1510.24,0.05,2869.46,581.9
ORD-12232,2024-02-29,2024-03-01,Express,Consumer,South,Hyderabad,Furniture,Study Table,4,13563.12,0.1,48827.23,4320.16
ORD-12233,2025-08-09,2025-08-14,Express,Consumer,West,Pune,Clothing,Jacket,3,3163.33,0.2,7591.99,801.42
ORD-12234,2025-09-07,2025-09-11,Same Day,Corporate,West,Surat,Clothing,Jacket,6,2235.91,0.0,13415.46,-3631.46
ORD-12235,2024-06-26,2024-06-27,Standard,Home Office,West,Mumbai,Furniture,Study Table,2,16856.56,0.0,33713.12,-5437.48
ORD-12236,2024-11-10,2024-11-13,Same Day,Consumer,South,Bengaluru,Furniture,Sofa,6,6021.77,0.0,36130.62,5329.56
ORD-12237,2025-06-26,2025-06-29,Standard,Home Office,North,Chandigarh,Home & Kitchen,Storage Box,4,906.36,0.15,3081.62,355.72
ORD-12238,2024-08-26,2024-08-30,Same Day,Home Office,North,Delhi,Electronics,Tablet,1,14334.17,0.1,12900.75,2172.38
ORD-12239,2025-05-30,2025-06-03,Same Day,Home Office,West,Ahmedabad,Groceries,Tea 500g,1,409.17,0.1,368.25,59.85
ORD-12240,2025-05-25,2025-05-26,Express,Consumer,East,Guwahati,Groceries,Rice 5kg,4,502.73,0.2,1608.74,139.64
ORD-12241,2024-02-16,2024-02-21,Standard,Consumer,West,Surat,Clothing,Sneakers,3,2524.8,0.05,7195.68,-1004.1
ORD-12242,2025-05-24,2025-05-30,Standard,Consumer,North,Chandigarh,Home & Kitchen,Non-stick Pan,6,4938.69,0.0,29632.14,967.61
ORD-12243,2024-05-22,2024-05-26,Standard,Home Office,East,Bhubaneswar,Groceries,Rice 5kg,6,367.9,0.1,1986.66,131.94
ORD-12244,2024-09-05,2024-09-11,Standard,Home Office,East,Guwahati,Groceries,Rice 5kg,2,191.1,0.3,267.54,-11.32
ORD-12245,2024-06-15,2024-06-18,Express,Consumer,West,Mumbai,Groceries,Rice 5kg,7,360.13,0.15,2142.77,162.4
ORD-12246,2024-02-06,2024-02-07,Express,Corporate,South,Chennai,Home & Kitchen,LED Bulb,7,5807.45,0.0,40652.15,4419.61
ORD-12247,2024-04-24,2024-04-27,Express,Consumer,South,Hyderabad,Furniture,Office Chair,4,6815.34,0.2,21809.09,4580.81
ORD-12248,2024-12-10,2024-12-14,Standard,Home Office,North,Lucknow,Furniture,Office Chair,6,10518.47,0.05,59955.28,8136.26
ORD-12249,2025-01-20,2025-01-24,Standard,Consumer,North,Lucknow,Groceries,Snacks Pack,1,232.13,0.0,232.13,-29.92
ORD-12250,2024-01-22,2024-01-25,Express,Consumer,West,Pune,Furniture,Office Chair,1,18432.32,0.0,18432.32,1337.94
ORD-12251,2024-02-19,2024-02-24,Same Day,Corporate,North,Jaipur,Home & Kitchen,Water Bottle,3,2203.66,0.0,6610.98,-1341.72
ORD-12252,2024-07-05,2024-07-10,Standard,Corporate,North,Chandigarh,Home & Kitchen,Non-stick Pan,1,4644.38,0.0,4644.38,630.14
ORD-12253,2025-07-31,2025-08-04,Standard,Home Office,West,Pune,Electronics,Tablet,6,25773.29,0.0,154639.74,9950.97
ORD-12254,2025-11-02,2025-11-06,Express,Consumer,East,Kolkata,Clothing,Jacket,1,1116.31,0.0,1116.31,203.26
ORD-12255,2025-05-12,2025-05-13,Standard,Consumer,East,Patna,Clothing,Sneakers,7,877.57,0.0,6142.99,806.71
ORD-12256,2024-05-30,2024-06-01,Same Day,Corporate,East,Patna,Groceries,Tea 500g,6,533.39,0.0,3200.34,1091.06
ORD-12257,2025-04-26,2025-04-29,Standard,Home Office,South,Chennai,Clothing,Sneakers,2,3171.35,0.0,6342.7,960.24
ORD-12258,2024-11-06,2024-11-07,Same Day,Consumer,North,Chandigarh,Groceries,Tea 500g,3,467.52,0.2,1122.05,221.86
ORD-12259,2024-05-24,2024-05-27,Standard,Home Office,West,Surat,Groceries,Cooking Oil 1L,6,220.42,0.05,1256.39,335.72
ORD-12260,2025-12-22,2025-12-27,Same Day,Consumer,East,Bhubaneswar,Groceries,Atta 5kg,2,262.42,0.1,472.36,-46.86
ORD-12261,2024-06-28,2024-06-30,Standard,Corporate,West,Surat,Clothing,T-Shirt,4,2919.55,0.0,11678.2,1387.01
ORD-12262,2024-05-01,2024-05-04,Same Day,Home Office,West,Ahmedabad,Electronics,Smartphone,4,5644.72,0.0,22578.88,2710.53
ORD-12263,2024-05-15,2024-05-18,Express,Home Office,East,Patna,Clothing,Formal Shirt,1,501.53,0.3,351.07,-41.05
ORD-12264,2025-01-18,2025-01-21,Express,Corporate,West,Mumbai,Home & Kitchen,LED Bulb,1,5163.97,0.3,3614.78,775.47
ORD-12265,2025-12-07,2025-12-11,Standard,Home Office,South,Chennai,Home & Kitchen,Non-stick Pan,1,317.0,0.0,317.0,81.51
ORD-12266,2024-07-11,2024-07-16,Standard,Corporate,East,Guwahati,Home & Kitchen,Water Bottle,1,4154.12,0.0,4154.12,217.5
ORD-12267,2024-12-23,2024-12-25,Express,Home Office,South,Coimbatore,Home & Kitchen,Storage Box,1,5377.72,0.3,3764.4,-709.49
ORD-12268,2025-05-28,2025-06-01,Same Day,Corporate,South,Coimbatore,Clothing,Formal Shirt,5,2709.93,0.0,13549.65,1383.77
ORD-12269,2025-08-01,2025-08-04,Standard,Consumer,South,Bengaluru,Furniture,Bookshelf,1,10066.25,0.2,8053.0,-1765.67
ORD-12270,2024-06-02,2024-06-06,Same Day,Corporate,South,Hyderabad,Home & Kitchen,Non-stick Pan,5,4365.91,0.15,18555.12,2612.78
ORD-12271,2024-08-16,2024-08-18,Express,Corporate,West,Ahmedabad,Clothing,Jeans,3,3041.83,0.0,9125.49,-694.03
ORD-12272,2024-12-04,2024-12-07,Express,Corporate,West,Ahmedabad,Electronics,Laptop,7,25905.77,0.05,172273.37,46817.67
ORD-12273,2025-12-28,2026-01-02,Same Day,Home Office,East,Bhubaneswar,Groceries,Tea 500g,7,548.68,0.05,3648.72,784.77
ORD-12274,2024-03-18,2024-03-20,Same Day,Corporate,West,Pune,Clothing,Jacket,1,2249.5,0.1,2024.55,159.16
ORD-12275,2025-08-26,2025-08-27,Express,Home Office,North,Lucknow,Electronics,Tablet,7,13759.09,0.15,81866.59,-6625.61
ORD-12276,2024-03-21,2024-03-26,Standard,Corporate,East,Kolkata,Clothing,T-Shirt,6,3216.41,0.0,19298.46,1993.06
ORD-12277,2025-09-20,2025-09-23,Express,Home Office,East,Bhubaneswar,Furniture,Office Chair,2,8006.82,0.0,16013.64,1155.19
ORD-12278,2024-01-13,2024-01-15,Express,Consumer,West,Ahmedabad,Furniture,Bed Frame,3,19888.47,0.05,56682.14,11276.0
ORD-12279,2025-06-05,2025-06-08,Standard,Consumer,East,Guwahati,Electronics,Smartphone,1,43792.85,0.2,35034.28,3145.45
ORD-12280,2025-06-28,2025-07-01,Standard,Corporate,West,Ahmedabad,Home & Kitchen,Mixer Grinder,4,2018.35,0.0,8073.4,1204.48
ORD-12281,2025-06-20,2025-06-21,Express,Consumer,North,Jaipur,Home & Kitchen,LED Bulb,5,5939.64,0.15,25243.47,1134.32
ORD-12282,2025-01-07,2025-01-08,Express,Consumer,West,Ahmedabad,Clothing,Sneakers,5,3371.42,0.2,13485.68,583.48
ORD-12283,2024-03-01,2024-03-06,Express,Corporate,South,Chennai,Home & Kitchen,Water Bottle,1,4552.87,0.0,4552.87,823.34
ORD-12284,2025-12-26,2025-12-30,Express,Home Office,North,Chandigarh,Furniture,Sofa,1,23689.98,0.1,21320.98,-3860.47
ORD-12285,2024-12-23,2024-12-25,Express,Consumer,East,Kolkata,Clothing,Sneakers,6,2524.29,0.15,12873.88,3231.15
ORD-12286,2025-04-14,2025-04-20,Standard,Corporate,South,Bengaluru,Clothing,Jeans,4,578.67,0.05,2198.95,341.48
ORD-12287,2024-10-13,2024-10-18,Express,Consumer,North,Lucknow,Home & Kitchen,Water Bottle,1,2692.46,0.05,2557.84,597.83
ORD-12288,2024-06-24,2024-06-30,Standard,Corporate,West,Surat,Home & Kitchen,Water Bottle,4,3873.03,0.2,12393.7,1529.28
ORD-12289,2024-06-25,2024-06-26,Standard,Consumer,West,Ahmedabad,Electronics,Headphones,4,16786.52,0.0,67146.08,16431.53
ORD-12290,2024-09-28,2024-09-30,Express,Corporate,North,Jaipur,Home & Kitchen,Storage Box,7,5591.03,0.2,31309.77,2838.24
ORD-12291,2025-12-17,2025-12-19,Same Day,Home Office,South,Bengaluru,Furniture,Bed Frame,6,6645.76,0.0,39874.56,10755.83
ORD-12292,2024-06-25,2024-07-01,Express,Consumer,South,Bengaluru,Electronics,Smartphone,6,12433.2,0.0,74599.2,9529.25
ORD-12293,2025-08-03,2025-08-09,Same Day,Corporate,East,Patna,Groceries,Rice 5kg,3,341.18,0.0,1023.54,251.27
ORD-12294,2025-02-24,2025-03-01,Express,Corporate,South,Coimbatore,Groceries,Atta 5kg,5,272.43,0.2,1089.72,192.4
ORD-12295,2025-08-11,2025-08-17,Standard,Consumer,East,Guwahati,Home & Kitchen,Mixer Grinder,1,1525.54,0.1,1372.99,238.73
ORD-12296,2025-09-28,2025-09-29,Same Day,Consumer,South,Chennai,Groceries,Atta 5kg,5,583.08,0.15,2478.09,410.21
ORD-12297,2024-08-24,2024-08-26,Standard,Consumer,South,Coimbatore,Groceries,Atta 5kg,3,277.29,0.15,707.09,97.03
ORD-12298,2025-03-25,2025-03-26,Standard,Consumer,West,Mumbai,Groceries,Tea 500g,3,277.35,0.1,748.84,140.13
ORD-12299,2024-05-12,2024-05-16,Standard,Home Office,North,Delhi,Clothing,Jeans,6,1800.68,0.2,8643.26,1762.99
ORD-12300,2024-12-31,2025-01-05,Standard,Consumer,East,Kolkata,Electronics,Smartwatch,4,3301.21,0.0,13204.84,-2164.49
ORD-12301,2024-11-15,2024-11-18,Express,Corporate,West,Ahmedabad,Furniture,Study Table,6,16975.19,0.1,91666.03,16774.9
ORD-12302,2025-06-12,2025-06-13,Standard,Corporate,East,Bhubaneswar,Furniture,Bed Frame,1,5643.84,0.3,3950.69,-972.91
ORD-12303,2025-07-19,2025-07-21,Standard,Corporate,North,Chandigarh,Electronics,Headphones,1,45876.73,0.0,45876.73,3501.37
ORD-12304,2025-01-02,2025-01-07,Same Day,Home Office,North,Delhi,Electronics,Headphones,6,48784.63,0.1,263437.0,27503.69
ORD-12305,2024-02-08,2024-02-11,Standard,Home Office,West,Mumbai,Furniture,Office Chair,4,22871.44,0.3,64040.03,-4539.89
ORD-12306,2024-02-18,2024-02-22,Standard,Home Office,South,Bengaluru,Clothing,Sneakers,4,2785.85,0.0,11143.4,3700.3
ORD-12307,2025-11-09,2025-11-13,Standard,Consumer,South,Hyderabad,Home & Kitchen,Storage Box,4,941.05,0.05,3575.99,954.33
ORD-12308,2024-03-27,2024-03-30,Same Day,Corporate,South,Coimbatore,Groceries,Snacks Pack,7,166.99,0.05,1110.48,345.17
ORD-12309,2025-05-26,2025-05-27,Standard,Corporate,East,Guwahati,Electronics,Smartphone,1,25674.06,0.2,20539.25,3479.61
ORD-12310,2024-10-22,2024-10-25,Standard,Consumer,East,Patna,Home & Kitchen,Storage Box,5,5050.64,0.05,23990.54,5390.8
ORD-12311,2024-01-07,2024-01-11,Express,Consumer,East,Patna,Furniture,Bookshelf,7,10389.0,0.2,58178.4,5517.24
ORD-12312,2024-03-14,2024-03-17,Same Day,Home Office,West,Pune,Furniture,Bookshelf,5,2956.69,0.0,14783.45,488.43
ORD-12313,2024-05-22,2024-05-28,Standard,Corporate,South,Hyderabad,Home & Kitchen,Water Bottle,4,1689.97,0.05,6421.89,200.07
ORD-12314,2024-07-23,2024-07-28,Express,Corporate,South,Coimbatore,Electronics,Tablet,2,3734.6,0.3,5228.44,548.47
ORD-12315,2025-12-25,2025-12-28,Express,Consumer,East,Bhubaneswar,Clothing,Sneakers,5,3152.67,0.05,14975.18,2604.51
ORD-12316,2025-06-05,2025-06-09,Standard,Home Office,South,Chennai,Groceries,Tea 500g,3,377.0,0.15,961.35,141.24
ORD-12317,2024-09-23,2024-09-28,Standard,Corporate,West,Pune,Groceries,Atta 5kg,5,322.9,0.0,1614.5,240.53
ORD-12318,2025-05-05,2025-05-08,Same Day,Consumer,East,Bhubaneswar,Groceries,Atta 5kg,7,219.67,0.0,1537.69,-217.66
ORD-12319,2024-03-26,2024-03-31,Express,Home Office,South,Coimbatore,Electronics,Smartphone,3,15163.84,0.0,45491.52,8936.16
ORD-12320,2024-03-19,2024-03-23,Express,Home Office,South,Chennai,Home & Kitchen,Mixer Grinder,4,3284.59,0.0,13138.36,3159.86
ORD-12321,2025-02-01,2025-02-06,Same Day,Corporate,North,Jaipur,Electronics,Laptop,2,53658.88,0.0,107317.76,12137.04
ORD-12322,2025-07-25,2025-07-26,Standard,Consumer,East,Guwahati,Clothing,Formal Shirt,3,889.69,0.0,2669.07,-521.46
ORD-12323,2025-04-11,2025-04-14,Express,Home Office,East,Guwahati,Electronics,Laptop,3,22417.11,0.05,63888.76,-13894.69
ORD-12324,2024-05-10,2024-05-11,Standard,Corporate,South,Bengaluru,Clothing,Jeans,7,1610.04,0.1,10143.25,2417.82
ORD-12325,2024-09-21,2024-09-23,Same Day,Consumer,South,Bengaluru,Groceries,Rice 5kg,7,134.52,0.3,659.15,34.65
ORD-12326,2024-02-19,2024-02-24,Express,Home Office,South,Bengaluru,Clothing,Jeans,4,3375.52,0.2,10801.66,-1807.44
ORD-12327,2025-01-23,2025-01-27,Same Day,Consumer,North,Delhi,Home & Kitchen,LED Bulb,2,5371.15,0.0,10742.3,-854.78
ORD-12328,2024-02-20,2024-02-21,Express,Consumer,West,Surat,Home & Kitchen,LED Bulb,7,1216.3,0.0,8514.1,1399.15
ORD-12329,2024-12-08,2024-12-13,Same Day,Consumer,North,Delhi,Clothing,Sneakers,3,774.43,0.1,2090.96,186.13
ORD-12330,2025-09-25,2025-09-29,Express,Corporate,South,Hyderabad,Home & Kitchen,Storage Box,7,1445.97,0.2,8097.43,-1533.28
ORD-12331,2025-07-30,2025-08-02,Standard,Consumer,South,Bengaluru,Clothing,Formal Shirt,1,2055.51,0.2,1644.41,270.24
ORD-12332,2025-10-10,2025-10-12,Same Day,Corporate,North,Delhi,Clothing,Sneakers,7,1342.47,0.15,7987.7,332.02
ORD-12333,2025-11-12,2025-11-18,Express,Corporate,North,Lucknow,Furniture,Office Chair,4,12375.65,0.0,49502.6,14844.34
ORD-12334,2025-06-01,2025-06-06,Same Day,Home Office,West,Mumbai,Electronics,Headphones,2,15436.64,0.2,24698.62,2654.36
ORD-12335,2024-03-09,2024-03-11,Standard,Home Office,North,Delhi,Electronics,Headphones,4,31355.36,0.2,100337.15,17060.38
ORD-12336,2024-01-05,2024-01-08,Standard,Home Office,North,Jaipur,Groceries,Cooking Oil 1L,2,524.64,0.0,1049.28,143.28
ORD-12337,2024-09-18,2024-09-21,Standard,Consumer,North,Jaipur,Clothing,Sneakers,4,3300.94,0.0,13203.76,2700.46
ORD-12338,2024-08-15,2024-08-19,Standard,Corporate,North,Jaipur,Electronics,Smartphone,6,51825.92,0.0,310955.52,-14713.69
ORD-12339,2025-06-27,2025-07-03,Standard,Home Office,West,Pune,Home & Kitchen,Non-stick Pan,5,572.7,0.2,2290.8,115.02
ORD-12340,2025-09-07,2025-09-08,Standard,Consumer,North,Jaipur,Clothing,Formal Shirt,1,658.22,0.05,625.31,-86.14
ORD-12341,2024-03-18,2024-03-21,Standard,Corporate,North,Chandigarh,Furniture,Sofa,3,17154.43,0.2,41170.63,2361.78
ORD-12342,2025-10-04,2025-10-08,Standard,Consumer,West,Surat,Clothing,Jeans,6,3028.78,0.0,18172.68,-1202.67
ORD-12343,2025-02-19,2025-02-22,Same Day,Consumer,West,Pune,Furniture,Study Table,5,5419.28,0.05,25741.58,5148.61
ORD-12344,2025-05-01,2025-05-05,Same Day,Home Office,South,Bengaluru,Clothing,Sneakers,4,683.45,0.0,2733.8,354.79
ORD-12345,2024-09-15,2024-09-16,Same Day,Corporate,North,Delhi,Clothing,Sneakers,3,2361.87,0.0,7085.61,-354.46
ORD-12346,2024-09-27,2024-10-02,Express,Home Office,South,Chennai,Home & Kitchen,Non-stick Pan,1,5175.18,0.2,4140.14,-293.1
ORD-12347,2025-05-19,2025-05-22,Same Day,Consumer,West,Surat,Clothing,Formal Shirt,1,2234.9,0.0,2234.9,-264.78
ORD-12348,2024-11-16,2024-11-17,Same Day,Consumer,South,Chennai,Electronics,Laptop,3,54238.51,0.0,162715.53,14462.93
ORD-12349,2025-10-13,2025-10-16,Express,Corporate,West,Mumbai,Home & Kitchen,LED Bulb,6,4459.72,0.3,18730.82,5168.84
ORD-12350,2024-10-09,2024-10-12,Standard,Consumer,East,Kolkata,Groceries,Snacks Pack,1,98.67,0.05,93.74,16.69
ORD-12351,2025-07-02,2025-07-04,Same Day,Corporate,South,Bengaluru,Electronics,Headphones,5,22086.33,0.3,77302.16,9691.74
ORD-12352,2024-07-02,2024-07-07,Same Day,Consumer,West,Mumbai,Electronics,Smartphone,5,59502.85,0.0,297514.25,-88155.34
ORD-12353,2024-04-18,2024-04-19,Standard,Corporate,North,Delhi,Clothing,Sneakers,6,2976.13,0.3,12499.75,2714.92
ORD-12354,2025-04-24,2025-04-25,Standard,Home Office,South,Hyderabad,Groceries,Rice 5kg,5,497.96,0.0,2489.8,444.44
ORD-12355,2024-12-03,2024-12-04,Same Day,Corporate,East,Patna,Furniture,Bed Frame,7,5978.09,0.3,29292.64,4297.48
ORD-12356,2025-04-03,2025-04-09,Express,Home Office,East,Bhubaneswar,Furniture,Sofa,2,16191.31,0.1,29144.36,6757.93
ORD-12357,2024-05-23,2024-05-29,Same Day,Corporate,East,Patna,Clothing,Sneakers,2,1988.51,0.0,3977.02,388.84
ORD-12358,2025-07-23,2025-07-25,Same Day,Corporate,South,Hyderabad,Clothing,Jacket,3,2901.98,0.15,7400.05,590.27
ORD-12359,2024-05-01,2024-05-04,Same Day,Home Office,West,Pune,Furniture,Office Chair,4,7161.35,0.0,28645.4,-6551.57
ORD-12360,2025-10-31,2025-11-01,Standard,Corporate,North,Lucknow,Electronics,Laptop,5,7675.54,0.1,34539.93,3104.94
ORD-12361,2024-01-05,2024-01-10,Standard,Corporate,South,Hyderabad,Electronics,Smartwatch,1,11604.66,0.05,11024.43,1337.51
ORD-12362,2024-07-30,2024-07-31,Same Day,Corporate,West,Ahmedabad,Electronics,Tablet,6,28488.76,0.1,153839.3,-31973.65
ORD-12363,2024-02-29,2024-03-04,Standard,Consumer,North,Jaipur,Home & Kitchen,Water Bottle,6,1321.27,0.3,5549.33,1537.89
ORD-12364,2024-02-15,2024-02-17,Express,Corporate,South,Bengaluru,Furniture,Office Chair,6,20788.34,0.0,124730.04,15948.21
ORD-12365,2024-02-04,2024-02-10,Express,Home Office,East,Kolkata,Electronics,Smartphone,4,51050.43,0.1,183781.55,49371.12
ORD-12366,2025-11-13,2025-11-16,Standard,Home Office,North,Jaipur,Electronics,Smartphone,7,34250.03,0.1,215775.19,15651.54
ORD-12367,2025-09-11,2025-09-17,Express,Home Office,North,Jaipur,Electronics,Tablet,2,31672.67,0.0,63345.34,-14738.09
ORD-12368,2024-07-24,2024-07-30,Standard,Home Office,West,Mumbai,Furniture,Office Chair,6,18109.17,0.0,108655.02,-21181.37
ORD-12369,2025-06-13,2025-06-16,Standard,Home Office,South,Bengaluru,Electronics,Smartphone,2,21044.14,0.1,37879.45,-2302.25
ORD-12370,2024-09-06,2024-09-11,Express,Corporate,North,Chandigarh,Home & Kitchen,Storage Box,5,1546.49,0.2,6185.96,1517.51
ORD-12371,2025-01-03,2025-01-04,Express,Corporate,East,Guwahati,Electronics,Smartphone,3,50648.64,0.05,144348.62,19344.18
ORD-12372,2024-12-20,2024-12-24,Same Day,Home Office,North,Delhi,Furniture,Study Table,3,10789.24,0.05,30749.33,4564.69
ORD-12373,2024-10-20,2024-10-24,Standard,Corporate,South,Coimbatore,Groceries,Snacks Pack,5,309.8,0.0,1549.0,346.04
ORD-12374,2024-02-23,2024-02-24,Standard,Home Office,North,Jaipur,Groceries,Atta 5kg,6,569.81,0.15,2906.03,795.5
ORD-12375,2025-01-02,2025-01-06,Standard,Corporate,East,Patna,Home & Kitchen,LED Bulb,1,1463.17,0.15,1243.69,-126.19
ORD-12376,2025-09-07,2025-09-13,Express,Consumer,West,Pune,Groceries,Snacks Pack,1,67.61,0.0,67.61,14.84
ORD-12377,2024-01-02,2024-01-08,Express,Consumer,East,Patna,Home & Kitchen,Non-stick Pan,7,2636.71,0.1,16611.27,-5024.36
ORD-12378,2025-08-01,2025-08-05,Express,Corporate,West,Pune,Groceries,Snacks Pack,3,422.94,0.0,1268.82,-68.75
ORD-12379,2025-03-01,2025-03-05,Standard,Corporate,South,Chennai,Home & Kitchen,Water Bottle,7,5471.54,0.15,32555.66,1812.34
ORD-12380,2024-04-17,2024-04-21,Express,Home Office,North,Delhi,Clothing,Jacket,5,3315.27,0.0,16576.35,-1428.14
ORD-12381,2025-12-09,2025-12-15,Standard,Consumer,East,Kolkata,Electronics,Headphones,6,19851.54,0.2,95287.39,-18397.37
ORD-12382,2025-03-05,2025-03-06,Same Day,Consumer,South,Hyderabad,Groceries,Cooking Oil 1L,6,215.68,0.3,905.86,99.51
ORD-12383,2024-02-19,2024-02-22,Same Day,Corporate,East,Guwahati,Clothing,Jeans,1,1500.68,0.05,1425.65,360.4
ORD-12384,2025-06-20,2025-06-23,Same Day,Corporate,South,Coimbatore,Clothing,T-Shirt,3,2562.35,0.05,7302.7,937.14
ORD-12385,2024-12-09,2024-12-12,Express,Consumer,West,Mumbai,Furniture,Bookshelf,3,8516.45,0.15,21716.95,3897.8
ORD-12386,2025-12-25,2025-12-26,Express,Corporate,West,Pune,Electronics,Tablet,6,45591.57,0.3,191484.59,50913.79
ORD-12387,2024-07-28,2024-07-29,Express,Consumer,South,Bengaluru,Clothing,Formal Shirt,2,3316.39,0.15,5637.86,-1399.59
ORD-12388,2025-02-07,2025-02-08,Same Day,Consumer,East,Guwahati,Electronics,Smartwatch,1,38492.69,0.0,38492.69,2871.35
ORD-12389,2024-11-22,2024-11-24,Standard,Consumer,West,Pune,Electronics,Laptop,7,13397.5,0.2,75026.0,9336.8
ORD-12390,2025-03-18,2025-03-21,Express,Home Office,North,Chandigarh,Home & Kitchen,LED Bulb,6,3916.77,0.0,23500.62,-2932.45
ORD-12391,2025-03-16,2025-03-21,Same Day,Consumer,North,Lucknow,Furniture,Sofa,1,17190.15,0.1,15471.14,1269.83
ORD-12392,2024-09-17,2024-09-22,Same Day,Home Office,East,Patna,Home & Kitchen,Mixer Grinder,6,2021.7,0.0,12130.2,2806.28
ORD-12393,2025-05-08,2025-05-12,Standard,Home Office,South,Hyderabad,Clothing,T-Shirt,4,3228.12,0.0,12912.48,2513.75
ORD-12394,2024-06-30,2024-07-06,Same Day,Home Office,South,Chennai,Groceries,Atta 5kg,3,281.68,0.0,845.04,175.66
ORD-12395,2025-06-19,2025-06-23,Same Day,Home Office,South,Chennai,Clothing,Sneakers,1,406.29,0.1,365.66,22.27
ORD-12396,2025-03-06,2025-03-09,Same Day,Home Office,East,Kolkata,Furniture,Office Chair,1,23047.9,0.0,23047.9,-618.04
ORD-12397,2024-04-22,2024-04-26,Standard,Home Office,North,Delhi,Groceries,Rice 5kg,1,436.3,0.2,349.04,66.44
ORD-12398,2024-08-14,2024-08-16,Standard,Consumer,South,Coimbatore,Furniture,Sofa,6,17363.52,0.0,104181.12,9973.59
ORD-12399,2025-11-06,2025-11-07,Standard,Consumer,South,Chennai,Groceries,Tea 500g,2,136.21,0.0,272.42,-40.61
ORD-12400,2024-09-23,2024-09-26,Express,Consumer,East,Bhubaneswar,Groceries,Snacks Pack,3,569.36,0.05,1622.68,368.48
ORD-12401,2024-03-05,2024-03-08,Same Day,Corporate,West,Pune,Electronics,Tablet,2,8031.59,0.0,16063.18,3589.5
ORD-12402,2025-09-08,2025-09-09,Standard,Consumer,South,Bengaluru,Clothing,T-Shirt,5,2059.12,0.15,8751.26,899.16
ORD-12403,2024-08-09,2024-08-15,Same Day,Home Office,East,Patna,Electronics,Smartwatch,6,52266.48,0.0,313598.88,-11680.22
ORD-12404,2024-12-27,2024-12-29,Express,Home Office,North,Jaipur,Groceries,Atta 5kg,6,101.79,0.05,580.2,109.8
ORD-12405,2025-12-05,2025-12-09,Express,Corporate,East,Guwahati,Electronics,Smartwatch,5,44252.48,0.2,177009.92,-23619.03
ORD-12406,2025-08-04,2025-08-08,Standard,Corporate,North,Jaipur,Groceries,Snacks Pack,1,244.37,0.1,219.93,11.37
ORD-12407,2025-03-26,2025-04-01,Standard,Corporate,East,Kolkata,Clothing,Formal Shirt,2,1001.97,0.15,1703.35,140.67
ORD-12408,2025-04-04,2025-04-10,Standard,Home Office,South,Hyderabad,Clothing,T-Shirt,5,1825.09,0.2,7300.36,705.5
ORD-12409,2025-07-29,2025-08-02,Express,Corporate,North,Lucknow,Home & Kitchen,LED Bulb,6,4364.33,0.3,18330.19,6137.87
ORD-12410,2024-03-30,2024-04-03,Standard,Home Office,West,Ahmedabad,Clothing,Jeans,1,588.51,0.15,500.23,-158.73
ORD-12411,2024-01-14,2024-01-16,Express,Consumer,West,Pune,Electronics,Tablet,4,43442.89,0.05,165082.98,-27979.72
ORD-12412,2024-11-02,2024-11-08,Standard,Corporate,North,Jaipur,Groceries,Rice 5kg,4,516.23,0.0,2064.92,-366.1
ORD-12413,2024-10-23,2024-10-25,Express,Corporate,North,Delhi,Electronics,Smartphone,3,8804.52,0.15,22451.53,6720.44
ORD-12414,2024-01-08,2024-01-11,Same Day,Corporate,North,Lucknow,Electronics,Headphones,3,2888.31,0.0,8664.93,-1484.24
ORD-12415,2024-02-25,2024-02-27,Standard,Home Office,North,Jaipur,Furniture,Bookshelf,5,8821.32,0.0,44106.6,2903.5
ORD-12416,2024-09-28,2024-10-03,Standard,Consumer,West,Pune,Home & Kitchen,Non-stick Pan,6,5625.75,0.0,33754.5,7014.67
ORD-12417,2025-01-05,2025-01-10,Express,Home Office,West,Pune,Groceries,Snacks Pack,6,288.3,0.0,1729.8,308.05
ORD-12418,2025-03-27,2025-03-28,Standard,Home Office,West,Ahmedabad,Groceries,Snacks Pack,5,235.13,0.0,1175.65,-317.84
ORD-12419,2025-05-29,2025-06-02,Standard,Consumer,North,Chandigarh,Clothing,Sneakers,3,2147.96,0.05,6121.69,2027.12
ORD-12420,2025-12-21,2025-12-25,Same Day,Corporate,West,Surat,Furniture,Sofa,1,10926.19,0.15,9287.26,1285.24
ORD-12421,2025-05-17,2025-05-23,Express,Corporate,East,Bhubaneswar,Furniture,Office Chair,3,23622.65,0.15,60237.76,-12881.43
ORD-12422,2025-12-09,2025-12-14,Standard,Consumer,South,Coimbatore,Clothing,Jacket,1,2620.99,0.0,2620.99,-280.48
ORD-12423,2025-09-02,2025-09-06,Standard,Consumer,East,Patna,Groceries,Cooking Oil 1L,1,532.94,0.1,479.65,15.56
ORD-12424,2025-01-18,2025-01-21,Same Day,Consumer,South,Chennai,Electronics,Smartphone,2,31288.38,0.2,50061.41,5695.96
ORD-12425,2025-06-11,2025-06-17,Standard,Consumer,East,Patna,Groceries,Atta 5kg,5,487.22,0.1,2192.49,167.43
ORD-12426,2025-01-02,2025-01-07,Standard,Consumer,West,Mumbai,Electronics,Headphones,7,11192.62,0.15,66596.09,-2450.59
ORD-12427,2025-11-12,2025-11-14,Same Day,Home Office,West,Ahmedabad,Home & Kitchen,Water Bottle,7,4668.54,0.05,31045.79,5538.5
ORD-12428,2025-07-31,2025-08-05,Same Day,Corporate,East,Bhubaneswar,Clothing,Jeans,7,1007.29,0.0,7051.03,-1700.76
ORD-12429,2024-08-20,2024-08-22,Standard,Home Office,East,Bhubaneswar,Groceries,Tea 500g,5,62.93,0.0,314.65,46.41
ORD-12430,2024-11-06,2024-11-11,Standard,Consumer,West,Pune,Groceries,Cooking Oil 1L,3,401.94,0.3,844.07,140.42
ORD-12431,2025-09-20,2025-09-22,Same Day,Corporate,South,Hyderabad,Home & Kitchen,Storage Box,6,4720.25,0.0,28321.5,8918.65
ORD-12432,2025-01-09,2025-01-14,Express,Corporate,North,Jaipur,Electronics,Smartwatch,2,39663.38,0.1,71394.08,2692.09
ORD-12433,2025-12-02,2025-12-04,Same Day,Home Office,North,Jaipur,Home & Kitchen,Water Bottle,3,4294.85,0.15,10951.87,746.17
ORD-12434,2024-02-11,2024-02-15,Same Day,Consumer,South,Coimbatore,Groceries,Rice 5kg,3,181.59,0.05,517.53,-83.76
ORD-12435,2025-04-13,2025-04-15,Express,Corporate,North,Jaipur,Electronics,Headphones,6,23120.56,0.2,110978.69,13343.53
ORD-12436,2024-07-17,2024-07-22,Standard,Corporate,West,Mumbai,Home & Kitchen,Non-stick Pan,4,5889.9,0.0,23559.6,5262.39
ORD-12437,2024-08-13,2024-08-15,Same Day,Home Office,South,Chennai,Furniture,Sofa,2,8082.67,0.05,15357.07,1707.48
ORD-12438,2024-01-29,2024-02-01,Express,Home Office,North,Chandigarh,Clothing,Jacket,5,1247.51,0.0,6237.55,-813.66
ORD-12439,2025-06-03,2025-06-07,Standard,Home Office,West,Pune,Groceries,Rice 5kg,1,199.32,0.2,159.46,-15.17
ORD-12440,2025-12-16,2025-12-21,Standard,Corporate,North,Chandigarh,Furniture,Study Table,4,22324.89,0.0,89299.56,20973.6
ORD-12441,2024-02-20,2024-02-24,Express,Consumer,South,Chennai,Clothing,Sneakers,3,1081.6,0.0,3244.8,581.36
ORD-12442,2025-10-11,2025-10-14,Same Day,Consumer,East,Guwahati,Groceries,Snacks Pack,5,326.85,0.2,1307.4,-318.35
ORD-12443,2025-08-08,2025-08-12,Standard,Home Office,East,Patna,Groceries,Snacks Pack,2,582.98,0.2,932.77,175.41
ORD-12444,2024-03-08,2024-03-14,Standard,Corporate,West,Ahmedabad,Home & Kitchen,LED Bulb,5,3887.17,0.0,19435.85,4247.45
ORD-12445,2024-09-15,2024-09-18,Standard,Corporate,East,Patna,Clothing,Formal Shirt,4,438.43,0.05,1666.03,135.67
ORD-12446,2025-04-02,2025-04-08,Express,Consumer,West,Surat,Clothing,Jeans,3,2769.76,0.0,8309.28,-486.11
ORD-12447,2025-05-08,2025-05-13,Standard,Home Office,South,Hyderabad,Clothing,Jeans,6,1977.05,0.0,11862.3,-3169.85
ORD-12448,2024-10-01,2024-10-03,Standard,Home Office,South,Chennai,Home & Kitchen,Non-stick Pan,7,451.31,0.3,2211.42,177.23
ORD-12449,2024-06-15,2024-06-16,Express,Home Office,East,Guwahati,Clothing,Formal Shirt,6,2058.3,0.0,12349.8,620.31
ORD-12450,2025-11-01,2025-11-03,Express,Home Office,North,Delhi,Furniture,Bookshelf,1,7311.74,0.2,5849.39,780.38
ORD-12451,2025-08-09,2025-08-13,Express,Corporate,East,Kolkata,Groceries,Tea 500g,2,367.16,0.05,697.6,-91.11
ORD-12452,2024-01-22,2024-01-27,Same Day,Consumer,South,Bengaluru,Home & Kitchen,Non-stick Pan,7,5506.74,0.1,34692.46,-7402.4
ORD-12453,2024-04-25,2024-04-29,Express,Consumer,East,Patna,Home & Kitchen,Water Bottle,3,2838.9,0.0,8516.7,-325.95
ORD-12454,2025-11-10,2025-11-14,Same Day,Corporate,West,Ahmedabad,Clothing,T-Shirt,6,670.88,0.3,2817.7,406.42
ORD-12455,2024-10-24,2024-10-28,Standard,Consumer,West,Surat,Groceries,Snacks Pack,7,557.71,0.15,3318.37,282.34
ORD-12456,2025-07-02,2025-07-03,Same Day,Corporate,North,Chandigarh,Home & Kitchen,Mixer Grinder,4,1390.04,0.3,3892.11,-767.39
ORD-12457,2024-05-06,2024-05-10,Standard,Consumer,South,Hyderabad,Furniture,Office Chair,5,23138.5,0.0,115692.5,11040.15
ORD-12458,2025-05-04,2025-05-06,Standard,Corporate,North,Lucknow,Electronics,Smartphone,1,42424.35,0.1,38181.92,4960.69
ORD-12459,2024-10-21,2024-10-24,Express,Home Office,West,Pune,Clothing,Jacket,5,1811.38,0.05,8604.06,543.13
ORD-12460,2025-05-05,2025-05-11,Standard,Corporate,South,Hyderabad,Furniture,Office Chair,2,19789.28,0.0,39578.56,12827.22
ORD-12461,2024-11-30,2024-12-02,Standard,Consumer,North,Chandigarh,Groceries,Atta 5kg,1,243.47,0.05,231.3,64.19
ORD-12462,2024-06-14,2024-06-17,Same Day,Consumer,South,Hyderabad,Groceries,Cooking Oil 1L,2,157.1,0.0,314.2,-20.19
ORD-12463,2024-07-31,2024-08-04,Same Day,Corporate,East,Kolkata,Home & Kitchen,Storage Box,2,5015.45,0.15,8526.26,845.34
ORD-12464,2025-09-18,2025-09-20,Same Day,Home Office,East,Patna,Groceries,Tea 500g,7,201.07,0.0,1407.49,-373.33
ORD-12465,2025-10-18,2025-10-23,Same Day,Home Office,East,Guwahati,Home & Kitchen,Mixer Grinder,3,5751.77,0.05,16392.54,2767.91
ORD-12466,2025-04-01,2025-04-02,Same Day,Consumer,North,Jaipur,Home & Kitchen,Storage Box,6,5637.38,0.0,33824.28,-7913.11
ORD-12467,2024-05-27,2024-06-01,Same Day,Corporate,South,Bengaluru,Groceries,Snacks Pack,2,380.55,0.0,761.1,167.85
ORD-12468,2024-02-29,2024-03-02,Standard,Corporate,East,Kolkata,Home & Kitchen,Non-stick Pan,6,661.99,0.3,2780.36,254.47
ORD-12469,2025-02-17,2025-02-22,Standard,Consumer,South,Bengaluru,Electronics,Tablet,7,9345.69,0.05,62148.84,12196.74
ORD-12470,2024-11-07,2024-11-08,Same Day,Home Office,West,Surat,Furniture,Sofa,2,13052.5,0.1,23494.5,3514.36
ORD-12471,2025-05-30,2025-06-03,Express,Corporate,West,Surat,Furniture,Bookshelf,1,12048.38,0.0,12048.38,2880.95
ORD-12472,2024-01-22,2024-01-23,Standard,Consumer,East,Patna,Groceries,Tea 500g,6,483.07,0.0,2898.42,360.28
ORD-12473,2025-08-26,2025-08-29,Express,Corporate,South,Hyderabad,Clothing,Formal Shirt,7,889.31,0.2,4980.14,-557.85
ORD-12474,2025-06-14,2025-06-16,Same Day,Home Office,South,Coimbatore,Home & Kitchen,Non-stick Pan,6,2541.09,0.3,10672.58,3056.86
ORD-12475,2025-12-13,2025-12-15,Express,Consumer,West,Surat,Electronics,Headphones,7,44860.32,0.05,298321.13,-67260.38
ORD-12476,2024-07-28,2024-08-03,Standard,Corporate,West,Surat,Electronics,Smartwatch,5,24329.91,0.0,121649.55,15720.21
ORD-12477,2025-05-01,2025-05-06,Standard,Home Office,South,Coimbatore,Groceries,Snacks Pack,5,345.69,0.2,1382.76,-204.62
ORD-12478,2025-04-10,2025-04-15,Same Day,Consumer,West,Ahmedabad,Home & Kitchen,Mixer Grinder,5,4674.27,0.2,18697.08,4382.78
ORD-12479,2025-05-15,2025-05-19,Standard,Consumer,South,Chennai,Groceries,Rice 5kg,3,404.39,0.05,1152.51,-230.01
ORD-12480,2025-03-30,2025-04-02,Express,Home Office,North,Lucknow,Groceries,Tea 500g,3,133.2,0.0,399.6,60.8
ORD-12481,2024-09-24,2024-09-30,Same Day,Corporate,East,Patna,Electronics,Tablet,6,43060.29,0.1,232525.57,31234.46
ORD-12482,2024-02-21,2024-02-26,Same Day,Consumer,South,Bengaluru,Clothing,Sneakers,1,2335.32,0.0,2335.32,541.14
ORD-12483,2025-07-30,2025-08-05,Standard,Consumer,North,Jaipur,Electronics,Laptop,2,32429.43,0.0,64858.86,-8870.04
ORD-12484,2024-04-20,2024-04-26,Express,Home Office,South,Coimbatore,Electronics,Smartwatch,4,47356.85,0.0,189427.4,34299.51
ORD-12485,2025-09-29,2025-09-30,Same Day,Corporate,North,Lucknow,Home & Kitchen,Storage Box,2,1571.15,0.0,3142.3,579.58
ORD-12486,2025-06-03,2025-06-08,Standard,Corporate,South,Coimbatore,Furniture,Sofa,2,23053.91,0.0,46107.82,2274.77
ORD-12487,2024-07-04,2024-07-06,Express,Corporate,South,Hyderabad,Furniture,Sofa,3,18942.71,0.15,48303.91,5596.9
ORD-12488,2025-05-24,2025-05-27,Same Day,Corporate,West,Ahmedabad,Furniture,Bed Frame,4,17527.93,0.0,70111.72,14194.12
ORD-12489,2025-02-10,2025-02-16,Same Day,Consumer,East,Bhubaneswar,Electronics,Laptop,2,59068.56,0.0,118137.12,4507.09
ORD-12490,2025-11-04,2025-11-10,Express,Corporate,West,Surat,Home & Kitchen,Non-stick Pan,3,873.36,0.1,2358.07,-76.69
ORD-12491,2024-12-16,2024-12-19,Standard,Home Office,West,Mumbai,Electronics,Tablet,1,34748.59,0.0,34748.59,3698.95
ORD-12492,2025-11-17,2025-11-23,Standard,Corporate,South,Coimbatore,Clothing,Formal Shirt,1,748.17,0.05,710.76,-43.16
ORD-12493,2024-11-07,2024-11-09,Express,Corporate,South,Chennai,Home & Kitchen,Mixer Grinder,4,2838.7,0.0,11354.8,849.73
ORD-12494,2025-12-23,2025-12-27,Same Day,Home Office,South,Bengaluru,Electronics,Tablet,6,17062.11,0.15,87016.76,7024.94
ORD-12495,2025-12-23,2025-12-26,Same Day,Consumer,West,Ahmedabad,Furniture,Bed Frame,7,14784.94,0.3,72446.21,10252.1
ORD-12496,2025-02-01,2025-02-07,Express,Corporate,West,Ahmedabad,Groceries,Snacks Pack,5,231.01,0.3,808.54,104.72
ORD-12497,2025-09-02,2025-09-07,Same Day,Home Office,East,Kolkata,Furniture,Bed Frame,1,2234.18,0.2,1787.34,119.8
ORD-12498,2025-08-22,2025-08-27,Same Day,Consumer,West,Pune,Groceries,Rice 5kg,7,564.96,0.0,3954.72,-500.34
ORD-12499,2025-01-11,2025-01-14,Express,Home Office,West,Pune,Clothing,T-Shirt,4,3106.44,0.0,12425.76,-1829.54
ORD-12500,2024-07-04,2024-07-08,Standard,Corporate,West,Ahmedabad,Clothing,T-Shirt,7,1488.53,0.1,9377.74,1216.36
ORD-12501,2025-01-19,2025-01-21,Express,Corporate,North,Chandigarh,Clothing,Jeans,7,2326.11,0.15,13840.35,1864.62
ORD-12502,2024-11-21,2024-11-24,Standard,Corporate,North,Lucknow,Clothing,Jeans,6,1075.79,0.0,6454.74,1427.9
ORD-12503,2025-12-12,2025-12-16,Same Day,Home Office,West,Ahmedabad,Furniture,Sofa,3,19576.59,0.2,46983.82,9514.07
ORD-12504,2024-08-10,2024-08-12,Standard,Consumer,West,Mumbai,Home & Kitchen,Non-stick Pan,4,588.06,0.0,2352.24,392.28
ORD-12505,2025-09-25,2025-09-26,Express,Home Office,South,Chennai,Electronics,Laptop,2,56392.28,0.0,112784.56,32615.43
ORD-12506,2024-09-17,2024-09-20,Standard,Consumer,West,Surat,Clothing,Formal Shirt,2,1847.35,0.0,3694.7,-632.62
ORD-12507,2025-05-19,2025-05-25,Express,Corporate,North,Lucknow,Furniture,Bed Frame,5,11509.82,0.15,48916.74,7766.83
ORD-12508,2024-02-06,2024-02-07,Same Day,Consumer,West,Pune,Groceries,Tea 500g,5,86.14,0.2,344.56,92.16
ORD-12509,2025-01-17,2025-01-22,Standard,Corporate,South,Hyderabad,Electronics,Laptop,7,59377.21,0.15,353294.4,28848.74
ORD-12510,2024-04-16,2024-04-18,Same Day,Consumer,West,Surat,Home & Kitchen,Non-stick Pan,6,2429.0,0.3,10201.8,1512.02
ORD-12511,2025-04-12,2025-04-18,Same Day,Home Office,West,Surat,Electronics,Smartwatch,1,39997.29,0.1,35997.56,3679.58
ORD-12512,2025-06-24,2025-06-29,Standard,Corporate,North,Chandigarh,Groceries,Rice 5kg,5,426.42,0.0,2132.1,173.71
ORD-12513,2024-03-18,2024-03-24,Express,Corporate,East,Kolkata,Furniture,Bookshelf,4,4880.7,0.0,19522.8,-1537.57
ORD-12514,2024-09-13,2024-09-19,Standard,Home Office,South,Chennai,Clothing,Formal Shirt,1,2351.29,0.05,2233.73,-509.22
ORD-12515,2025-03-13,2025-03-15,Express,Consumer,South,Coimbatore,Electronics,Headphones,7,44559.33,0.2,249532.25,29747.63
ORD-12516,2024-08-20,2024-08-26,Standard,Home Office,West,Pune,Home & Kitchen,LED Bulb,4,2782.55,0.05,10573.69,843.49
ORD-12517,2024-10-13,2024-10-17,Express,Corporate,East,Patna,Home & Kitchen,LED Bulb,3,842.46,0.3,1769.17,202.6
ORD-12518,2025-02-15,2025-02-17,Express,Consumer,South,Hyderabad,Clothing,Formal Shirt,6,2776.05,0.0,16656.3,-926.88
ORD-12519,2024-11-13,2024-11-14,Same Day,Corporate,North,Chandigarh,Groceries,Tea 500g,2,586.46,0.3,821.04,181.79
ORD-12520,2024-09-07,2024-09-10,Same Day,Home Office,West,Pune,Home & Kitchen,LED Bulb,5,3771.92,0.1,16973.64,3097.54
ORD-12521,2024-10-21,2024-10-25,Standard,Home Office,South,Coimbatore,Groceries,Atta 5kg,5,368.86,0.1,1659.87,203.55
ORD-12522,2025-02-17,2025-02-20,Standard,Home Office,North,Chandigarh,Furniture,Bed Frame,2,12719.89,0.0,25439.78,6156.91
ORD-12523,2024-09-16,2024-09-20,Standard,Home Office,South,Bengaluru,Clothing,Sneakers,7,722.91,0.0,5060.37,342.94
ORD-12524,2024-09-17,2024-09-21,Same Day,Corporate,South,Chennai,Electronics,Headphones,5,34150.79,0.0,170753.95,17048.47
ORD-12525,2025-01-24,2025-01-29,Express,Corporate,North,Delhi,Furniture,Bed Frame,1,21783.62,0.3,15248.53,1185.73
ORD-12526,2025-03-03,2025-03-08,Express,Consumer,North,Jaipur,Groceries,Tea 500g,7,576.32,0.0,4034.24,707.15
ORD-12527,2024-08-07,2024-08-13,Standard,Home Office,North,Lucknow,Groceries,Rice 5kg,7,127.43,0.3,624.41,88.9
ORD-12528,2024-08-30,2024-09-03,Standard,Home Office,North,Delhi,Furniture,Office Chair,6,4936.12,0.05,28135.88,4471.48
ORD-12529,2024-02-11,2024-02-13,Express,Consumer,South,Chennai,Home & Kitchen,LED Bulb,3,3087.71,0.0,9263.13,1413.68
ORD-12530,2024-09-14,2024-09-20,Express,Home Office,North,Lucknow,Furniture,Bed Frame,3,15342.86,0.0,46028.58,4482.49
ORD-12531,2025-12-27,2026-01-01,Express,Home Office,East,Guwahati,Home & Kitchen,Non-stick Pan,1,3016.83,0.0,3016.83,-280.44
ORD-12532,2025-12-01,2025-12-07,Express,Home Office,West,Pune,Groceries,Snacks Pack,1,346.99,0.15,294.94,73.47
ORD-12533,2024-07-24,2024-07-26,Standard,Consumer,South,Coimbatore,Groceries,Tea 500g,5,508.56,0.0,2542.8,-182.95
ORD-12534,2024-02-02,2024-02-03,Express,Corporate,North,Chandigarh,Furniture,Bookshelf,3,22421.05,0.2,53810.52,4352.72
ORD-12535,2025-06-03,2025-06-07,Express,Home Office,East,Kolkata,Clothing,Sneakers,3,1068.28,0.0,3204.84,493.27
ORD-12536,2025-09-27,2025-09-29,Standard,Consumer,West,Mumbai,Groceries,Tea 500g,2,572.67,0.1,1030.81,172.06
ORD-12537,2025-01-03,2025-01-05,Standard,Home Office,West,Ahmedabad,Electronics,Laptop,1,24168.58,0.0,24168.58,2217.53
ORD-12538,2025-08-23,2025-08-25,Same Day,Corporate,South,Chennai,Electronics,Smartphone,1,36980.44,0.1,33282.4,7223.15
ORD-12539,2024-06-17,2024-06-21,Express,Home Office,North,Chandigarh,Groceries,Tea 500g,1,55.24,0.0,55.24,1.99
ORD-12540,2024-11-13,2024-11-18,Standard,Corporate,East,Guwahati,Groceries,Snacks Pack,2,424.16,0.1,763.49,160.63
ORD-12541,2025-07-05,2025-07-11,Same Day,Corporate,North,Chandigarh,Groceries,Cooking Oil 1L,7,281.6,0.15,1675.52,289.24
ORD-12542,2024-09-03,2024-09-04,Standard,Consumer,East,Guwahati,Home & Kitchen,Non-stick Pan,5,614.51,0.1,2765.3,491.04
ORD-12543,2025-09-08,2025-09-14,Express,Home Office,South,Chennai,Furniture,Sofa,1,21309.19,0.2,17047.35,4376.7
ORD-12544,2024-04-26,2024-05-02,Standard,Corporate,West,Surat,Electronics,Smartphone,5,23544.61,0.15,100064.59,8564.42
ORD-12545,2024-07-26,2024-07-28,Standard,Corporate,West,Ahmedabad,Electronics,Tablet,5,29911.82,0.0,149559.1,45331.6
ORD-12546,2025-07-15,2025-07-21,Same Day,Corporate,East,Patna,Groceries,Tea 500g,2,271.1,0.0,542.2,75.43
ORD-12547,2025-10-14,2025-10-17,Standard,Home Office,North,Delhi,Furniture,Office Chair,2,16798.11,0.3,23517.35,-3190.91
ORD-12548,2025-10-07,2025-10-10,Standard,Home Office,North,Chandigarh,Furniture,Bookshelf,6,16709.2,0.15,85216.92,22228.34
ORD-12549,2025-02-17,2025-02-18,Standard,Consumer,North,Delhi,Furniture,Sofa,3,5279.2,0.15,13461.96,3375.35
ORD-12550,2024-09-28,2024-09-30,Standard,Consumer,North,Jaipur,Electronics,Smartphone,3,16268.68,0.2,39044.83,2431.07
ORD-12551,2024-09-29,2024-10-01,Same Day,Consumer,West,Surat,Clothing,Formal Shirt,3,2261.7,0.2,5428.08,-1149.01
ORD-12552,2025-01-09,2025-01-11,Express,Corporate,East,Kolkata,Home & Kitchen,Water Bottle,3,470.5,0.05,1340.92,228.14
ORD-12553,2024-02-27,2024-02-29,Standard,Corporate,West,Pune,Home & Kitchen,LED Bulb,7,1827.4,0.05,12152.21,1418.25
ORD-12554,2025-06-22,2025-06-25,Standard,Corporate,West,Pune,Home & Kitchen,Water Bottle,3,3785.56,0.2,9085.34,2028.96
ORD-12555,2025-03-01,2025-03-03,Express,Home Office,South,Hyderabad,Furniture,Bookshelf,5,5235.72,0.0,26178.6,4193.7
ORD-12556,2025-07-11,2025-07-13,Standard,Home Office,East,Bhubaneswar,Home & Kitchen,Water Bottle,3,2919.86,0.3,6131.71,969.0
ORD-12557,2025-11-11,2025-11-13,Same Day,Corporate,South,Bengaluru,Electronics,Smartphone,6,59257.35,0.0,355544.1,64691.93
ORD-12558,2024-10-23,2024-10-24,Same Day,Consumer,West,Surat,Home & Kitchen,LED Bulb,2,4477.77,0.3,6268.88,-961.32
ORD-12559,2025-07-01,2025-07-06,Standard,Corporate,East,Patna,Electronics,Tablet,3,14915.01,0.05,42507.78,-3426.8
ORD-12560,2024-07-31,2024-08-05,Express,Corporate,West,Pune,Furniture,Bed Frame,7,17742.3,0.0,124196.1,-26728.74
ORD-12561,2025-01-06,2025-01-07,Express,Home Office,North,Chandigarh,Clothing,Jeans,6,3476.25,0.3,14600.25,-2963.03
ORD-12562,2024-05-23,2024-05-24,Express,Corporate,North,Delhi,Electronics,Headphones,6,17469.04,0.15,89092.1,-26690.12
ORD-12563,2024-06-30,2024-07-01,Standard,Corporate,East,Kolkata,Furniture,Bookshelf,5,3355.41,0.0,16777.05,2886.78
ORD-12564,2024-06-28,2024-07-01,Same Day,Corporate,West,Surat,Home & Kitchen,Mixer Grinder,1,3448.63,0.0,3448.63,149.26
ORD-12565,2024-05-15,2024-05-21,Express,Home Office,West,Mumbai,Furniture,Bookshelf,6,3080.59,0.3,12938.48,1307.05
ORD-12566,2025-05-15,2025-05-18,Standard,Corporate,South,Bengaluru,Clothing,Formal Shirt,1,1047.2,0.0,1047.2,-203.2
ORD-12567,2024-02-11,2024-02-13,Express,Home Office,East,Patna,Furniture,Office Chair,2,10953.59,0.1,19716.46,3203.76
ORD-12568,2025-01-14,2025-01-19,Standard,Home Office,West,Mumbai,Electronics,Laptop,7,46118.05,0.15,274402.4,14448.16
ORD-12569,2025-11-21,2025-11-22,Standard,Corporate,South,Chennai,Home & Kitchen,Water Bottle,3,3867.04,0.15,9860.95,-1209.86
ORD-12570,2024-03-11,2024-03-14,Standard,Home Office,North,Lucknow,Furniture,Office Chair,7,24001.33,0.0,168009.31,49334.76
ORD-12571,2025-09-27,2025-10-03,Express,Consumer,North,Lucknow,Furniture,Bookshelf,7,5562.02,0.1,35040.73,-4058.57
ORD-12572,2025-02-12,2025-02-14,Standard,Home Office,West,Pune,Clothing,Formal Shirt,4,2203.25,0.1,7931.7,-779.34
ORD-12573,2024-01-21,2024-01-26,Same Day,Consumer,East,Patna,Home & Kitchen,LED Bulb,5,5834.73,0.0,29173.65,1924.93
ORD-12574,2024-10-16,2024-10-20,Same Day,Consumer,West,Ahmedabad,Groceries,Cooking Oil 1L,4,268.07,0.0,1072.28,103.74
ORD-12575,2025-07-21,2025-07-26,Same Day,Corporate,North,Jaipur,Home & Kitchen,Mixer Grinder,4,2310.31,0.0,9241.24,1430.22
ORD-12576,2025-05-01,2025-05-02,Express,Corporate,South,Coimbatore,Furniture,Bed Frame,7,20560.52,0.2,115138.91,20741.06
ORD-12577,2024-05-31,2024-06-05,Same Day,Consumer,North,Jaipur,Furniture,Office Chair,6,7307.47,0.0,43844.82,7740.04
ORD-12578,2025-01-31,2025-02-01,Standard,Consumer,South,Hyderabad,Groceries,Atta 5kg,4,160.03,0.1,576.11,-91.75
ORD-12579,2025-02-20,2025-02-21,Express,Home Office,South,Coimbatore,Electronics,Smartwatch,4,10831.14,0.0,43324.56,7701.37
ORD-12580,2025-11-21,2025-11-23,Same Day,Home Office,South,Chennai,Electronics,Laptop,1,21232.91,0.3,14863.04,685.85
ORD-12581,2025-07-06,2025-07-07,Express,Corporate,West,Ahmedabad,Electronics,Laptop,4,43993.14,0.15,149576.68,42513.92
ORD-12582,2025-06-18,2025-06-23,Express,Home Office,West,Mumbai,Electronics,Smartphone,2,34656.01,0.15,58915.22,17410.75
ORD-12583,2024-12-16,2024-12-20,Standard,Consumer,South,Bengaluru,Electronics,Smartwatch,5,50032.54,0.2,200130.16,16743.26
ORD-12584,2025-06-16,2025-06-22,Standard,Consumer,South,Hyderabad,Home & Kitchen,LED Bulb,1,641.25,0.0,641.25,63.77
ORD-12585,2024-10-15,2024-10-16,Same Day,Consumer,South,Chennai,Home & Kitchen,Mixer Grinder,2,5266.69,0.2,8426.7,2157.25
ORD-12586,2024-04-01,2024-04-05,Express,Consumer,West,Pune,Clothing,Sneakers,5,3417.68,0.0,17088.4,2236.71
ORD-12587,2024-08-15,2024-08-21,Same Day,Consumer,North,Delhi,Clothing,T-Shirt,1,2125.15,0.15,1806.38,416.9
ORD-12588,2025-02-25,2025-03-01,Same Day,Corporate,East,Patna,Electronics,Tablet,4,9030.86,0.05,34317.27,6997.5
ORD-12589,2025-08-18,2025-08-24,Same Day,Consumer,North,Chandigarh,Groceries,Snacks Pack,6,319.72,0.2,1534.66,224.75
ORD-12590,2025-02-08,2025-02-10,Standard,Consumer,East,Guwahati,Furniture,Office Chair,2,2280.03,0.0,4560.06,412.67
ORD-12591,2024-11-16,2024-11-17,Standard,Home Office,West,Surat,Clothing,Jacket,2,1498.56,0.0,2997.12,742.95
ORD-12592,2025-06-01,2025-06-05,Same Day,Consumer,North,Jaipur,Electronics,Laptop,3,33843.05,0.0,101529.15,5682.7
ORD-12593,2025-06-24,2025-06-26,Same Day,Corporate,East,Patna,Furniture,Bed Frame,2,24096.73,0.0,48193.46,4537.0
ORD-12594,2025-07-06,2025-07-09,Standard,Consumer,West,Ahmedabad,Home & Kitchen,LED Bulb,4,1980.01,0.0,7920.04,1749.59
ORD-12595,2024-10-14,2024-10-15,Same Day,Corporate,South,Chennai,Furniture,Office Chair,2,17558.79,0.0,35117.58,5166.23
ORD-12596,2025-12-16,2025-12-19,Express,Consumer,South,Bengaluru,Groceries,Rice 5kg,7,72.65,0.3,355.98,18.38
ORD-12597,2025-09-25,2025-09-28,Same Day,Corporate,South,Hyderabad,Home & Kitchen,Mixer Grinder,2,3319.48,0.15,5643.12,1051.39
ORD-12598,2024-09-25,2024-09-26,Standard,Home Office,North,Jaipur,Home & Kitchen,Mixer Grinder,4,4969.6,0.2,15902.72,4733.63
ORD-12599,2025-05-11,2025-05-17,Same Day,Corporate,West,Pune,Groceries,Cooking Oil 1L,1,491.41,0.0,491.41,84.33
ORD-12600,2025-12-08,2025-12-11,Standard,Home Office,South,Chennai,Furniture,Sofa,6,20075.29,0.05,114429.15,-8803.92
ORD-12601,2024-10-16,2024-10-21,Same Day,Consumer,West,Surat,Electronics,Tablet,4,35391.15,0.2,113251.68,14008.98
ORD-12602,2024-06-02,2024-06-04,Same Day,Consumer,East,Patna,Furniture,Bed Frame,3,24121.73,0.3,50655.63,-10900.96
ORD-12603,2024-03-16,2024-03-17,Same Day,Corporate,West,Mumbai,Furniture,Study Table,2,15546.08,0.0,31092.16,-2311.09
ORD-12604,2025-06-06,2025-06-10,Same Day,Home Office,West,Ahmedabad,Home & Kitchen,Non-stick Pan,6,5045.81,0.0,30274.86,7904.12
ORD-12605,2024-03-17,2024-03-21,Standard,Corporate,East,Kolkata,Electronics,Laptop,7,16957.19,0.0,118700.33,14669.4
ORD-12606,2025-09-28,2025-09-30,Express,Consumer,South,Coimbatore,Home & Kitchen,Non-stick Pan,1,2509.53,0.05,2384.05,729.02
ORD-12607,2024-10-21,2024-10-26,Standard,Consumer,South,Chennai,Home & Kitchen,Mixer Grinder,5,4655.79,0.0,23278.95,1829.62
ORD-12608,2024-08-31,2024-09-02,Express,Home Office,South,Coimbatore,Electronics,Tablet,3,32131.5,0.0,96394.5,12330.76
ORD-12609,2024-06-16,2024-06-20,Express,Consumer,North,Delhi,Groceries,Tea 500g,4,568.02,0.05,2158.48,257.85
ORD-12610,2024-03-08,2024-03-09,Express,Home Office,North,Delhi,Furniture,Bookshelf,2,9698.3,0.2,15517.28,1613.73
ORD-12611,2024-12-10,2024-12-12,Express,Consumer,North,Jaipur,Home & Kitchen,LED Bulb,7,4062.03,0.2,22747.37,1087.3
ORD-12612,2025-02-27,2025-03-04,Standard,Corporate,North,Jaipur,Home & Kitchen,Mixer Grinder,1,5722.04,0.2,4577.63,1112.45
ORD-12613,2024-05-28,2024-06-01,Express,Consumer,East,Bhubaneswar,Electronics,Laptop,6,21978.89,0.15,112092.34,15204.07
ORD-12614,2025-11-13,2025-11-18,Same Day,Consumer,North,Lucknow,Home & Kitchen,Storage Box,6,4089.69,0.0,24538.14,1484.84
ORD-12615,2025-09-14,2025-09-16,Express,Home Office,North,Lucknow,Groceries,Rice 5kg,7,181.47,0.0,1270.29,-77.19
ORD-12616,2025-09-09,2025-09-10,Standard,Consumer,West,Pune,Groceries,Cooking Oil 1L,1,477.16,0.3,334.01,-77.03
ORD-12617,2025-02-23,2025-02-26,Standard,Home Office,West,Ahmedabad,Groceries,Atta 5kg,2,267.06,0.15,454.0,45.58
ORD-12618,2024-05-21,2024-05-26,Same Day,Consumer,North,Jaipur,Groceries,Cooking Oil 1L,4,578.47,0.2,1851.1,365.48
ORD-12619,2024-07-21,2024-07-24,Express,Consumer,South,Chennai,Electronics,Laptop,4,55566.85,0.0,222267.4,37296.49
ORD-12620,2024-09-16,2024-09-19,Same Day,Home Office,East,Patna,Home & Kitchen,Mixer Grinder,1,2647.95,0.15,2250.76,454.1
ORD-12621,2024-10-28,2024-10-31,Standard,Corporate,West,Surat,Groceries,Atta 5kg,6,287.11,0.05,1636.53,351.28
ORD-12622,2024-10-04,2024-10-10,Express,Corporate,South,Chennai,Furniture,Bookshelf,6,20651.05,0.0,123906.3,23658.59
ORD-12623,2024-07-27,2024-08-01,Same Day,Home Office,South,Coimbatore,Groceries,Atta 5kg,3,476.78,0.3,1001.24,147.31
ORD-12624,2025-01-01,2025-01-05,Same Day,Corporate,East,Bhubaneswar,Home & Kitchen,Storage Box,1,349.0,0.0,349.0,-62.48
ORD-12625,2024-10-28,2024-11-02,Standard,Home Office,North,Chandigarh,Clothing,Jeans,5,3231.99,0.15,13735.96,2674.06
ORD-12626,2024-06-07,2024-06-11,Same Day,Consumer,South,Hyderabad,Furniture,Office Chair,4,3725.07,0.0,14900.28,2301.84
ORD-12627,2025-09-08,2025-09-13,Same Day,Corporate,South,Hyderabad,Home & Kitchen,LED Bulb,2,4092.12,0.05,7775.03,898.29
ORD-12628,2024-11-30,2024-12-05,Express,Corporate,North,Lucknow,Groceries,Snacks Pack,6,135.56,0.15,691.36,32.42
ORD-12629,2025-03-27,2025-03-30,Same Day,Consumer,South,Hyderabad,Home & Kitchen,LED Bulb,1,425.33,0.0,425.33,99.95
ORD-12630,2025-05-06,2025-05-08,Same Day,Consumer,North,Jaipur,Groceries,Atta 5kg,6,448.74,0.2,2153.95,415.9
ORD-12631,2025-03-30,2025-04-01,Standard,Home Office,West,Surat,Groceries,Tea 500g,5,380.21,0.2,1520.84,219.96
ORD-12632,2024-12-11,2024-12-14,Express,Consumer,South,Chennai,Home & Kitchen,Storage Box,1,1419.11,0.2,1135.29,158.34
ORD-12633,2024-07-28,2024-07-30,Express,Corporate,West,Ahmedabad,Electronics,Smartwatch,4,5041.37,0.05,19157.21,5179.01
ORD-12634,2025-09-02,2025-09-04,Standard,Home Office,East,Guwahati,Groceries,Atta 5kg,5,423.94,0.3,1483.79,-334.84
ORD-12635,2024-08-05,2024-08-10,Same Day,Home Office,West,Pune,Home & Kitchen,Mixer Grinder,7,5506.8,0.1,34692.84,5698.82
ORD-12636,2024-12-02,2024-12-04,Express,Home Office,West,Surat,Groceries,Cooking Oil 1L,7,445.07,0.0,3115.49,-780.83
ORD-12637,2024-12-10,2024-12-12,Standard,Home Office,East,Bhubaneswar,Electronics,Smartwatch,3,44673.26,0.2,107215.82,20618.75
ORD-12638,2024-10-25,2024-10-30,Express,Consumer,East,Guwahati,Electronics,Headphones,1,26002.66,0.1,23402.39,1049.14
ORD-12639,2025-08-09,2025-08-12,Express,Corporate,North,Jaipur,Electronics,Smartphone,3,9306.77,0.0,27920.31,-1591.83
ORD-12640,2025-02-24,2025-02-27,Standard,Home Office,East,Kolkata,Clothing,Jeans,1,3078.73,0.0,3078.73,93.61
ORD-12641,2025-11-23,2025-11-24,Same Day,Corporate,North,Chandigarh,Groceries,Tea 500g,1,124.11,0.05,117.9,-17.38
ORD-12642,2024-08-02,2024-08-03,Same Day,Home Office,North,Delhi,Electronics,Smartwatch,6,55040.08,0.2,264192.38,36840.04
ORD-12643,2024-08-05,2024-08-08,Express,Consumer,North,Jaipur,Clothing,Sneakers,2,1756.16,0.3,2458.62,174.7
ORD-12644,2024-06-14,2024-06-16,Standard,Corporate,North,Lucknow,Furniture,Sofa,3,3398.55,0.2,8156.52,1581.36
ORD-12645,2025-09-21,2025-09-23,Standard,Corporate,North,Lucknow,Electronics,Laptop,2,43920.75,0.0,87841.5,26860.92
ORD-12646,2024-08-28,2024-08-29,Standard,Home Office,West,Surat,Home & Kitchen,LED Bulb,1,425.08,0.0,425.08,100.33
ORD-12647,2024-03-20,2024-03-25,Same Day,Consumer,South,Coimbatore,Furniture,Bed Frame,4,17205.2,0.1,61938.72,4471.87
ORD-12648,2025-12-12,2025-12-17,Standard,Consumer,East,Bhubaneswar,Groceries,Rice 5kg,5,56.34,0.0,281.7,60.64
ORD-12649,2025-04-15,2025-04-17,Same Day,Consumer,North,Jaipur,Furniture,Office Chair,7,19349.28,0.0,135444.96,6558.29
ORD-12650,2025-04-17,2025-04-20,Standard,Corporate,North,Lucknow,Electronics,Laptop,4,15493.67,0.0,61974.68,3836.33
ORD-12651,2025-01-02,2025-01-05,Standard,Consumer,North,Jaipur,Furniture,Study Table,4,9401.99,0.0,37607.96,6581.57
ORD-12652,2024-12-25,2024-12-26,Same Day,Consumer,West,Ahmedabad,Furniture,Sofa,5,13642.23,0.15,57979.48,4077.62
ORD-12653,2024-01-09,2024-01-12,Express,Home Office,South,Coimbatore,Groceries,Cooking Oil 1L,6,308.4,0.15,1572.84,-92.84
ORD-12654,2024-10-30,2024-10-31,Express,Consumer,North,Jaipur,Furniture,Bookshelf,2,14472.28,0.2,23155.65,2599.25
ORD-12655,2025-09-16,2025-09-19,Standard,Home Office,East,Patna,Furniture,Bookshelf,2,4310.11,0.0,8620.22,-802.2
ORD-12656,2025-11-24,2025-11-29,Express,Consumer,South,Coimbatore,Furniture,Study Table,5,6543.18,0.05,31080.1,7844.57
ORD-12657,2024-10-28,2024-10-31,Standard,Home Office,South,Bengaluru,Electronics,Laptop,2,7916.44,0.2,12666.3,2023.76
ORD-12658,2025-07-24,2025-07-25,Express,Home Office,North,Chandigarh,Clothing,Jacket,5,2355.93,0.1,10601.68,-846.26
ORD-12659,2024-01-15,2024-01-18,Express,Consumer,North,Jaipur,Electronics,Tablet,3,4862.83,0.2,11670.79,-836.59
ORD-12660,2025-03-10,2025-03-13,Standard,Home Office,East,Patna,Furniture,Bookshelf,6,8608.16,0.15,43901.62,8030.65
ORD-12661,2024-02-23,2024-02-27,Same Day,Corporate,West,Pune,Groceries,Rice 5kg,2,82.47,0.0,164.94,28.92
ORD-12662,2024-06-06,2024-06-07,Same Day,Corporate,South,Coimbatore,Electronics,Headphones,4,6757.84,0.1,24328.22,-1586.88
ORD-12663,2024-09-14,2024-09-19,Express,Corporate,South,Bengaluru,Clothing,Formal Shirt,6,1448.57,0.2,6953.14,1260.95
ORD-12664,2025-07-22,2025-07-28,Express,Consumer,West,Surat,Electronics,Smartwatch,4,42129.49,0.15,143240.27,14177.14
ORD-12665,2024-12-17,2024-12-23,Express,Home Office,East,Kolkata,Clothing,Sneakers,3,727.71,0.3,1528.19,-475.57
ORD-12666,2025-08-26,2025-08-31,Express,Corporate,North,Chandigarh,Home & Kitchen,Mixer Grinder,2,5691.91,0.15,9676.25,1435.33
ORD-12667,2025-05-09,2025-05-10,Standard,Consumer,West,Pune,Groceries,Snacks Pack,4,327.75,0.2,1048.8,-316.16
ORD-12668,2025-10-28,2025-10-29,Same Day,Consumer,North,Delhi,Home & Kitchen,Water Bottle,7,1717.52,0.0,12022.64,1840.31
ORD-12669,2025-07-28,2025-07-30,Standard,Consumer,East,Guwahati,Clothing,T-Shirt,3,3461.1,0.1,9344.97,431.11
ORD-12670,2024-01-29,2024-01-30,Standard,Consumer,South,Bengaluru,Furniture,Study Table,3,23455.73,0.05,66848.83,15326.88
ORD-12671,2025-06-30,2025-07-05,Express,Corporate,East,Bhubaneswar,Home & Kitchen,Water Bottle,1,986.94,0.0,986.94,147.3
ORD-12672,2025-12-03,2025-12-09,Standard,Consumer,West,Pune,Home & Kitchen,Mixer Grinder,3,1551.93,0.0,4655.79,-784.52
ORD-12673,2024-08-09,2024-08-10,Express,Home Office,South,Hyderabad,Home & Kitchen,Non-stick Pan,7,5244.15,0.2,29367.24,6136.8
ORD-12674,2025-02-14,2025-02-20,Same Day,Corporate,North,Chandigarh,Home & Kitchen,Mixer Grinder,4,5315.38,0.0,21261.52,3169.66
ORD-12675,2024-09-26,2024-10-02,Express,Consumer,West,Mumbai,Clothing,Sneakers,3,1324.75,0.1,3576.82,-458.66
ORD-12676,2024-03-29,2024-04-03,Standard,Corporate,West,Mumbai,Home & Kitchen,LED Bulb,4,1438.42,0.05,5466.0,717.21
ORD-12677,2024-05-06,2024-05-11,Same Day,Corporate,South,Chennai,Furniture,Bookshelf,5,13789.21,0.0,68946.05,-13686.31
ORD-12678,2024-02-18,2024-02-20,Express,Consumer,North,Lucknow,Electronics,Tablet,6,35072.82,0.2,168349.54,24953.66
ORD-12679,2025-10-17,2025-10-19,Standard,Corporate,South,Bengaluru,Home & Kitchen,Mixer Grinder,5,5704.34,0.05,27095.62,1704.28
ORD-12680,2024-06-22,2024-06-27,Standard,Corporate,South,Chennai,Groceries,Atta 5kg,2,285.75,0.05,542.92,124.35
ORD-12681,2025-10-20,2025-10-24,Same Day,Consumer,East,Kolkata,Electronics,Headphones,2,46634.66,0.15,79278.92,11877.88
ORD-12682,2024-08-23,2024-08-29,Express,Consumer,North,Chandigarh,Clothing,Jeans,4,2197.61,0.1,7911.4,806.36
ORD-12683,2024-02-26,2024-02-28,Standard,Home Office,West,Pune,Home & Kitchen,Water Bottle,7,4816.72,0.3,23601.93,2844.52
ORD-12684,2024-11-13,2024-11-16,Express,Home Office,East,Kolkata,Electronics,Tablet,7,15210.72,0.0,106475.04,12947.94
ORD-12685,2024-07-17,2024-07-21,Same Day,Home Office,West,Ahmedabad,Electronics,Smartwatch,6,52185.19,0.0,313111.14,44142.17
ORD-12686,2025-06-01,2025-06-07,Express,Corporate,West,Pune,Home & Kitchen,Storage Box,6,5266.7,0.0,31600.2,7427.68
ORD-12687,2025-03-15,2025-03-21,Standard,Corporate,South,Chennai,Clothing,Jacket,7,1216.08,0.0,8512.56,1348.31
ORD-12688,2025-01-16,2025-01-20,Standard,Corporate,East,Kolkata,Clothing,Jeans,1,1624.63,0.2,1299.7,-120.48
ORD-12689,2025-11-01,2025-11-06,Same Day,Consumer,West,Surat,Electronics,Headphones,2,48212.79,0.0,96425.58,-3587.56
ORD-12690,2025-05-03,2025-05-09,Same Day,Consumer,East,Bhubaneswar,Groceries,Snacks Pack,6,286.83,0.15,1462.83,207.33
ORD-12691,2024-10-04,2024-10-07,Same Day,Corporate,South,Hyderabad,Groceries,Snacks Pack,4,400.57,0.05,1522.17,245.77
ORD-12692,2024-09-29,2024-10-02,Express,Home Office,South,Hyderabad,Furniture,Office Chair,3,20362.78,0.2,48870.67,8943.74
ORD-12693,2024-06-23,2024-06-27,Same Day,Home Office,East,Guwahati,Electronics,Smartphone,5,26500.71,0.0,132503.55,14611.4
ORD-12694,2025-03-31,2025-04-03,Standard,Consumer,South,Hyderabad,Electronics,Laptop,5,10012.92,0.1,45058.14,-3163.66
ORD-12695,2024-05-19,2024-05-22,Same Day,Consumer,East,Guwahati,Groceries,Cooking Oil 1L,5,355.77,0.2,1423.08,69.0
ORD-12696,2025-06-21,2025-06-26,Standard,Corporate,West,Ahmedabad,Groceries,Cooking Oil 1L,4,160.0,0.3,448.0,79.25
ORD-12697,2025-04-05,2025-04-10,Standard,Home Office,East,Guwahati,Electronics,Headphones,3,40364.7,0.2,96875.28,16102.5
ORD-12698,2024-09-21,2024-09-25,Standard,Corporate,South,Bengaluru,Groceries,Rice 5kg,7,241.43,0.0,1690.01,301.67
ORD-12699,2024-01-10,2024-01-12,Express,Consumer,West,Surat,Electronics,Laptop,3,55790.51,0.2,133897.22,11898.13
ORD-12700,2025-06-24,2025-06-27,Express,Home Office,East,Kolkata,Furniture,Office Chair,1,8297.68,0.0,8297.68,-987.85
ORD-12701,2024-11-23,2024-11-27,Standard,Corporate,West,Mumbai,Furniture,Sofa,3,19308.39,0.3,40547.62,11975.26
ORD-12702,2024-09-19,2024-09-20,Same Day,Home Office,West,Ahmedabad,Home & Kitchen,Non-stick Pan,6,3227.3,0.1,17427.42,-4723.14
ORD-12703,2025-08-12,2025-08-14,Express,Home Office,West,Mumbai,Furniture,Sofa,4,4403.67,0.2,14091.74,1596.65
ORD-12704,2024-01-01,2024-01-03,Express,Home Office,North,Chandigarh,Groceries,Rice 5kg,3,197.53,0.0,592.59,105.27
ORD-12705,2025-04-10,2025-04-13,Standard,Corporate,North,Delhi,Groceries,Atta 5kg,5,353.71,0.05,1680.12,109.94
ORD-12706,2025-12-15,2025-12-21,Express,Corporate,South,Hyderabad,Home & Kitchen,Storage Box,5,3441.33,0.2,13765.32,-3348.83
ORD-12707,2024-05-10,2024-05-13,Express,Corporate,South,Hyderabad,Groceries,Tea 500g,7,185.42,0.15,1103.25,40.67
ORD-12708,2024-04-27,2024-05-01,Express,Consumer,South,Coimbatore,Electronics,Headphones,7,33175.04,0.0,232225.28,32792.7
ORD-12709,2025-11-23,2025-11-29,Standard,Consumer,North,Chandigarh,Groceries,Rice 5kg,4,230.62,0.0,922.48,129.7
ORD-12710,2024-01-24,2024-01-30,Express,Corporate,East,Patna,Groceries,Rice 5kg,1,250.74,0.05,238.2,17.36
ORD-12711,2025-06-02,2025-06-07,Same Day,Home Office,North,Chandigarh,Clothing,T-Shirt,2,2492.07,0.0,4984.14,893.55
ORD-12712,2024-10-06,2024-10-12,Same Day,Home Office,West,Surat,Electronics,Smartphone,1,20136.47,0.1,18122.82,3240.42
ORD-12713,2024-11-22,2024-11-23,Standard,Home Office,West,Mumbai,Furniture,Bookshelf,7,17360.03,0.0,121520.21,-19758.32
ORD-12714,2025-04-09,2025-04-11,Standard,Corporate,East,Patna,Clothing,Jeans,5,2845.85,0.3,9960.47,-1835.84
ORD-12715,2025-08-07,2025-08-09,Standard,Home Office,North,Chandigarh,Home & Kitchen,Water Bottle,3,567.79,0.05,1618.2,-282.36
ORD-12716,2025-02-28,2025-03-06,Same Day,Home Office,North,Chandigarh,Home & Kitchen,Water Bottle,3,5864.8,0.0,17594.4,1012.95
ORD-12717,2025-10-14,2025-10-15,Standard,Consumer,North,Lucknow,Electronics,Tablet,7,8266.52,0.2,46292.51,6208.2
ORD-12718,2024-10-28,2024-10-30,Standard,Home Office,West,Pune,Clothing,Jacket,6,2252.53,0.0,13515.18,819.19
ORD-12719,2025-04-14,2025-04-19,Standard,Home Office,North,Lucknow,Electronics,Smartwatch,3,46938.8,0.2,112653.12,-26632.71
ORD-12720,2024-06-18,2024-06-23,Express,Consumer,South,Coimbatore,Clothing,Formal Shirt,4,2598.25,0.0,10393.0,3213.66
ORD-12721,2025-03-04,2025-03-08,Standard,Consumer,West,Surat,Home & Kitchen,Non-stick Pan,1,2051.77,0.15,1744.0,-219.98
ORD-12722,2025-01-30,2025-02-03,Standard,Consumer,South,Hyderabad,Furniture,Bed Frame,2,4994.97,0.0,9989.94,-2017.08
ORD-12723,2024-08-18,2024-08-20,Same Day,Corporate,North,Chandigarh,Groceries,Atta 5kg,2,261.73,0.3,366.42,45.49
ORD-12724,2024-06-01,2024-06-02,Standard,Consumer,North,Delhi,Clothing,Jeans,1,1926.08,0.2,1540.86,209.63
ORD-12725,2024-06-29,2024-07-05,Same Day,Consumer,South,Coimbatore,Home & Kitchen,Mixer Grinder,3,4109.47,0.3,8629.89,-392.95
ORD-12726,2025-11-18,2025-11-19,Same Day,Home Office,South,Chennai,Electronics,Smartwatch,1,24770.42,0.2,19816.34,2418.64
ORD-12727,2025-03-08,2025-03-11,Express,Consumer,West,Pune,Furniture,Study Table,4,4428.23,0.0,17712.92,1098.56
ORD-12728,2025-10-26,2025-11-01,Same Day,Consumer,North,Chandigarh,Furniture,Bed Frame,6,17677.83,0.0,106066.98,18126.36
ORD-12729,2025-12-22,2025-12-24,Standard,Consumer,South,Chennai,Furniture,Bed Frame,4,21308.72,0.0,85234.88,-6391.49
ORD-12730,2024-05-04,2024-05-06,Same Day,Home Office,West,Surat,Home & Kitchen,Storage Box,2,3087.54,0.05,5866.33,491.33
ORD-12731,2024-09-24,2024-09-27,Express,Home Office,East,Patna,Electronics,Headphones,6,38142.45,0.05,217411.96,38311.58
ORD-12732,2024-03-21,2024-03-22,Express,Home Office,North,Jaipur,Electronics,Smartwatch,2,12571.97,0.0,25143.94,4513.56
ORD-12733,2025-12-28,2025-12-30,Express,Corporate,East,Bhubaneswar,Furniture,Bed Frame,2,20945.48,0.0,41890.96,6619.76
ORD-12734,2024-10-10,2024-10-16,Express,Home Office,North,Lucknow,Home & Kitchen,Storage Box,3,3032.27,0.0,9096.81,-249.53
ORD-12735,2025-04-22,2025-04-25,Express,Home Office,West,Ahmedabad,Electronics,Laptop,6,54993.6,0.3,230973.12,34320.41
ORD-12736,2024-05-30,2024-06-05,Express,Consumer,West,Pune,Groceries,Cooking Oil 1L,4,169.36,0.0,677.44,53.24
ORD-12737,2025-04-21,2025-04-23,Standard,Consumer,West,Ahmedabad,Clothing,Jeans,7,1597.49,0.2,8945.94,753.92
ORD-12738,2025-03-26,2025-03-27,Same Day,Home Office,North,Delhi,Furniture,Study Table,2,7471.56,0.3,10460.18,1425.25
ORD-12739,2024-08-06,2024-08-08,Express,Home Office,South,Hyderabad,Furniture,Office Chair,4,12830.09,0.1,46188.32,-4613.74
ORD-12740,2024-07-16,2024-07-18,Same Day,Consumer,West,Surat,Electronics,Laptop,7,36774.51,0.2,205937.26,25891.39
ORD-12741,2025-03-19,2025-03-22,Same Day,Consumer,North,Delhi,Home & Kitchen,Mixer Grinder,4,5071.73,0.0,20286.92,4551.86
ORD-12742,2025-03-09,2025-03-11,Express,Consumer,East,Patna,Electronics,Laptop,5,33648.92,0.1,151420.14,-49240.56
ORD-12743,2025-05-07,2025-05-10,Same Day,Home Office,West,Ahmedabad,Electronics,Headphones,1,39722.13,0.05,37736.02,7459.88
ORD-12744,2024-10-16,2024-10-17,Same Day,Consumer,West,Surat,Home & Kitchen,Storage Box,3,1258.73,0.1,3398.57,612.72
ORD-12745,2025-05-16,2025-05-17,Express,Home Office,North,Jaipur,Electronics,Tablet,3,44958.81,0.05,128132.61,7947.63
ORD-12746,2025-02-11,2025-02-14,Same Day,Corporate,South,Chennai,Furniture,Sofa,1,4601.19,0.3,3220.83,-396.07
ORD-12747,2024-02-26,2024-03-03,Same Day,Home Office,North,Jaipur,Home & Kitchen,Non-stick Pan,4,2864.61,0.2,9166.75,1210.64
ORD-12748,2024-03-12,2024-03-18,Same Day,Consumer,West,Mumbai,Electronics,Laptop,2,23916.97,0.05,45442.24,7130.43
ORD-12749,2024-10-30,2024-11-04,Same Day,Corporate,East,Patna,Furniture,Bookshelf,3,9503.24,0.05,27084.23,2054.03
ORD-12750,2025-08-27,2025-08-30,Same Day,Corporate,West,Ahmedabad,Clothing,Formal Shirt,7,2587.26,0.0,18110.82,2151.32
ORD-12751,2024-12-23,2024-12-27,Same Day,Consumer,North,Lucknow,Home & Kitchen,Mixer Grinder,3,1591.44,0.0,4774.32,-528.87
ORD-12752,2024-06-06,2024-06-07,Express,Corporate,West,Surat,Clothing,Jacket,5,2194.1,0.0,10970.5,556.75
ORD-12753,2025-08-07,2025-08-08,Standard,Corporate,North,Chandigarh,Home & Kitchen,Mixer Grinder,1,5175.02,0.3,3622.51,341.88
ORD-12754,2025-08-14,2025-08-16,Standard,Consumer,East,Patna,Home & Kitchen,Water Bottle,6,3224.05,0.2,15475.44,2735.7
ORD-12755,2025-07-03,2025-07-07,Express,Consumer,South,Bengaluru,Home & Kitchen,Water Bottle,7,5401.36,0.15,32138.09,-4943.63
ORD-12756,2024-11-17,2024-11-18,Standard,Consumer,North,Jaipur,Furniture,Study Table,5,5370.75,0.0,26853.75,-3449.27
ORD-12757,2024-06-15,2024-06-17,Express,Consumer,West,Ahmedabad,Home & Kitchen,Mixer Grinder,6,1179.45,0.0,7076.7,1724.77
ORD-12758,2025-11-02,2025-11-05,Same Day,Consumer,East,Kolkata,Groceries,Snacks Pack,2,327.44,0.3,458.42,33.51
ORD-12759,2024-02-04,2024-02-07,Standard,Consumer,East,Guwahati,Groceries,Snacks Pack,6,369.6,0.2,1774.08,163.59
ORD-12760,2025-01-13,2025-01-15,Express,Consumer,North,Lucknow,Furniture,Bed Frame,2,17851.65,0.3,24992.31,749.6
ORD-12761,2024-07-04,2024-07-08,Same Day,Home Office,East,Guwahati,Home & Kitchen,Mixer Grinder,7,876.39,0.0,6134.73,-584.13
ORD-12762,2024-07-27,2024-08-02,Same Day,Home Office,East,Kolkata,Furniture,Study Table,1,17316.43,0.2,13853.14,-1254.3
ORD-12763,2024-12-04,2024-12-07,Standard,Consumer,South,Coimbatore,Home & Kitchen,Storage Box,5,5442.04,0.2,21768.16,6325.47
ORD-12764,2025-11-23,2025-11-25,Standard,Corporate,West,Pune,Electronics,Smartwatch,1,30989.99,0.3,21692.99,-6642.9
ORD-12765,2025-12-05,2025-12-11,Same Day,Corporate,West,Ahmedabad,Electronics,Smartwatch,3,28144.25,0.0,84432.75,25861.03
ORD-12766,2025-06-04,2025-06-08,Standard,Corporate,South,Coimbatore,Furniture,Study Table,6,10051.29,0.2,48246.19,1892.21
ORD-12767,2024-06-23,2024-06-27,Express,Home Office,South,Bengaluru,Furniture,Study Table,1,8523.38,0.0,8523.38,1056.55
ORD-12768,2024-05-07,2024-05-10,Standard,Consumer,North,Delhi,Electronics,Smartwatch,4,54701.11,0.0,218804.44,10969.76
ORD-12769,2024-09-09,2024-09-11,Same Day,Home Office,East,Guwahati,Home & Kitchen,Mixer Grinder,4,800.46,0.0,3201.84,221.41
ORD-12770,2025-06-28,2025-07-02,Same Day,Corporate,South,Hyderabad,Furniture,Bookshelf,7,12089.42,0.2,67700.75,7283.02
ORD-12771,2024-09-23,2024-09-26,Same Day,Home Office,South,Coimbatore,Groceries,Tea 500g,3,549.17,0.0,1647.51,123.41
ORD-12772,2024-01-19,2024-01-22,Express,Consumer,East,Bhubaneswar,Groceries,Rice 5kg,4,575.98,0.2,1843.14,268.39
ORD-12773,2025-07-12,2025-07-18,Express,Corporate,South,Bengaluru,Groceries,Rice 5kg,7,548.22,0.0,3837.54,740.84
ORD-12774,2024-12-23,2024-12-28,Standard,Consumer,East,Kolkata,Clothing,Formal Shirt,4,755.67,0.0,3022.68,-432.61
ORD-12775,2025-01-27,2025-02-01,Standard,Home Office,North,Jaipur,Home & Kitchen,Water Bottle,2,2824.03,0.0,5648.06,1321.63
ORD-12776,2024-07-04,2024-07-09,Express,Consumer,North,Delhi,Groceries,Tea 500g,6,293.26,0.0,1759.56,453.87
ORD-12777,2025-03-13,2025-03-19,Same Day,Corporate,South,Coimbatore,Groceries,Rice 5kg,4,245.09,0.0,980.36,299.45
ORD-12778,2024-12-07,2024-12-11,Standard,Home Office,East,Bhubaneswar,Electronics,Tablet,4,55119.97,0.0,220479.88,21642.31
ORD-12779,2025-01-18,2025-01-19,Express,Home Office,West,Pune,Electronics,Laptop,3,14169.53,0.0,42508.59,10916.64
ORD-12780,2025-04-17,2025-04-22,Same Day,Consumer,West,Surat,Furniture,Bookshelf,7,15135.94,0.1,95356.42,15956.13
ORD-12781,2025-03-26,2025-04-01,Same Day,Consumer,North,Jaipur,Clothing,T-Shirt,2,1384.74,0.0,2769.48,444.88
ORD-12782,2024-01-21,2024-01-22,Standard,Home Office,West,Mumbai,Furniture,Bookshelf,5,24552.19,0.1,110484.86,18107.22
ORD-12783,2025-07-01,2025-07-07,Same Day,Consumer,West,Ahmedabad,Furniture,Sofa,5,18174.45,0.05,86328.64,12067.8
ORD-12784,2025-01-29,2025-02-04,Same Day,Corporate,South,Chennai,Clothing,Sneakers,3,2655.74,0.0,7967.22,1224.75
ORD-12785,2024-08-11,2024-08-17,Standard,Home Office,South,Chennai,Groceries,Tea 500g,1,334.91,0.3,234.44,11.44
ORD-12786,2024-07-20,2024-07-25,Standard,Consumer,North,Lucknow,Home & Kitchen,Non-stick Pan,1,787.13,0.15,669.06,-129.35
ORD-12787,2024-10-07,2024-10-12,Express,Corporate,South,Bengaluru,Clothing,Jacket,2,1069.62,0.0,2139.24,544.32
ORD-12788,2024-07-29,2024-08-02,Express,Corporate,South,Bengaluru,Home & Kitchen,Storage Box,1,4658.97,0.0,4658.97,-603.57
ORD-12789,2024-03-16,2024-03-17,Standard,Consumer,West,Pune,Clothing,Sneakers,6,635.32,0.0,3811.92,222.36
ORD-12790,2024-02-03,2024-02-06,Same Day,Corporate,South,Chennai,Clothing,T-Shirt,1,1623.48,0.15,1379.96,199.02
ORD-12791,2024-11-08,2024-11-10,Same Day,Home Office,West,Pune,Electronics,Smartwatch,3,41569.84,0.05,118474.04,16864.71
ORD-12792,2025-10-16,2025-10-17,Same Day,Corporate,East,Bhubaneswar,Groceries,Cooking Oil 1L,1,70.22,0.0,70.22,9.03
ORD-12793,2024-01-05,2024-01-08,Standard,Corporate,South,Bengaluru,Groceries,Rice 5kg,1,489.73,0.05,465.24,27.53
ORD-12794,2024-11-17,2024-11-19,Same Day,Home Office,East,Bhubaneswar,Electronics,Laptop,3,6869.78,0.1,18548.41,2158.8
ORD-12795,2025-12-18,2025-12-19,Same Day,Home Office,North,Jaipur,Groceries,Tea 500g,4,65.95,0.05,250.61,-34.99
ORD-12796,2024-07-22,2024-07-28,Standard,Corporate,North,Lucknow,Clothing,Jacket,4,2644.13,0.0,10576.52,696.59
ORD-12797,2024-04-28,2024-05-02,Express,Corporate,North,Jaipur,Groceries,Atta 5kg,6,149.15,0.0,894.9,-152.75
ORD-12798,2025-09-17,2025-09-21,Express,Corporate,South,Bengaluru,Groceries,Rice 5kg,4,157.78,0.0,631.12,-96.17
ORD-12799,2024-03-29,2024-04-03,Same Day,Consumer,East,Bhubaneswar,Home & Kitchen,Mixer Grinder,6,1679.39,0.0,10076.34,2532.48
ORD-12800,2024-04-05,2024-04-08,Standard,Consumer,North,Chandigarh,Home & Kitchen,Mixer Grinder,5,3957.49,0.0,19787.45,-2363.2
ORD-12801,2025-07-24,2025-07-25,Standard,Home Office,North,Delhi,Clothing,Jeans,6,3342.37,0.2,16043.38,773.47
ORD-12802,2024-03-15,2024-03-18,Standard,Consumer,West,Pune,Groceries,Snacks Pack,5,528.64,0.15,2246.72,347.29
ORD-12803,2025-12-17,2025-12-22,Standard,Home Office,East,Guwahati,Groceries,Snacks Pack,7,397.46,0.0,2782.22,610.19
ORD-12804,2025-08-01,2025-08-02,Standard,Consumer,North,Jaipur,Clothing,Jeans,4,721.52,0.05,2741.78,719.86
ORD-12805,2024-01-16,2024-01-17,Same Day,Corporate,East,Kolkata,Groceries,Rice 5kg,2,214.02,0.0,428.04,-24.88
ORD-12806,2024-04-08,2024-04-09,Standard,Home Office,East,Kolkata,Groceries,Cooking Oil 1L,5,324.99,0.15,1381.21,-220.13
ORD-12807,2025-03-18,2025-03-23,Same Day,Home Office,West,Mumbai,Home & Kitchen,Water Bottle,5,2167.6,0.0,10838.0,810.7
ORD-12808,2025-08-25,2025-08-27,Standard,Corporate,West,Ahmedabad,Home & Kitchen,LED Bulb,2,608.83,0.15,1035.01,178.59
ORD-12809,2025-12-23,2025-12-29,Express,Corporate,South,Chennai,Groceries,Atta 5kg,3,371.85,0.3,780.89,135.32
ORD-12810,2024-02-27,2024-02-29,Same Day,Consumer,West,Mumbai,Electronics,Headphones,7,6092.25,0.15,36248.89,-6398.7
ORD-12811,2024-04-14,2024-04-18,Standard,Corporate,West,Pune,Electronics,Smartphone,6,48469.44,0.0,290816.64,47138.58
ORD-12812,2024-03-31,2024-04-03,Same Day,Home Office,East,Patna,Groceries,Snacks Pack,3,249.84,0.2,599.62,93.28
ORD-12813,2024-05-30,2024-06-02,Standard,Corporate,East,Kolkata,Clothing,Formal Shirt,1,1937.42,0.1,1743.68,-553.61
ORD-12814,2025-03-29,2025-03-31,Standard,Home Office,South,Chennai,Groceries,Atta 5kg,4,119.46,0.0,477.84,143.49
ORD-12815,2025-01-27,2025-01-31,Same Day,Consumer,West,Mumbai,Groceries,Tea 500g,2,462.46,0.0,924.92,241.53
ORD-12816,2024-04-02,2024-04-04,Express,Home Office,North,Chandigarh,Furniture,Bookshelf,5,8376.54,0.0,41882.7,11188.64
ORD-12817,2024-09-13,2024-09-16,Same Day,Home Office,North,Lucknow,Home & Kitchen,Storage Box,3,4372.78,0.2,10494.67,1138.39
ORD-12818,2025-01-17,2025-01-20,Express,Consumer,South,Hyderabad,Furniture,Bookshelf,1,9098.57,0.0,9098.57,2042.86
ORD-12819,2024-06-23,2024-06-28,Standard,Home Office,South,Bengaluru,Clothing,Jeans,6,3346.73,0.3,14056.27,1179.96
ORD-12820,2025-08-29,2025-09-02,Standard,Home Office,East,Guwahati,Groceries,Atta 5kg,7,325.48,0.1,2050.52,379.7
ORD-12821,2024-04-03,2024-04-04,Standard,Corporate,East,Patna,Clothing,Sneakers,3,2269.01,0.0,6807.03,-408.04
ORD-12822,2024-05-05,2024-05-07,Standard,Corporate,North,Jaipur,Groceries,Tea 500g,6,158.56,0.1,856.22,-82.66
ORD-12823,2025-01-20,2025-01-23,Standard,Home Office,North,Delhi,Electronics,Laptop,7,35131.94,0.0,245923.58,27428.1
ORD-12824,2025-11-20,2025-11-24,Express,Home Office,South,Coimbatore,Furniture,Bed Frame,5,22953.44,0.1,103290.48,-13168.65
ORD-12825,2024-12-05,2024-12-10,Express,Home Office,South,Hyderabad,Clothing,Jeans,5,759.23,0.05,3606.34,792.44
ORD-12826,2024-06-01,2024-06-05,Same Day,Consumer,North,Chandigarh,Clothing,T-Shirt,2,3449.32,0.3,4829.05,-1131.69
ORD-12827,2024-01-12,2024-01-15,Same Day,Consumer,West,Ahmedabad,Home & Kitchen,Non-stick Pan,5,5928.18,0.0,29640.9,5487.13
ORD-12828,2024-04-21,2024-04-26,Express,Consumer,South,Bengaluru,Electronics,Smartphone,6,11366.52,0.0,68199.12,-10639.73
ORD-12829,2025-11-15,2025-11-19,Express,Home Office,North,Chandigarh,Electronics,Headphones,4,28010.27,0.3,78428.76,6195.5
ORD-12830,2024-10-08,2024-10-13,Same Day,Consumer,West,Pune,Clothing,Jacket,1,1583.21,0.0,1583.21,308.99
ORD-12831,2024-06-07,2024-06-11,Express,Corporate,West,Surat,Groceries,Atta 5kg,5,509.08,0.0,2545.4,614.98
ORD-12832,2024-08-18,2024-08-22,Standard,Corporate,South,Chennai,Clothing,Formal Shirt,2,2875.4,0.0,5750.8,-522.96
ORD-12833,2024-07-31,2024-08-04,Same Day,Corporate,North,Chandigarh,Groceries,Tea 500g,3,560.94,0.0,1682.82,267.7
ORD-12834,2025-05-05,2025-05-08,Express,Corporate,West,Ahmedabad,Electronics,Laptop,3,3769.77,0.0,11309.31,991.78
ORD-12835,2025-08-17,2025-08-22,Express,Corporate,South,Hyderabad,Home & Kitchen,Water Bottle,7,2173.78,0.0,15216.46,-2794.85
ORD-12836,2024-02-20,2024-02-22,Same Day,Home Office,East,Bhubaneswar,Groceries,Rice 5kg,7,325.39,0.0,2277.73,473.76
ORD-12837,2025-10-09,2025-10-14,Express,Corporate,West,Surat,Home & Kitchen,Non-stick Pan,2,2257.66,0.3,3160.72,520.71
ORD-12838,2024-03-31,2024-04-01,Standard,Corporate,West,Mumbai,Furniture,Sofa,2,9421.03,0.0,18842.06,925.05
ORD-12839,2025-06-27,2025-06-30,Standard,Corporate,North,Delhi,Electronics,Laptop,2,8866.11,0.15,15072.39,2517.12
ORD-12840,2025-12-16,2025-12-18,Standard,Corporate,South,Hyderabad,Clothing,Jeans,5,3244.13,0.0,16220.65,3521.57
ORD-12841,2024-07-31,2024-08-05,Express,Corporate,South,Coimbatore,Home & Kitchen,Mixer Grinder,4,5425.22,0.2,17360.7,1735.67
ORD-12842,2024-02-16,2024-02-20,Standard,Home Office,East,Guwahati,Home & Kitchen,Water Bottle,4,1654.59,0.0,6618.36,1224.92
ORD-12843,2025-02-24,2025-02-26,Standard,Home Office,South,Hyderabad,Furniture,Office Chair,4,23978.84,0.2,76732.29,-14187.59
ORD-12844,2024-10-27,2024-10-29,Express,Consumer,West,Pune,Groceries,Atta 5kg,6,387.67,0.0,2326.02,-517.24
ORD-12845,2025-04-20,2025-04-23,Express,Corporate,East,Guwahati,Home & Kitchen,Storage Box,6,3177.54,0.0,19065.24,-4405.56
ORD-12846,2025-08-14,2025-08-20,Same Day,Home Office,South,Chennai,Furniture,Office Chair,2,18304.07,0.2,29286.51,6060.08
ORD-12847,2025-10-06,2025-10-07,Same Day,Corporate,East,Kolkata,Groceries,Cooking Oil 1L,4,312.15,0.0,1248.6,94.66
ORD-12848,2025-05-24,2025-05-28,Same Day,Home Office,East,Kolkata,Groceries,Tea 500g,6,257.02,0.2,1233.7,-352.42
ORD-12849,2024-10-20,2024-10-24,Standard,Corporate,West,Mumbai,Electronics,Smartwatch,2,28382.21,0.0,56764.42,12118.21
ORD-12850,2024-09-24,2024-09-27,Express,Consumer,East,Kolkata,Home & Kitchen,Non-stick Pan,2,2149.7,0.1,3869.46,-1064.92
ORD-12851,2025-10-23,2025-10-28,Same Day,Home Office,North,Lucknow,Home & Kitchen,Mixer Grinder,1,5328.38,0.2,4262.7,-841.76
ORD-12852,2024-10-19,2024-10-22,Same Day,Home Office,South,Bengaluru,Electronics,Smartphone,7,58381.8,0.0,408672.6,70802.73
ORD-12853,2024-01-04,2024-01-10,Express,Consumer,South,Chennai,Furniture,Bookshelf,1,22582.23,0.1,20324.01,3879.38
ORD-12854,2025-07-01,2025-07-05,Express,Home Office,West,Surat,Electronics,Smartphone,5,27829.17,0.0,139145.85,15303.75
ORD-12855,2025-05-31,2025-06-03,Express,Consumer,North,Chandigarh,Electronics,Smartwatch,1,23614.61,0.15,20072.42,2710.41
ORD-12856,2025-05-12,2025-05-18,Standard,Corporate,South,Coimbatore,Home & Kitchen,LED Bulb,4,5719.25,0.2,18301.6,3075.82
ORD-12857,2025-10-09,2025-10-13,Same Day,Home Office,West,Surat,Electronics,Laptop,4,55651.78,0.0,222607.12,-18051.01
ORD-12858,2024-07-10,2024-07-15,Same Day,Consumer,North,Lucknow,Electronics,Tablet,1,54628.57,0.0,54628.57,7348.74
ORD-12859,2025-12-28,2025-12-31,Same Day,Corporate,North,Lucknow,Home & Kitchen,Non-stick Pan,2,846.38,0.2,1354.21,188.19
ORD-12860,2024-09-15,2024-09-19,Standard,Corporate,East,Kolkata,Groceries,Rice 5kg,4,87.86,0.0,351.44,82.41
ORD-12861,2025-12-03,2025-12-07,Express,Consumer,West,Pune,Groceries,Snacks Pack,7,161.13,0.3,789.54,-153.51
ORD-12862,2024-08-25,2024-08-31,Express,Consumer,South,Bengaluru,Furniture,Bed Frame,2,4686.66,0.2,7498.66,574.26
ORD-12863,2024-06-05,2024-06-09,Same Day,Home Office,West,Surat,Clothing,Formal Shirt,2,2299.03,0.1,4138.25,1164.81
ORD-12864,2025-11-19,2025-11-21,Express,Home Office,North,Lucknow,Electronics,Headphones,5,39721.86,0.0,198609.3,-37309.05
ORD-12865,2024-08-02,2024-08-04,Standard,Home Office,South,Hyderabad,Furniture,Bed Frame,7,24050.64,0.0,168354.48,8004.68
ORD-12866,2025-01-13,2025-01-17,Same Day,Corporate,North,Lucknow,Groceries,Rice 5kg,3,354.69,0.2,851.26,-131.26
ORD-12867,2024-06-29,2024-07-01,Express,Consumer,West,Surat,Furniture,Sofa,3,22860.82,0.05,65153.34,18571.79
ORD-12868,2024-08-26,2024-08-27,Same Day,Home Office,East,Bhubaneswar,Electronics,Laptop,4,31332.19,0.0,125328.76,10214.7
ORD-12869,2025-10-28,2025-11-01,Express,Consumer,East,Patna,Furniture,Bed Frame,2,5674.76,0.2,9079.62,2074.48
ORD-12870,2025-01-10,2025-01-15,Standard,Corporate,East,Bhubaneswar,Electronics,Tablet,3,30828.42,0.15,78612.47,4578.76
ORD-12871,2024-04-09,2024-04-12,Standard,Consumer,North,Delhi,Electronics,Headphones,1,45221.66,0.3,31655.16,-6814.22
ORD-12872,2024-03-07,2024-03-10,Standard,Consumer,North,Lucknow,Furniture,Study Table,7,13442.5,0.3,65868.25,18680.81
ORD-12873,2025-08-25,2025-08-27,Express,Home Office,West,Ahmedabad,Furniture,Office Chair,6,16305.54,0.1,88049.92,-22994.24
ORD-12874,2024-11-24,2024-11-30,Express,Consumer,South,Hyderabad,Electronics,Smartphone,3,11510.32,0.05,32804.41,7067.88
ORD-12875,2024-09-10,2024-09-13,Same Day,Consumer,South,Chennai,Electronics,Smartwatch,2,56918.3,0.05,108144.77,25788.88
ORD-12876,2025-04-10,2025-04-12,Standard,Corporate,South,Coimbatore,Home & Kitchen,LED Bulb,5,922.45,0.2,3689.8,334.38
ORD-12877,2025-10-04,2025-10-06,Standard,Corporate,North,Lucknow,Groceries,Snacks Pack,4,495.98,0.2,1587.14,-251.03
ORD-12878,2024-01-12,2024-01-18,Same Day,Consumer,West,Surat,Electronics,Laptop,4,39458.74,0.0,157834.96,-27723.35
ORD-12879,2025-09-13,2025-09-16,Express,Consumer,North,Jaipur,Home & Kitchen,Non-stick Pan,7,3620.41,0.0,25342.87,-5966.78
ORD-12880,2024-02-24,2024-02-26,Standard,Corporate,North,Chandigarh,Electronics,Smartphone,1,16462.07,0.3,11523.45,856.06
ORD-12881,2025-11-02,2025-11-07,Express,Corporate,South,Chennai,Furniture,Bookshelf,3,21007.19,0.0,63021.57,12512.57
ORD-12882,2024-12-13,2024-12-14,Same Day,Corporate,North,Chandigarh,Furniture,Study Table,4,15114.23,0.0,60456.92,6505.35
ORD-12883,2025-01-02,2025-01-03,Express,Corporate,North,Chandigarh,Electronics,Headphones,5,21485.36,0.05,102055.46,13076.89
ORD-12884,2025-11-05,2025-11-08,Same Day,Corporate,West,Ahmedabad,Clothing,Formal Shirt,5,924.87,0.15,3930.7,659.17
ORD-12885,2025-03-28,2025-03-31,Express,Consumer,North,Chandigarh,Electronics,Headphones,1,37536.79,0.1,33783.11,2693.98
ORD-12886,2025-12-22,2025-12-28,Express,Consumer,West,Mumbai,Furniture,Study Table,5,2977.19,0.1,13397.36,3785.58
ORD-12887,2024-02-24,2024-02-29,Standard,Home Office,West,Surat,Furniture,Sofa,1,21286.83,0.0,21286.83,3271.47
ORD-12888,2025-02-07,2025-02-10,Express,Home Office,South,Bengaluru,Furniture,Sofa,3,13739.73,0.3,28853.43,4296.71
ORD-12889,2024-09-30,2024-10-04,Standard,Consumer,East,Bhubaneswar,Clothing,Jeans,5,1283.62,0.1,5776.29,1672.58
ORD-12890,2025-01-25,2025-01-28,Standard,Home Office,West,Pune,Groceries,Tea 500g,6,566.1,0.0,3396.6,-703.12
ORD-12891,2025-04-20,2025-04-23,Express,Consumer,South,Chennai,Electronics,Smartwatch,2,27919.04,0.2,44670.46,5423.04
ORD-12892,2024-05-21,2024-05-22,Same Day,Consumer,East,Kolkata,Electronics,Laptop,4,51777.18,0.0,207108.72,53850.59
ORD-12893,2024-08-24,2024-08-25,Same Day,Consumer,South,Coimbatore,Clothing,Jacket,1,726.03,0.0,726.03,-90.47
ORD-12894,2025-10-07,2025-10-08,Standard,Home Office,West,Pune,Home & Kitchen,Water Bottle,2,1370.66,0.0,2741.32,-493.19
ORD-12895,2024-01-12,2024-01-17,Same Day,Consumer,South,Chennai,Groceries,Tea 500g,1,107.94,0.0,107.94,23.06
ORD-12896,2024-12-08,2024-12-14,Standard,Home Office,East,Guwahati,Groceries,Atta 5kg,2,206.5,0.0,413.0,-96.71
ORD-12897,2025-09-07,2025-09-13,Standard,Home Office,East,Kolkata,Home & Kitchen,LED Bulb,4,2899.31,0.0,11597.24,3288.77
ORD-12898,2024-06-07,2024-06-13,Express,Corporate,West,Pune,Groceries,Rice 5kg,1,414.37,0.15,352.21,35.91
ORD-12899,2025-08-18,2025-08-20,Standard,Consumer,North,Delhi,Clothing,Sneakers,7,3294.72,0.1,20756.74,2315.32
ORD-12900,2025-03-22,2025-03-24,Standard,Home Office,South,Chennai,Clothing,T-Shirt,5,3087.69,0.0,15438.45,-1460.4
ORD-12901,2025-07-13,2025-07-19,Same Day,Consumer,South,Bengaluru,Home & Kitchen,Mixer Grinder,1,2819.94,0.0,2819.94,214.0
ORD-12902,2025-01-22,2025-01-27,Standard,Corporate,South,Chennai,Clothing,Jeans,1,1388.29,0.1,1249.46,252.21
ORD-12903,2024-11-04,2024-11-10,Express,Corporate,South,Hyderabad,Clothing,Jeans,1,2666.49,0.2,2133.19,-256.64
ORD-12904,2025-06-24,2025-06-28,Same Day,Corporate,West,Pune,Groceries,Cooking Oil 1L,1,172.37,0.15,146.51,17.36
ORD-12905,2024-08-13,2024-08-15,Express,Consumer,East,Patna,Home & Kitchen,LED Bulb,3,1073.26,0.15,2736.81,-408.49
ORD-12906,2025-10-25,2025-10-30,Same Day,Consumer,West,Mumbai,Electronics,Tablet,6,51752.96,0.3,217362.43,-14682.51
ORD-12907,2025-06-27,2025-06-29,Standard,Consumer,West,Ahmedabad,Home & Kitchen,Mixer Grinder,4,470.98,0.15,1601.33,280.19
ORD-12908,2025-10-03,2025-10-07,Express,Home Office,South,Coimbatore,Groceries,Cooking Oil 1L,2,355.26,0.05,674.99,185.05
ORD-12909,2025-06-18,2025-06-23,Same Day,Consumer,East,Bhubaneswar,Furniture,Bookshelf,3,11744.42,0.15,29948.27,4695.18
ORD-12910,2025-11-05,2025-11-09,Express,Corporate,East,Kolkata,Home & Kitchen,Non-stick Pan,3,2749.67,0.1,7424.11,-1147.74
ORD-12911,2024-02-26,2024-03-01,Express,Consumer,South,Hyderabad,Furniture,Bed Frame,3,10242.76,0.1,27655.45,5982.64
ORD-12912,2024-12-03,2024-12-04,Standard,Consumer,East,Kolkata,Electronics,Smartphone,2,38078.97,0.15,64734.25,2908.17
ORD-12913,2024-07-06,2024-07-09,Standard,Home Office,East,Guwahati,Home & Kitchen,Mixer Grinder,5,5612.72,0.05,26660.42,6205.89
ORD-12914,2024-10-19,2024-10-24,Express,Consumer,North,Delhi,Furniture,Bookshelf,5,17221.91,0.0,86109.55,-6909.17
ORD-12915,2024-09-03,2024-09-05,Standard,Consumer,West,Pune,Furniture,Office Chair,1,12103.64,0.2,9682.91,2226.14
ORD-12916,2024-04-01,2024-04-06,Standard,Home Office,South,Coimbatore,Furniture,Office Chair,5,17276.24,0.2,69104.96,13523.19
ORD-12917,2025-03-22,2025-03-26,Same Day,Corporate,North,Lucknow,Furniture,Study Table,6,16628.79,0.0,99772.74,19870.08
ORD-12918,2024-03-14,2024-03-15,Express,Home Office,West,Mumbai,Electronics,Headphones,2,31192.61,0.1,56146.7,5346.19
ORD-12919,2024-10-26,2024-10-27,Same Day,Consumer,East,Patna,Groceries,Rice 5kg,7,356.37,0.0,2494.59,493.41
ORD-12920,2025-04-24,2025-04-26,Standard,Corporate,West,Surat,Home & Kitchen,Non-stick Pan,4,752.62,0.15,2558.91,-584.99
ORD-12921,2025-03-10,2025-03-13,Express,Consumer,West,Ahmedabad,Groceries,Rice 5kg,4,221.68,0.05,842.38,165.4
ORD-12922,2025-01-25,2025-01-28,Express,Home Office,North,Jaipur,Clothing,Jacket,5,520.02,0.0,2600.1,585.6
ORD-12923,2025-01-09,2025-01-11,Standard,Consumer,North,Jaipur,Furniture,Study Table,1,14447.38,0.0,14447.38,3111.46
ORD-12924,2024-07-19,2024-07-24,Same Day,Corporate,North,Jaipur,Furniture,Bed Frame,3,24948.78,0.0,74846.34,12297.4
ORD-12925,2024-03-04,2024-03-07,Standard,Consumer,West,Surat,Clothing,T-Shirt,5,687.36,0.15,2921.28,602.25
ORD-12926,2025-04-26,2025-05-01,Express,Corporate,South,Bengaluru,Electronics,Headphones,4,32380.97,0.1,116571.49,17778.32
ORD-12927,2024-05-05,2024-05-08,Express,Corporate,East,Bhubaneswar,Clothing,T-Shirt,6,1593.8,0.0,9562.8,1195.08
ORD-12928,2024-06-26,2024-06-27,Same Day,Home Office,West,Mumbai,Groceries,Snacks Pack,6,516.68,0.1,2790.07,638.32
ORD-12929,2024-11-21,2024-11-23,Express,Home Office,North,Chandigarh,Furniture,Bookshelf,1,4408.34,0.0,4408.34,-1155.64
ORD-12930,2024-06-03,2024-06-09,Same Day,Corporate,North,Jaipur,Home & Kitchen,Storage Box,6,5931.33,0.05,33808.58,3261.01
ORD-12931,2024-01-03,2024-01-04,Standard,Consumer,West,Mumbai,Electronics,Headphones,7,56579.0,0.2,316842.4,22035.2
ORD-12932,2025-10-31,2025-11-06,Express,Corporate,East,Bhubaneswar,Home & Kitchen,Storage Box,4,2782.94,0.15,9462.0,1158.37
ORD-12933,2025-11-05,2025-11-08,Standard,Home Office,North,Jaipur,Clothing,Jeans,1,1783.32,0.0,1783.32,243.35
ORD-12934,2025-01-19,2025-01-25,Standard,Corporate,East,Bhubaneswar,Groceries,Snacks Pack,2,351.5,0.2,562.4,-69.94
ORD-12935,2025-07-02,2025-07-06,Same Day,Corporate,East,Kolkata,Home & Kitchen,Non-stick Pan,1,2467.52,0.15,2097.39,423.2
ORD-12936,2025-01-10,2025-01-14,Same Day,Home Office,East,Guwahati,Electronics,Smartwatch,3,57333.95,0.2,137601.48,24694.46
ORD-12937,2024-10-22,2024-10-28,Standard,Home Office,South,Bengaluru,Home & Kitchen,Storage Box,6,5598.45,0.15,28552.09,5491.13
ORD-12938,2024-07-21,2024-07-22,Same Day,Home Office,East,Patna,Groceries,Snacks Pack,4,117.83,0.0,471.32,-117.27
ORD-12939,2025-08-02,2025-08-04,Express,Corporate,North,Lucknow,Home & Kitchen,Storage Box,5,2428.5,0.0,12142.5,-1720.47
ORD-12940,2024-06-13,2024-06-17,Standard,Corporate,East,Guwahati,Home & Kitchen,Water Bottle,5,1599.86,0.0,7999.3,492.14
ORD-12941,2025-07-03,2025-07-07,Express,Home Office,South,Hyderabad,Groceries,Tea 500g,7,366.9,0.1,2311.47,222.69
ORD-12942,2024-05-10,2024-05-13,Standard,Consumer,West,Ahmedabad,Clothing,Jacket,5,1555.18,0.05,7387.1,1162.97
ORD-12943,2024-08-28,2024-08-29,Standard,Corporate,West,Surat,Groceries,Snacks Pack,2,154.19,0.15,262.12,73.07
ORD-12944,2025-07-27,2025-07-30,Standard,Home Office,East,Bhubaneswar,Groceries,Snacks Pack,3,524.12,0.2,1257.89,262.71
ORD-12945,2024-04-11,2024-04-17,Express,Consumer,East,Kolkata,Home & Kitchen,Water Bottle,3,2554.57,0.1,6897.34,-1694.4
ORD-12946,2025-09-17,2025-09-23,Same Day,Consumer,South,Bengaluru,Furniture,Bed Frame,2,22247.58,0.2,35596.13,4739.46
ORD-12947,2025-05-13,2025-05-19,Same Day,Home Office,West,Ahmedabad,Groceries,Rice 5kg,1,563.02,0.3,394.11,81.44
ORD-12948,2024-05-12,2024-05-13,Express,Consumer,East,Bhubaneswar,Electronics,Headphones,1,40862.08,0.2,32689.66,1882.58
ORD-12949,2024-04-20,2024-04-25,Standard,Corporate,East,Patna,Clothing,Sneakers,6,2552.44,0.0,15314.64,3219.86
ORD-12950,2025-02-09,2025-02-12,Same Day,Corporate,South,Hyderabad,Home & Kitchen,Storage Box,5,816.59,0.15,3470.51,597.63
ORD-12951,2025-09-04,2025-09-07,Same Day,Corporate,South,Hyderabad,Furniture,Office Chair,2,2139.28,0.05,4064.63,-1188.29
ORD-12952,2024-04-11,2024-04-16,Express,Home Office,West,Surat,Groceries,Atta 5kg,6,409.98,0.15,2090.9,464.11
ORD-12953,2024-06-09,2024-06-14,Express,Consumer,South,Chennai,Home & Kitchen,Storage Box,7,2006.38,0.0,14044.66,887.91
ORD-12954,2025-01-14,2025-01-15,Express,Corporate,North,Jaipur,Home & Kitchen,LED Bulb,3,532.67,0.0,1598.01,-282.32
ORD-12955,2025-02-11,2025-02-14,Express,Consumer,West,Mumbai,Furniture,Bookshelf,4,22402.98,0.05,85131.32,17260.76
ORD-12956,2025-11-20,2025-11-25,Same Day,Corporate,West,Ahmedabad,Clothing,Formal Shirt,3,1303.91,0.0,3911.73,144.05
ORD-12957,2025-08-26,2025-08-28,Express,Home Office,North,Jaipur,Electronics,Headphones,1,33324.32,0.0,33324.32,-4340.69
ORD-12958,2025-05-18,2025-05-22,Same Day,Home Office,East,Guwahati,Clothing,Jeans,2,2225.69,0.0,4451.38,861.49
ORD-12959,2025-08-18,2025-08-21,Same Day,Home Office,West,Mumbai,Groceries,Rice 5kg,4,229.34,0.0,917.36,111.27
ORD-12960,2025-10-20,2025-10-23,Express,Consumer,East,Bhubaneswar,Home & Kitchen,LED Bulb,5,1466.9,0.0,7334.5,-843.58
ORD-12961,2025-01-27,2025-01-30,Standard,Consumer,East,Guwahati,Groceries,Snacks Pack,3,343.06,0.0,1029.18,147.56
ORD-12962,2024-08-30,2024-09-03,Same Day,Corporate,West,Surat,Clothing,Jeans,7,1082.47,0.0,7577.29,506.88
ORD-12963,2024-11-14,2024-11-19,Standard,Consumer,South,Hyderabad,Clothing,Formal Shirt,7,3462.48,0.15,20601.76,2717.0
ORD-12964,2024-11-21,2024-11-26,Express,Consumer,East,Patna,Home & Kitchen,LED Bulb,2,2484.93,0.05,4721.37,274.7
ORD-12965,2024-10-03,2024-10-07,Same Day,Consumer,North,Chandigarh,Groceries,Atta 5kg,6,589.74,0.3,2476.91,718.14
ORD-12966,2025-09-19,2025-09-24,Standard,Corporate,North,Jaipur,Clothing,Sneakers,7,3210.65,0.0,22474.55,2127.29
ORD-12967,2025-04-15,2025-04-21,Express,Consumer,South,Coimbatore,Home & Kitchen,Non-stick Pan,6,3737.43,0.2,17939.66,3698.89
ORD-12968,2024-06-28,2024-07-01,Standard,Corporate,South,Bengaluru,Home & Kitchen,LED Bulb,1,874.1,0.3,611.87,115.6
ORD-12969,2024-08-31,2024-09-06,Same Day,Consumer,North,Jaipur,Electronics,Smartwatch,3,42222.42,0.1,114000.53,10653.69
ORD-12970,2024-10-06,2024-10-08,Same Day,Home Office,South,Chennai,Home & Kitchen,Mixer Grinder,4,4985.27,0.3,13958.76,1615.85
ORD-12971,2024-05-21,2024-05-27,Standard,Home Office,West,Mumbai,Groceries,Snacks Pack,1,179.3,0.3,125.51,6.77
ORD-12972,2025-11-25,2025-12-01,Express,Corporate,South,Bengaluru,Electronics,Tablet,1,1597.37,0.1,1437.63,-270.4
ORD-12973,2024-05-16,2024-05-22,Express,Corporate,South,Bengaluru,Groceries,Snacks Pack,2,325.82,0.0,651.64,120.73
ORD-12974,2025-05-29,2025-06-03,Same Day,Home Office,West,Mumbai,Electronics,Laptop,3,35679.25,0.0,107037.75,30547.71
ORD-12975,2025-03-20,2025-03-23,Same Day,Consumer,North,Delhi,Clothing,Jacket,7,1834.46,0.0,12841.22,1039.83
ORD-12976,2025-05-21,2025-05-27,Same Day,Home Office,West,Ahmedabad,Groceries,Cooking Oil 1L,7,483.22,0.0,3382.54,1063.02
ORD-12977,2024-11-30,2024-12-02,Same Day,Consumer,East,Patna,Furniture,Bookshelf,6,5210.95,0.0,31265.7,3889.24
ORD-12978,2025-05-05,2025-05-07,Standard,Home Office,North,Chandigarh,Furniture,Bookshelf,5,24240.63,0.3,84842.2,16430.4
ORD-12979,2024-08-31,2024-09-02,Standard,Consumer,South,Bengaluru,Groceries,Atta 5kg,6,182.88,0.2,877.82,-176.94
ORD-12980,2024-01-17,2024-01-19,Express,Consumer,West,Ahmedabad,Clothing,Sneakers,1,1751.65,0.0,1751.65,60.58
ORD-12981,2024-09-12,2024-09-13,Standard,Consumer,East,Kolkata,Home & Kitchen,Mixer Grinder,7,5316.33,0.15,31632.16,2974.45
ORD-12982,2024-04-22,2024-04-25,Same Day,Consumer,South,Coimbatore,Furniture,Bookshelf,5,8534.51,0.0,42672.55,2309.17
ORD-12983,2024-02-25,2024-02-26,Same Day,Corporate,North,Jaipur,Clothing,Formal Shirt,7,3404.1,0.15,20254.4,3054.06
ORD-12984,2025-11-07,2025-11-12,Standard,Consumer,East,Patna,Groceries,Snacks Pack,7,501.49,0.1,3159.39,681.45
ORD-12985,2025-06-16,2025-06-21,Express,Consumer,West,Ahmedabad,Electronics,Tablet,6,32232.6,0.0,193395.6,34318.12
ORD-12986,2025-10-18,2025-10-21,Express,Home Office,West,Pune,Electronics,Headphones,4,44580.39,0.0,178321.56,29387.34
ORD-12987,2024-06-02,2024-06-04,Standard,Consumer,West,Mumbai,Clothing,Jacket,5,1384.42,0.05,6576.0,505.92
ORD-12988,2024-02-28,2024-03-01,Express,Consumer,West,Mumbai,Clothing,Jacket,5,1692.79,0.1,7617.56,1729.35
ORD-12989,2025-04-23,2025-04-26,Standard,Consumer,South,Coimbatore,Groceries,Atta 5kg,7,377.99,0.15,2249.04,-490.19
ORD-12990,2025-06-27,2025-06-30,Standard,Home Office,South,Hyderabad,Groceries,Snacks Pack,6,372.18,0.0,2233.08,257.92
ORD-12991,2024-08-30,2024-09-01,Express,Consumer,West,Pune,Clothing,Jeans,1,2980.22,0.2,2384.18,419.57
ORD-12992,2024-11-27,2024-12-01,Same Day,Consumer,South,Hyderabad,Groceries,Atta 5kg,5,210.1,0.0,1050.5,222.5
ORD-12993,2025-05-22,2025-05-23,Same Day,Corporate,South,Coimbatore,Clothing,Jeans,2,776.84,0.0,1553.68,270.04
ORD-12994,2025-07-07,2025-07-08,Same Day,Consumer,West,Mumbai,Home & Kitchen,Non-stick Pan,5,2971.17,0.15,12627.47,-1686.88
ORD-12995,2025-06-07,2025-06-08,Express,Home Office,West,Mumbai,Furniture,Bed Frame,1,22818.57,0.2,18254.86,-1909.93
ORD-12996,2024-03-24,2024-03-25,Same Day,Home Office,North,Chandigarh,Furniture,Bookshelf,5,5737.12,0.0,28685.6,6264.59
ORD-12997,2025-08-06,2025-08-09,Same Day,Corporate,East,Guwahati,Electronics,Headphones,2,41974.51,0.1,75554.12,3333.2
ORD-12998,2024-11-06,2024-11-12,Same Day,Corporate,East,Bhubaneswar,Electronics,Headphones,1,35320.01,0.0,35320.01,6610.69
ORD-12999,2025-06-05,2025-06-07,Express,Consumer,West,Surat,Electronics,Smartwatch,5,44028.53,0.05,209135.52,27752.76
ORD-13000,2025-10-15,2025-10-19,Same Day,Home Office,East,Guwahati,Clothing,Sneakers,5,2688.3,0.0,13441.5,990.19
ORD-13001,2025-05-26,2025-05-28,Same Day,Consumer,East,Patna,Groceries,Cooking Oil 1L,5,242.39,0.15,1030.16,-118.0
ORD-13002,2025-12-02,2025-12-04,Express,Consumer,South,Bengaluru,Home & Kitchen,Mixer Grinder,5,2547.82,0.0,12739.1,-938.84
ORD-13003,2025-01-21,2025-01-24,Same Day,Home Office,South,Hyderabad,Groceries,Rice 5kg,2,57.52,0.1,103.54,19.07
ORD-13004,2024-04-18,2024-04-21,Standard,Corporate,South,Hyderabad,Furniture,Sofa,4,6978.39,0.0,27913.56,-6010.42
ORD-13005,2025-06-24,2025-06-26,Standard,Home Office,West,Mumbai,Electronics,Smartwatch,6,36948.59,0.3,155184.08,-11201.15
ORD-13006,2024-10-06,2024-10-07,Same Day,Corporate,East,Guwahati,Clothing,T-Shirt,5,903.9,0.0,4519.5,360.04
ORD-13007,2025-04-26,2025-05-02,Same Day,Corporate,South,Coimbatore,Groceries,Tea 500g,5,553.09,0.15,2350.63,273.07
ORD-13008,2025-11-09,2025-11-11,Express,Consumer,East,Patna,Electronics,Smartphone,5,10015.97,0.1,45071.86,-7674.03
ORD-13009,2025-02-26,2025-03-01,Standard,Corporate,North,Delhi,Clothing,T-Shirt,3,1334.53,0.0,4003.59,333.32
ORD-13010,2024-06-13,2024-06-19,Same Day,Consumer,South,Bengaluru,Clothing,Sneakers,1,2426.94,0.1,2184.25,-364.28
ORD-13011,2024-10-23,2024-10-26,Express,Home Office,South,Hyderabad,Home & Kitchen,Storage Box,7,5450.3,0.3,26706.47,3685.44
ORD-13012,2024-03-16,2024-03-19,Express,Corporate,West,Ahmedabad,Home & Kitchen,Non-stick Pan,7,3046.26,0.0,21323.82,4904.04
ORD-13013,2024-02-26,2024-02-29,Standard,Home Office,East,Patna,Electronics,Smartwatch,7,3243.5,0.2,18163.6,3064.84
ORD-13014,2024-09-04,2024-09-05,Express,Consumer,West,Ahmedabad,Electronics,Tablet,1,6579.2,0.2,5263.36,920.3
ORD-13015,2024-07-04,2024-07-09,Standard,Consumer,East,Patna,Groceries,Tea 500g,4,389.26,0.05,1479.19,-207.03
ORD-13016,2025-03-27,2025-03-31,Standard,Consumer,South,Bengaluru,Home & Kitchen,Mixer Grinder,1,2199.3,0.0,2199.3,597.16
ORD-13017,2024-08-09,2024-08-14,Same Day,Home Office,North,Chandigarh,Home & Kitchen,Non-stick Pan,6,5417.2,0.2,26002.56,4206.51
ORD-13018,2024-02-06,2024-02-08,Same Day,Corporate,West,Surat,Electronics,Headphones,1,16730.96,0.3,11711.67,-1516.09
ORD-13019,2025-03-21,2025-03-26,Same Day,Corporate,South,Chennai,Clothing,Formal Shirt,2,2600.96,0.1,4681.73,-948.74
ORD-13020,2025-07-05,2025-07-08,Express,Home Office,East,Bhubaneswar,Groceries,Rice 5kg,6,352.21,0.0,2113.26,-592.11
ORD-13021,2025-02-09,2025-02-14,Same Day,Corporate,West,Ahmedabad,Clothing,Jeans,6,744.05,0.2,3571.44,-473.92
ORD-13022,2024-03-24,2024-03-29,Same Day,Home Office,East,Patna,Furniture,Study Table,6,19032.66,0.15,97066.57,16297.92
ORD-13023,2024-06-06,2024-06-08,Express,Corporate,North,Chandigarh,Electronics,Smartphone,5,34928.44,0.3,122249.54,26314.75
ORD-13024,2025-05-12,2025-05-18,Express,Home Office,East,Patna,Electronics,Smartphone,4,6236.52,0.0,24946.08,-3029.18
ORD-13025,2024-07-08,2024-07-14,Standard,Home Office,West,Mumbai,Furniture,Sofa,3,16202.36,0.05,46176.73,2800.09
ORD-13026,2025-03-31,2025-04-02,Standard,Home Office,West,Surat,Home & Kitchen,LED Bulb,3,5505.03,0.3,11560.56,1997.83
ORD-13027,2024-01-22,2024-01-27,Same Day,Consumer,North,Lucknow,Groceries,Cooking Oil 1L,1,333.26,0.1,299.93,10.9
ORD-13028,2025-01-18,2025-01-23,Express,Corporate,East,Patna,Furniture,Bookshelf,6,19218.11,0.0,115308.66,-22351.42
ORD-13029,2024-10-16,2024-10-21,Same Day,Corporate,West,Ahmedabad,Furniture,Bookshelf,2,23130.95,0.15,39322.62,3747.9
ORD-13030,2024-06-25,2024-06-27,Express,Home Office,South,Bengaluru,Groceries,Cooking Oil 1L,4,103.43,0.0,413.72,67.73
ORD-13031,2024-12-07,2024-12-09,Express,Home Office,South,Chennai,Furniture,Study Table,1,9193.51,0.15,7814.48,1295.96
ORD-13032,2024-02-27,2024-03-04,Same Day,Consumer,East,Guwahati,Groceries,Rice 5kg,1,435.08,0.3,304.56,-30.51
ORD-13033,2025-12-05,2025-12-06,Same Day,Consumer,East,Guwahati,Furniture,Bookshelf,5,9312.91,0.2,37251.64,-1971.11
ORD-13034,2024-02-09,2024-02-13,Same Day,Consumer,East,Guwahati,Furniture,Bookshelf,6,2611.18,0.1,14100.37,2184.52
ORD-13035,2025-01-07,2025-01-09,Express,Consumer,West,Pune,Electronics,Laptop,1,58292.24,0.0,58292.24,-10046.04
ORD-13036,2024-03-09,2024-03-14,Same Day,Home Office,East,Patna,Clothing,Jacket,3,1066.74,0.0,3200.22,261.33
ORD-13037,2024-09-04,2024-09-09,Standard,Home Office,North,Lucknow,Home & Kitchen,Storage Box,5,2938.9,0.0,14694.5,979.16
ORD-13038,2024-06-11,2024-06-14,Standard,Corporate,North,Lucknow,Clothing,Jacket,1,828.7,0.0,828.7,50.43
ORD-13039,2024-08-13,2024-08-19,Express,Corporate,North,Lucknow,Electronics,Laptop,2,8364.19,0.0,16728.38,1328.85
ORD-13040,2024-12-29,2024-12-30,Standard,Home Office,East,Kolkata,Home & Kitchen,LED Bulb,7,3456.51,0.0,24195.57,4693.9
ORD-13041,2024-11-18,2024-11-21,Same Day,Consumer,South,Coimbatore,Furniture,Office Chair,6,17239.1,0.3,72404.22,-7315.36
ORD-13042,2025-02-19,2025-02-22,Same Day,Home Office,West,Pune,Home & Kitchen,Water Bottle,7,1442.15,0.0,10095.05,1088.18
ORD-13043,2024-12-06,2024-12-07,Same Day,Consumer,South,Coimbatore,Furniture,Bed Frame,5,24706.64,0.1,111179.88,24073.63
ORD-13044,2024-12-31,2025-01-02,Same Day,Consumer,South,Bengaluru,Groceries,Atta 5kg,7,147.96,0.2,828.58,94.78
ORD-13045,2025-05-17,2025-05-21,Same Day,Consumer,North,Chandigarh,Home & Kitchen,LED Bulb,2,4265.44,0.3,5971.62,908.63
ORD-13046,2024-05-04,2024-05-05,Same Day,Home Office,North,Delhi,Groceries,Cooking Oil 1L,7,547.59,0.3,2683.19,-440.12
ORD-13047,2024-03-11,2024-03-12,Same Day,Home Office,North,Lucknow,Groceries,Cooking Oil 1L,6,518.98,0.2,2491.1,322.75
ORD-13048,2024-09-11,2024-09-14,Standard,Corporate,East,Bhubaneswar,Groceries,Atta 5kg,1,597.22,0.2,477.78,82.4
ORD-13049,2025-09-18,2025-09-22,Standard,Home Office,East,Bhubaneswar,Clothing,Jacket,1,747.08,0.1,672.37,79.35
ORD-13050,2024-10-29,2024-11-01,Standard,Corporate,East,Bhubaneswar,Electronics,Laptop,1,54127.55,0.0,54127.55,11581.07
ORD-13051,2025-06-11,2025-06-17,Standard,Home Office,East,Guwahati,Groceries,Atta 5kg,6,452.65,0.0,2715.9,232.8
ORD-13052,2025-12-08,2025-12-11,Same Day,Corporate,North,Lucknow,Electronics,Tablet,3,31195.61,0.0,93586.83,-17385.91
ORD-13053,2025-02-20,2025-02-23,Same Day,Home Office,West,Pune,Home & Kitchen,LED Bulb,3,3882.11,0.2,9317.06,-1445.58
ORD-13054,2024-07-30,2024-08-03,Express,Home Office,East,Patna,Groceries,Tea 500g,4,95.86,0.0,383.44,71.96
ORD-13055,2025-07-03,2025-07-05,Express,Home Office,North,Lucknow,Groceries,Cooking Oil 1L,3,204.16,0.2,489.98,51.54
ORD-13056,2024-04-21,2024-04-27,Same Day,Home Office,South,Chennai,Home & Kitchen,Storage Box,3,3779.85,0.0,11339.55,2073.05
ORD-13057,2024-09-06,2024-09-10,Standard,Home Office,West,Surat,Home & Kitchen,Mixer Grinder,6,1923.47,0.05,10963.78,2609.15
ORD-13058,2024-02-19,2024-02-25,Same Day,Corporate,West,Pune,Furniture,Bed Frame,2,7315.45,0.05,13899.36,2187.08
ORD-13059,2025-08-16,2025-08-20,Express,Consumer,East,Patna,Clothing,Jacket,3,2393.46,0.2,5744.3,721.2
ORD-13060,2024-03-17,2024-03-23,Same Day,Consumer,West,Pune,Furniture,Bed Frame,6,18872.42,0.0,113234.52,19856.5
ORD-13061,2024-04-18,2024-04-24,Express,Home Office,North,Chandigarh,Furniture,Bookshelf,3,13602.19,0.0,40806.57,4800.91
ORD-13062,2025-03-28,2025-04-02,Same Day,Home Office,South,Coimbatore,Groceries,Rice 5kg,1,358.85,0.0,358.85,-69.11
ORD-13063,2025-06-06,2025-06-12,Express,Consumer,South,Bengaluru,Home & Kitchen,Mixer Grinder,2,699.82,0.15,1189.69,216.85
ORD-13064,2025-01-05,2025-01-09,Same Day,Consumer,West,Mumbai,Home & Kitchen,Water Bottle,4,5817.33,0.05,22105.85,5978.63
ORD-13065,2024-11-24,2024-11-26,Standard,Home Office,East,Bhubaneswar,Groceries,Cooking Oil 1L,5,320.44,0.0,1602.2,-274.09
ORD-13066,2025-05-26,2025-05-28,Same Day,Corporate,South,Coimbatore,Groceries,Snacks Pack,4,495.77,0.15,1685.62,60.71
ORD-13067,2024-06-19,2024-06-21,Express,Corporate,North,Lucknow,Home & Kitchen,Mixer Grinder,6,3783.03,0.0,22698.18,-6979.49
ORD-13068,2025-04-12,2025-04-16,Same Day,Home Office,East,Guwahati,Furniture,Office Chair,4,15258.99,0.0,61035.96,11001.27
ORD-13069,2024-04-24,2024-04-28,Express,Corporate,North,Delhi,Groceries,Snacks Pack,4,572.93,0.3,1604.2,111.21
ORD-13070,2025-07-04,2025-07-05,Express,Consumer,West,Ahmedabad,Electronics,Smartphone,5,51705.87,0.0,258529.35,-45720.04
ORD-13071,2024-12-16,2024-12-21,Standard,Home Office,West,Surat,Home & Kitchen,Water Bottle,6,1979.61,0.0,11877.66,-1219.72
ORD-13072,2024-05-03,2024-05-09,Express,Consumer,West,Surat,Furniture,Bed Frame,6,6883.78,0.0,41302.68,9055.57
ORD-13073,2025-07-30,2025-08-02,Same Day,Home Office,North,Delhi,Clothing,Jeans,6,1352.36,0.0,8114.16,1621.74
ORD-13074,2024-09-05,2024-09-07,Same Day,Consumer,West,Mumbai,Electronics,Laptop,4,5057.11,0.3,14159.91,3920.7
ORD-13075,2025-05-10,2025-05-11,Same Day,Home Office,North,Jaipur,Groceries,Snacks Pack,7,321.38,0.2,1799.73,-265.48
ORD-13076,2025-11-30,2025-12-02,Express,Home Office,West,Mumbai,Electronics,Headphones,1,33805.9,0.15,28735.02,6378.35
ORD-13077,2025-03-13,2025-03-16,Express,Consumer,East,Kolkata,Furniture,Office Chair,7,7040.69,0.3,34499.38,-1824.39
ORD-13078,2025-10-09,2025-10-11,Express,Corporate,East,Patna,Furniture,Office Chair,1,21943.11,0.2,17554.49,2372.44
ORD-13079,2024-11-02,2024-11-04,Standard,Home Office,North,Delhi,Groceries,Cooking Oil 1L,7,106.96,0.3,524.1,-35.62
ORD-13080,2024-02-11,2024-02-17,Same Day,Home Office,East,Guwahati,Groceries,Atta 5kg,2,100.04,0.0,200.08,35.48
ORD-13081,2024-09-11,2024-09-13,Same Day,Corporate,East,Guwahati,Clothing,T-Shirt,5,3073.13,0.2,12292.52,3778.96
ORD-13082,2024-10-09,2024-10-13,Same Day,Home Office,South,Bengaluru,Clothing,Jacket,6,3202.51,0.0,19215.06,-2611.35
ORD-13083,2025-05-23,2025-05-29,Express,Home Office,South,Chennai,Clothing,Jeans,5,475.82,0.0,2379.1,510.24
ORD-13084,2025-08-13,2025-08-14,Express,Consumer,West,Pune,Groceries,Snacks Pack,7,257.62,0.0,1803.34,458.83
ORD-13085,2024-08-27,2024-08-30,Same Day,Home Office,North,Chandigarh,Clothing,Jacket,3,3404.3,0.1,9191.61,1110.43
ORD-13086,2024-04-14,2024-04-16,Standard,Home Office,West,Ahmedabad,Furniture,Office Chair,5,10094.0,0.1,45423.0,10905.07
ORD-13087,2025-05-20,2025-05-25,Express,Consumer,East,Kolkata,Home & Kitchen,Mixer Grinder,4,5040.98,0.15,17139.33,4036.6
ORD-13088,2025-09-15,2025-09-16,Express,Home Office,North,Delhi,Groceries,Tea 500g,7,283.36,0.2,1586.82,232.11
ORD-13089,2024-01-21,2024-01-23,Same Day,Home Office,North,Delhi,Electronics,Laptop,3,51563.61,0.1,139221.75,20243.4
ORD-13090,2025-07-27,2025-07-29,Standard,Consumer,North,Chandigarh,Home & Kitchen,LED Bulb,6,3107.7,0.15,15849.27,-1001.96
ORD-13091,2025-11-19,2025-11-23,Standard,Consumer,West,Mumbai,Groceries,Snacks Pack,7,324.63,0.0,2272.41,417.52
ORD-13092,2025-09-25,2025-09-26,Express,Home Office,East,Patna,Electronics,Smartwatch,4,8003.85,0.1,28813.86,-3057.25
ORD-13093,2024-01-27,2024-01-28,Standard,Home Office,North,Jaipur,Home & Kitchen,Mixer Grinder,5,5199.7,0.3,18198.95,3656.09
ORD-13094,2024-01-09,2024-01-14,Same Day,Home Office,West,Surat,Clothing,T-Shirt,3,2054.66,0.15,5239.38,-1569.41
ORD-13095,2025-07-30,2025-08-01,Standard,Home Office,West,Mumbai,Clothing,Jacket,1,2656.6,0.0,2656.6,447.85
ORD-13096,2024-11-01,2024-11-03,Standard,Corporate,South,Hyderabad,Furniture,Bookshelf,2,8920.15,0.0,17840.3,564.02
ORD-13097,2025-02-18,2025-02-21,Express,Home Office,West,Ahmedabad,Electronics,Smartwatch,1,54606.07,0.3,38224.25,8684.97
ORD-13098,2025-01-06,2025-01-11,Standard,Corporate,East,Guwahati,Home & Kitchen,Non-stick Pan,4,5781.67,0.1,20814.01,1067.32
ORD-13099,2025-07-21,2025-07-26,Same Day,Corporate,West,Pune,Furniture,Office Chair,6,10874.47,0.0,65246.82,-2355.62
ORD-13100,2025-04-23,2025-04-25,Same Day,Home Office,South,Hyderabad,Home & Kitchen,Mixer Grinder,1,4441.72,0.05,4219.63,263.52
ORD-13101,2025-07-25,2025-07-26,Express,Consumer,North,Jaipur,Groceries,Snacks Pack,3,581.85,0.1,1571.0,124.24
ORD-13102,2024-06-11,2024-06-12,Standard,Consumer,South,Coimbatore,Electronics,Headphones,4,19623.21,0.0,78492.84,-3899.02
ORD-13103,2025-09-20,2025-09-26,Standard,Consumer,East,Bhubaneswar,Electronics,Tablet,4,56664.03,0.3,158659.28,-31651.76
ORD-13104,2024-10-20,2024-10-23,Standard,Consumer,East,Kolkata,Furniture,Study Table,4,17590.3,0.05,66843.14,-13917.96
ORD-13105,2024-06-17,2024-06-22,Standard,Home Office,East,Bhubaneswar,Home & Kitchen,LED Bulb,2,2752.49,0.2,4403.98,1026.77
ORD-13106,2024-02-16,2024-02-17,Express,Corporate,West,Pune,Home & Kitchen,Water Bottle,6,3906.81,0.05,22268.82,4576.69
ORD-13107,2025-03-08,2025-03-09,Standard,Corporate,West,Ahmedabad,Electronics,Laptop,2,47314.27,0.3,66239.98,14203.5
ORD-13108,2024-09-24,2024-09-27,Standard,Corporate,North,Lucknow,Home & Kitchen,Water Bottle,2,4778.94,0.0,9557.88,-1428.08
ORD-13109,2024-09-12,2024-09-16,Same Day,Consumer,South,Chennai,Home & Kitchen,Mixer Grinder,3,4732.42,0.0,14197.26,826.12
ORD-13110,2025-06-14,2025-06-17,Standard,Home Office,South,Chennai,Furniture,Study Table,4,4235.59,0.0,16942.36,2427.65
ORD-13111,2025-09-30,2025-10-01,Same Day,Consumer,East,Patna,Home & Kitchen,Storage Box,1,377.6,0.05,358.72,86.64
ORD-13112,2024-01-04,2024-01-05,Standard,Corporate,West,Mumbai,Home & Kitchen,Storage Box,3,5458.58,0.05,15556.95,2859.39
ORD-13113,2024-09-13,2024-09-18,Standard,Home Office,North,Chandigarh,Electronics,Laptop,4,36932.72,0.15,125571.25,13009.86
ORD-13114,2025-09-05,2025-09-09,Express,Home Office,East,Patna,Groceries,Tea 500g,4,303.78,0.2,972.1,249.19
ORD-13115,2024-08-26,2024-08-31,Same Day,Consumer,South,Coimbatore,Groceries,Cooking Oil 1L,1,386.21,0.0,386.21,-24.77
ORD-13116,2024-08-28,2024-09-01,Standard,Consumer,South,Hyderabad,Home & Kitchen,LED Bulb,7,3360.66,0.0,23524.62,2217.04
ORD-13117,2024-03-04,2024-03-08,Standard,Home Office,South,Bengaluru,Furniture,Bookshelf,6,13531.08,0.3,56830.54,2653.74
ORD-13118,2025-07-08,2025-07-13,Same Day,Home Office,South,Coimbatore,Clothing,T-Shirt,5,1462.14,0.0,7310.7,-1193.96
ORD-13119,2024-03-22,2024-03-27,Express,Consumer,South,Bengaluru,Clothing,Jeans,4,812.02,0.0,3248.08,-205.6
ORD-13120,2025-12-01,2025-12-04,Express,Consumer,North,Delhi,Electronics,Tablet,3,20133.95,0.0,60401.85,-12416.14
ORD-13121,2025-11-01,2025-11-06,Express,Consumer,East,Patna,Furniture,Study Table,7,3937.19,0.0,27560.33,3500.33
ORD-13122,2024-07-28,2024-08-01,Same Day,Corporate,South,Hyderabad,Electronics,Headphones,1,28352.66,0.2,22682.13,7021.72
ORD-13123,2025-12-03,2025-12-08,Standard,Corporate,East,Bhubaneswar,Home & Kitchen,Mixer Grinder,7,3137.57,0.3,15374.09,4056.22
ORD-13124,2025-09-01,2025-09-02,Standard,Home Office,North,Lucknow,Groceries,Atta 5kg,4,426.73,0.0,1706.92,-373.42
ORD-13125,2025-06-15,2025-06-20,Same Day,Corporate,West,Pune,Clothing,Jacket,7,424.65,0.15,2526.67,116.23
ORD-13126,2025-01-03,2025-01-08,Same Day,Corporate,South,Coimbatore,Groceries,Snacks Pack,1,100.94,0.0,100.94,14.54
ORD-13127,2025-04-24,2025-04-27,Same Day,Consumer,East,Patna,Electronics,Smartwatch,3,12957.03,0.2,31096.87,1684.48
ORD-13128,2025-06-04,2025-06-06,Express,Corporate,North,Lucknow,Groceries,Atta 5kg,5,241.77,0.15,1027.52,127.24
ORD-13129,2025-03-16,2025-03-22,Express,Consumer,South,Coimbatore,Clothing,Jacket,7,1234.39,0.2,6912.58,1786.4
ORD-13130,2025-04-22,2025-04-27,Same Day,Home Office,North,Delhi,Groceries,Cooking Oil 1L,6,286.4,0.0,1718.4,-118.29
ORD-13131,2024-11-25,2024-11-29,Same Day,Corporate,North,Chandigarh,Clothing,Jeans,4,538.66,0.0,2154.64,425.69
ORD-13132,2024-07-16,2024-07-20,Express,Consumer,East,Patna,Groceries,Tea 500g,6,246.2,0.3,1034.04,173.9
ORD-13133,2025-06-02,2025-06-06,Same Day,Consumer,West,Ahmedabad,Electronics,Headphones,2,10960.14,0.3,15344.2,3342.57
ORD-13134,2025-12-14,2025-12-18,Express,Corporate,East,Bhubaneswar,Clothing,Sneakers,5,423.08,0.3,1480.78,62.21
ORD-13135,2024-09-12,2024-09-17,Express,Consumer,North,Delhi,Home & Kitchen,LED Bulb,3,2357.3,0.15,6011.12,534.44
ORD-13136,2024-09-09,2024-09-14,Standard,Corporate,North,Chandigarh,Clothing,Jeans,6,673.53,0.0,4041.18,919.08
ORD-13137,2025-01-15,2025-01-16,Standard,Corporate,West,Ahmedabad,Clothing,Jeans,7,1011.36,0.0,7079.52,1618.6
ORD-13138,2025-09-07,2025-09-11,Express,Consumer,East,Guwahati,Home & Kitchen,Water Bottle,4,5636.71,0.0,22546.84,-3512.89
ORD-13139,2025-07-26,2025-07-31,Standard,Corporate,West,Pune,Groceries,Cooking Oil 1L,7,156.94,0.05,1043.65,111.66
ORD-13140,2024-12-18,2024-12-20,Same Day,Home Office,South,Coimbatore,Home & Kitchen,Water Bottle,6,2981.8,0.0,17890.8,3299.49
ORD-13141,2025-07-01,2025-07-05,Express,Home Office,West,Surat,Clothing,Formal Shirt,2,2876.57,0.3,4027.2,741.46
ORD-13142,2025-11-07,2025-11-09,Express,Corporate,East,Guwahati,Clothing,T-Shirt,6,1681.04,0.05,9581.93,408.68
ORD-13143,2024-01-16,2024-01-19,Same Day,Corporate,North,Lucknow,Clothing,Jacket,3,2532.49,0.0,7597.47,-833.92
ORD-13144,2025-06-29,2025-06-30,Same Day,Consumer,East,Patna,Home & Kitchen,LED Bulb,7,4327.53,0.15,25748.8,8757.6
ORD-13145,2025-12-05,2025-12-11,Express,Consumer,North,Jaipur,Clothing,Sneakers,3,521.08,0.0,1563.24,180.11
ORD-13146,2025-09-29,2025-10-01,Same Day,Corporate,South,Chennai,Furniture,Study Table,4,9339.42,0.05,35489.8,2931.74
ORD-13147,2024-10-10,2024-10-11,Standard,Corporate,North,Jaipur,Electronics,Smartwatch,7,59046.55,0.05,392659.56,-40666.48
ORD-13148,2025-06-18,2025-06-22,Express,Corporate,North,Delhi,Home & Kitchen,Non-stick Pan,2,459.87,0.3,643.82,122.47
ORD-13149,2025-09-01,2025-09-04,Standard,Corporate,East,Kolkata,Electronics,Smartphone,3,55254.72,0.1,149187.74,30437.7
ORD-13150,2025-09-18,2025-09-21,Same Day,Consumer,North,Jaipur,Home & Kitchen,Mixer Grinder,6,2712.32,0.0,16273.92,1416.08
ORD-13151,2025-04-09,2025-04-12,Same Day,Corporate,East,Kolkata,Home & Kitchen,Storage Box,5,1759.93,0.1,7919.68,-763.76
ORD-13152,2025-03-31,2025-04-01,Express,Consumer,South,Coimbatore,Clothing,Jacket,4,1900.58,0.0,7602.32,2338.53
ORD-13153,2025-12-17,2025-12-23,Standard,Corporate,South,Coimbatore,Groceries,Atta 5kg,6,94.3,0.15,480.93,-72.72
ORD-13154,2024-02-23,2024-02-29,Express,Consumer,East,Bhubaneswar,Home & Kitchen,Mixer Grinder,1,2970.03,0.2,2376.02,678.14
ORD-13155,2024-10-27,2024-10-31,Express,Home Office,South,Hyderabad,Electronics,Headphones,3,6412.23,0.1,17313.02,-1533.6
ORD-13156,2025-01-04,2025-01-07,Standard,Home Office,North,Lucknow,Electronics,Headphones,6,38228.56,0.0,229371.36,52873.68
ORD-13157,2024-09-08,2024-09-14,Standard,Home Office,East,Kolkata,Clothing,Formal Shirt,1,1853.03,0.15,1575.08,127.76
ORD-13158,2024-01-18,2024-01-24,Express,Corporate,East,Guwahati,Furniture,Study Table,7,6412.15,0.1,40396.54,8239.5
ORD-13159,2025-10-26,2025-10-30,Express,Consumer,North,Lucknow,Electronics,Tablet,5,20375.03,0.05,96781.39,11264.3
ORD-13160,2025-03-27,2025-03-30,Express,Corporate,East,Patna,Furniture,Office Chair,4,6803.84,0.15,23133.06,670.24
ORD-13161,2025-01-24,2025-01-29,Same Day,Corporate,East,Bhubaneswar,Clothing,Sneakers,7,2592.34,0.0,18146.38,2619.33
ORD-13162,2025-09-29,2025-10-02,Express,Corporate,North,Jaipur,Electronics,Smartwatch,5,12203.51,0.0,61017.55,13735.47
ORD-13163,2025-07-08,2025-07-12,Express,Consumer,West,Ahmedabad,Groceries,Snacks Pack,4,545.34,0.0,2181.36,593.36
ORD-13164,2024-09-01,2024-09-07,Standard,Corporate,South,Chennai,Groceries,Tea 500g,6,226.35,0.05,1290.2,-56.56
ORD-13165,2025-03-18,2025-03-23,Express,Consumer,South,Coimbatore,Groceries,Tea 500g,2,291.96,0.2,467.14,15.92
ORD-13166,2024-03-06,2024-03-10,Express,Corporate,West,Surat,Furniture,Bookshelf,2,20632.14,0.1,37137.85,2524.36
ORD-13167,2025-08-11,2025-08-14,Same Day,Consumer,East,Kolkata,Home & Kitchen,Mixer Grinder,5,4781.86,0.05,22713.84,3065.62
ORD-13168,2025-03-28,2025-03-30,Standard,Corporate,West,Surat,Groceries,Tea 500g,6,351.34,0.2,1686.43,-441.77
ORD-13169,2025-10-12,2025-10-14,Same Day,Consumer,North,Lucknow,Clothing,Formal Shirt,3,1591.63,0.0,4774.89,151.77
ORD-13170,2025-05-21,2025-05-22,Same Day,Home Office,South,Bengaluru,Groceries,Snacks Pack,2,252.4,0.05,479.56,-76.02
ORD-13171,2024-02-10,2024-02-15,Standard,Home Office,East,Bhubaneswar,Groceries,Atta 5kg,4,509.26,0.15,1731.48,220.83
ORD-13172,2024-02-18,2024-02-20,Same Day,Home Office,North,Chandigarh,Groceries,Snacks Pack,6,111.74,0.2,536.35,154.06
ORD-13173,2025-09-19,2025-09-23,Same Day,Consumer,South,Bengaluru,Electronics,Tablet,3,34552.84,0.0,103658.52,11610.68
ORD-13174,2024-10-09,2024-10-13,Same Day,Home Office,South,Chennai,Furniture,Sofa,1,4597.22,0.05,4367.36,-406.97
ORD-13175,2025-08-14,2025-08-17,Express,Home Office,West,Pune,Groceries,Snacks Pack,6,482.21,0.05,2748.6,852.52
ORD-13176,2024-09-09,2024-09-15,Standard,Consumer,West,Mumbai,Groceries,Atta 5kg,7,381.45,0.05,2536.64,832.62
ORD-13177,2024-08-06,2024-08-11,Express,Consumer,North,Chandigarh,Electronics,Laptop,2,17293.1,0.2,27668.96,7865.46
ORD-13178,2024-07-27,2024-08-02,Same Day,Home Office,East,Kolkata,Groceries,Tea 500g,7,124.74,0.0,873.18,-81.74
ORD-13179,2025-04-26,2025-04-29,Express,Corporate,West,Surat,Home & Kitchen,Water Bottle,6,5954.54,0.3,25009.07,2306.4
ORD-13180,2024-10-16,2024-10-18,Same Day,Home Office,West,Pune,Groceries,Rice 5kg,6,134.05,0.1,723.87,215.89
ORD-13181,2024-11-12,2024-11-18,Same Day,Home Office,West,Mumbai,Electronics,Laptop,4,41156.56,0.0,164626.24,11363.58
ORD-13182,2024-11-02,2024-11-03,Express,Home Office,East,Kolkata,Furniture,Bookshelf,3,13039.6,0.05,37162.86,7228.01
ORD-13183,2025-01-22,2025-01-23,Express,Corporate,West,Surat,Furniture,Bed Frame,6,20001.62,0.0,120009.72,26994.0
ORD-13184,2025-01-18,2025-01-24,Standard,Consumer,North,Delhi,Clothing,T-Shirt,2,1847.74,0.05,3510.71,-197.45
ORD-13185,2025-10-24,2025-10-27,Standard,Corporate,East,Guwahati,Clothing,T-Shirt,5,1608.0,0.0,8040.0,2341.15
ORD-13186,2025-09-28,2025-10-02,Express,Home Office,South,Coimbatore,Clothing,Formal Shirt,1,2593.44,0.0,2593.44,109.81
ORD-13187,2025-08-26,2025-08-29,Same Day,Consumer,North,Jaipur,Home & Kitchen,Non-stick Pan,4,3673.28,0.0,14693.12,2766.35
ORD-13188,2024-06-14,2024-06-19,Express,Consumer,West,Surat,Electronics,Headphones,4,23310.5,0.1,83917.8,-4675.88
ORD-13189,2025-06-05,2025-06-08,Express,Corporate,North,Delhi,Clothing,Jeans,5,2935.13,0.0,14675.65,2954.51
ORD-13190,2025-02-25,2025-03-02,Express,Consumer,South,Coimbatore,Furniture,Bed Frame,7,12711.68,0.3,62287.23,9216.5
ORD-13191,2025-08-01,2025-08-05,Express,Home Office,East,Patna,Home & Kitchen,Non-stick Pan,5,4220.11,0.3,14770.38,1925.92
ORD-13192,2024-09-01,2024-09-06,Same Day,Home Office,East,Bhubaneswar,Electronics,Smartphone,5,54012.84,0.05,256560.99,46614.42
ORD-13193,2025-06-20,2025-06-23,Standard,Home Office,North,Jaipur,Electronics,Headphones,7,11271.01,0.2,63117.66,-11002.5
ORD-13194,2024-08-25,2024-08-30,Standard,Home Office,East,Bhubaneswar,Electronics,Tablet,3,57620.03,0.2,138288.07,-37085.86
ORD-13195,2025-07-19,2025-07-24,Standard,Home Office,North,Jaipur,Electronics,Smartwatch,4,45935.45,0.0,183741.8,30965.56
ORD-13196,2025-12-05,2025-12-09,Express,Corporate,South,Coimbatore,Electronics,Smartwatch,2,48555.16,0.0,97110.32,16707.3
ORD-13197,2024-05-31,2024-06-04,Same Day,Consumer,North,Jaipur,Electronics,Smartwatch,6,58697.17,0.2,281746.42,39862.02
ORD-13198,2024-09-25,2024-09-29,Same Day,Home Office,West,Ahmedabad,Furniture,Sofa,1,3341.24,0.15,2840.05,-372.75
ORD-13199,2025-03-10,2025-03-11,Same Day,Consumer,North,Chandigarh,Groceries,Cooking Oil 1L,5,355.25,0.2,1421.0,213.48
ORD-13200,2024-05-27,2024-05-28,Standard,Corporate,South,Hyderabad,Groceries,Tea 500g,7,129.9,0.3,636.51,-123.28
ORD-13201,2024-09-20,2024-09-22,Standard,Consumer,South,Chennai,Electronics,Smartphone,7,58733.85,0.0,411136.95,33358.92
ORD-13202,2025-09-05,2025-09-11,Express,Consumer,South,Coimbatore,Home & Kitchen,LED Bulb,5,1377.11,0.0,6885.55,-699.5
ORD-13203,2024-07-23,2024-07-25,Standard,Consumer,East,Guwahati,Furniture,Study Table,6,5645.75,0.1,30487.05,4960.39
ORD-13204,2024-09-13,2024-09-16,Standard,Corporate,North,Chandigarh,Home & Kitchen,Storage Box,1,910.63,0.0,910.63,-90.86
ORD-13205,2025-08-14,2025-08-16,Express,Home Office,South,Bengaluru,Groceries,Atta 5kg,5,283.87,0.2,1135.48,56.2
ORD-13206,2025-03-25,2025-03-29,Standard,Consumer,North,Delhi,Groceries,Atta 5kg,3,64.04,0.15,163.3,31.88
ORD-13207,2024-12-11,2024-12-15,Standard,Consumer,South,Chennai,Furniture,Bookshelf,5,13778.3,0.0,68891.5,9156.68
ORD-13208,2025-05-20,2025-05-21,Same Day,Home Office,South,Coimbatore,Furniture,Study Table,2,23607.99,0.0,47215.98,5912.29
ORD-13209,2025-08-31,2025-09-06,Same Day,Home Office,South,Hyderabad,Clothing,T-Shirt,6,1976.11,0.0,11856.66,2238.68
ORD-13210,2024-11-19,2024-11-24,Standard,Corporate,East,Bhubaneswar,Furniture,Sofa,7,16666.64,0.05,110833.16,20643.21
ORD-13211,2025-08-22,2025-08-28,Standard,Consumer,North,Lucknow,Home & Kitchen,Storage Box,5,5054.37,0.0,25271.85,3838.45
ORD-13212,2025-02-05,2025-02-08,Same Day,Consumer,South,Chennai,Groceries,Atta 5kg,6,52.19,0.0,313.14,58.71
ORD-13213,2024-09-02,2024-09-03,Same Day,Consumer,West,Ahmedabad,Groceries,Cooking Oil 1L,6,78.8,0.15,401.88,-106.7
ORD-13214,2024-11-29,2024-12-05,Same Day,Corporate,West,Surat,Clothing,Sneakers,4,3392.34,0.05,12890.89,1631.48
ORD-13215,2024-03-18,2024-03-21,Standard,Home Office,South,Coimbatore,Home & Kitchen,Non-stick Pan,1,2374.25,0.2,1899.4,116.73
ORD-13216,2024-04-19,2024-04-23,Express,Corporate,North,Chandigarh,Groceries,Snacks Pack,5,55.0,0.15,233.75,24.99
ORD-13217,2025-06-23,2025-06-25,Standard,Corporate,West,Pune,Furniture,Office Chair,3,9288.73,0.05,26472.88,3252.87
ORD-13218,2024-05-26,2024-05-28,Same Day,Corporate,East,Patna,Groceries,Snacks Pack,3,199.02,0.0,597.06,123.96
ORD-13219,2024-07-13,2024-07-19,Same Day,Corporate,North,Delhi,Electronics,Tablet,1,47173.67,0.1,42456.3,9951.43
ORD-13220,2025-11-29,2025-12-04,Standard,Consumer,West,Surat,Furniture,Study Table,6,2760.56,0.0,16563.36,-2634.4
ORD-13221,2024-10-26,2024-10-28,Same Day,Consumer,South,Hyderabad,Home & Kitchen,Storage Box,2,4705.31,0.2,7528.5,1027.22
ORD-13222,2025-07-27,2025-08-01,Standard,Consumer,East,Kolkata,Home & Kitchen,Non-stick Pan,2,504.05,0.0,1008.1,226.79
ORD-13223,2024-09-05,2024-09-11,Same Day,Consumer,West,Surat,Furniture,Sofa,2,3258.24,0.05,6190.66,453.16
ORD-13224,2025-05-25,2025-05-26,Same Day,Consumer,South,Hyderabad,Furniture,Office Chair,3,4353.61,0.0,13060.83,580.93
ORD-13225,2025-03-16,2025-03-18,Standard,Consumer,West,Surat,Electronics,Smartwatch,5,51308.89,0.0,256544.45,39312.43
ORD-13226,2025-07-28,2025-08-03,Standard,Home Office,West,Pune,Home & Kitchen,Non-stick Pan,5,1073.45,0.1,4830.53,939.28
ORD-13227,2024-04-29,2024-05-01,Same Day,Corporate,North,Chandigarh,Home & Kitchen,LED Bulb,6,5753.34,0.0,34520.04,7986.73
ORD-13228,2025-05-27,2025-05-31,Standard,Home Office,East,Guwahati,Electronics,Tablet,6,17562.03,0.0,105372.18,7911.27
ORD-13229,2024-01-14,2024-01-19,Express,Consumer,East,Bhubaneswar,Electronics,Headphones,7,37851.87,0.0,264963.09,18653.47
ORD-13230,2025-01-30,2025-01-31,Express,Corporate,East,Kolkata,Electronics,Headphones,1,5832.81,0.2,4666.25,1379.29
ORD-13231,2025-06-04,2025-06-07,Standard,Corporate,East,Patna,Clothing,Sneakers,7,2187.12,0.0,15309.84,1026.96
ORD-13232,2025-05-13,2025-05-17,Standard,Home Office,South,Bengaluru,Groceries,Tea 500g,3,295.29,0.3,620.11,123.29
ORD-13233,2024-04-29,2024-04-30,Standard,Corporate,West,Pune,Clothing,T-Shirt,5,1929.2,0.1,8681.4,-867.7
ORD-13234,2025-08-03,2025-08-06,Standard,Corporate,East,Guwahati,Furniture,Sofa,4,12471.77,0.3,34920.96,2703.03
ORD-13235,2024-10-16,2024-10-21,Same Day,Home Office,South,Coimbatore,Groceries,Snacks Pack,3,143.85,0.1,388.4,57.99
ORD-13236,2025-11-20,2025-11-25,Express,Home Office,North,Lucknow,Electronics,Laptop,7,20783.02,0.0,145481.14,-8575.22
ORD-13237,2025-07-08,2025-07-11,Standard,Corporate,West,Pune,Home & Kitchen,Water Bottle,7,5071.59,0.0,35501.13,7495.33
ORD-13238,2025-02-25,2025-03-02,Express,Consumer,West,Mumbai,Clothing,T-Shirt,5,691.42,0.05,3284.24,332.08
ORD-13239,2024-08-07,2024-08-09,Express,Corporate,East,Patna,Furniture,Sofa,6,10442.41,0.0,62654.46,10230.57
ORD-13240,2025-07-23,2025-07-27,Express,Home Office,North,Delhi,Electronics,Headphones,1,20622.15,0.0,20622.15,4008.35
ORD-13241,2025-11-05,2025-11-07,Same Day,Consumer,West,Ahmedabad,Groceries,Atta 5kg,4,162.5,0.1,585.0,106.53
ORD-13242,2024-04-15,2024-04-16,Same Day,Home Office,South,Hyderabad,Groceries,Cooking Oil 1L,4,278.78,0.0,1115.12,226.89
ORD-13243,2024-11-08,2024-11-11,Express,Home Office,North,Lucknow,Home & Kitchen,Water Bottle,4,4828.64,0.3,13520.19,2824.96
ORD-13244,2025-02-08,2025-02-12,Standard,Home Office,North,Chandigarh,Home & Kitchen,LED Bulb,4,2980.91,0.0,11923.64,995.35
ORD-13245,2025-02-23,2025-02-28,Express,Consumer,West,Pune,Furniture,Sofa,2,2529.53,0.1,4553.15,846.3
ORD-13246,2024-01-01,2024-01-03,Standard,Corporate,North,Chandigarh,Furniture,Office Chair,1,23976.1,0.2,19180.88,-6116.11
ORD-13247,2025-07-10,2025-07-16,Same Day,Corporate,East,Bhubaneswar,Groceries,Rice 5kg,1,501.36,0.15,426.16,43.52
ORD-13248,2024-05-10,2024-05-12,Standard,Home Office,North,Delhi,Home & Kitchen,Non-stick Pan,7,3603.61,0.1,22702.74,3846.85
ORD-13249,2024-12-20,2024-12-25,Same Day,Consumer,South,Chennai,Furniture,Bookshelf,5,12386.97,0.0,61934.85,-9283.9
ORD-13250,2025-04-23,2025-04-28,Same Day,Corporate,North,Chandigarh,Home & Kitchen,Mixer Grinder,6,3197.06,0.0,19182.36,2064.56
ORD-13251,2025-06-12,2025-06-14,Same Day,Home Office,South,Hyderabad,Furniture,Office Chair,4,24781.99,0.05,94171.56,-23829.72
ORD-13252,2024-07-16,2024-07-17,Express,Corporate,West,Surat,Home & Kitchen,LED Bulb,7,4384.96,0.0,30694.72,5904.32
ORD-13253,2024-08-02,2024-08-04,Same Day,Consumer,North,Chandigarh,Electronics,Headphones,3,31294.37,0.0,93883.11,3962.92
ORD-13254,2024-12-12,2024-12-15,Same Day,Consumer,North,Jaipur,Home & Kitchen,Non-stick Pan,1,2615.93,0.3,1831.15,337.27
ORD-13255,2024-05-16,2024-05-22,Standard,Consumer,West,Mumbai,Furniture,Bed Frame,5,11897.13,0.0,59485.65,7820.02
ORD-13256,2024-07-29,2024-08-03,Same Day,Home Office,West,Pune,Groceries,Rice 5kg,2,69.27,0.0,138.54,26.85
ORD-13257,2025-11-21,2025-11-24,Express,Home Office,South,Hyderabad,Clothing,Jacket,2,659.32,0.0,1318.64,186.79
ORD-13258,2024-05-21,2024-05-25,Express,Corporate,North,Delhi,Groceries,Atta 5kg,3,457.77,0.3,961.32,126.89
ORD-13259,2024-04-20,2024-04-25,Same Day,Corporate,South,Hyderabad,Clothing,Sneakers,2,1122.55,0.0,2245.1,415.33
ORD-13260,2025-09-20,2025-09-22,Express,Home Office,West,Mumbai,Groceries,Rice 5kg,1,112.0,0.15,95.2,16.94
ORD-13261,2024-12-28,2025-01-01,Same Day,Corporate,East,Patna,Clothing,Sneakers,3,771.29,0.15,1966.79,355.22
ORD-13262,2024-07-14,2024-07-19,Standard,Consumer,West,Mumbai,Groceries,Rice 5kg,6,131.06,0.05,747.04,75.73
ORD-13263,2025-08-26,2025-08-27,Express,Home Office,South,Chennai,Electronics,Tablet,7,42356.12,0.15,252018.91,-42468.06
ORD-13264,2024-05-29,2024-05-31,Express,Consumer,North,Delhi,Home & Kitchen,Storage Box,4,1509.55,0.3,4226.74,-883.01
ORD-13265,2024-12-28,2025-01-01,Standard,Corporate,East,Kolkata,Furniture,Bed Frame,6,7595.55,0.1,41015.97,6946.52
ORD-13266,2024-08-03,2024-08-08,Same Day,Corporate,West,Pune,Clothing,Sneakers,1,2087.42,0.0,2087.42,99.41
ORD-13267,2024-08-04,2024-08-09,Same Day,Consumer,South,Chennai,Clothing,Formal Shirt,3,1214.22,0.1,3278.39,125.03
ORD-13268,2025-09-26,2025-10-01,Express,Home Office,East,Guwahati,Groceries,Cooking Oil 1L,5,149.23,0.15,634.23,56.03
ORD-13269,2025-10-01,2025-10-05,Same Day,Corporate,West,Surat,Electronics,Smartwatch,7,54296.5,0.2,304060.4,-34670.64
ORD-13270,2025-10-01,2025-10-04,Same Day,Corporate,North,Jaipur,Home & Kitchen,Mixer Grinder,1,2357.0,0.15,2003.45,-434.55
ORD-13271,2024-11-13,2024-11-17,Same Day,Home Office,East,Patna,Groceries,Atta 5kg,5,56.92,0.15,241.91,56.58
ORD-13272,2024-12-02,2024-12-08,Standard,Consumer,East,Kolkata,Clothing,Sneakers,3,3395.51,0.0,10186.53,477.52
ORD-13273,2025-12-24,2025-12-30,Standard,Home Office,West,Mumbai,Groceries,Atta 5kg,6,270.0,0.05,1539.0,255.29
ORD-13274,2025-11-03,2025-11-04,Standard,Corporate,South,Coimbatore,Furniture,Office Chair,2,24398.97,0.2,39038.35,9073.18
ORD-13275,2024-11-08,2024-11-12,Same Day,Corporate,North,Delhi,Home & Kitchen,Water Bottle,6,4871.18,0.3,20458.96,3178.29
ORD-13276,2024-10-07,2024-10-09,Express,Home Office,East,Bhubaneswar,Clothing,Jeans,5,3433.12,0.05,16307.32,3489.51
ORD-13277,2024-09-18,2024-09-20,Standard,Corporate,North,Jaipur,Furniture,Study Table,3,4617.95,0.2,11083.08,1589.4
ORD-13278,2025-03-30,2025-04-05,Express,Home Office,West,Surat,Clothing,Jeans,3,3325.67,0.3,6983.91,921.5
ORD-13279,2024-10-27,2024-11-01,Same Day,Home Office,West,Mumbai,Furniture,Bed Frame,2,4962.22,0.3,6947.11,434.65
ORD-13280,2025-07-23,2025-07-24,Express,Home Office,North,Jaipur,Groceries,Cooking Oil 1L,6,151.0,0.15,770.1,47.3
ORD-13281,2024-05-08,2024-05-13,Same Day,Consumer,South,Bengaluru,Electronics,Smartwatch,2,1633.69,0.0,3267.38,567.36
ORD-13282,2025-08-24,2025-08-28,Express,Corporate,West,Mumbai,Clothing,Formal Shirt,4,2287.77,0.05,8693.53,989.15
ORD-13283,2025-09-09,2025-09-11,Same Day,Corporate,East,Guwahati,Furniture,Study Table,2,6521.79,0.15,11087.04,983.11
ORD-13284,2025-09-22,2025-09-23,Same Day,Consumer,South,Hyderabad,Electronics,Tablet,1,20092.68,0.2,16074.14,3022.31
ORD-13285,2024-07-23,2024-07-28,Express,Corporate,West,Ahmedabad,Home & Kitchen,Storage Box,1,2287.75,0.1,2058.98,340.82
ORD-13286,2025-06-07,2025-06-09,Standard,Home Office,South,Coimbatore,Groceries,Tea 500g,7,221.57,0.3,1085.69,201.56
ORD-13287,2024-09-15,2024-09-18,Express,Consumer,West,Pune,Furniture,Bookshelf,3,16065.74,0.05,45787.36,6957.46
ORD-13288,2025-11-19,2025-11-23,Same Day,Home Office,West,Mumbai,Clothing,Sneakers,6,1319.57,0.1,7125.68,696.25
ORD-13289,2024-02-02,2024-02-03,Express,Corporate,East,Guwahati,Groceries,Tea 500g,6,110.22,0.1,595.19,35.97
ORD-13290,2024-03-09,2024-03-10,Same Day,Consumer,North,Delhi,Groceries,Atta 5kg,2,378.42,0.1,681.16,63.64
ORD-13291,2025-08-22,2025-08-23,Same Day,Consumer,East,Kolkata,Electronics,Smartwatch,6,47767.43,0.05,272274.35,47814.47
ORD-13292,2025-02-15,2025-02-16,Same Day,Consumer,West,Mumbai,Home & Kitchen,Water Bottle,5,4047.15,0.2,16188.6,4052.67
ORD-13293,2024-06-02,2024-06-07,Standard,Consumer,West,Surat,Furniture,Office Chair,2,4907.33,0.05,9323.93,383.64
ORD-13294,2024-09-27,2024-09-30,Same Day,Consumer,East,Kolkata,Electronics,Headphones,5,42618.6,0.2,170474.4,27385.69
ORD-13295,2024-04-25,2024-04-28,Standard,Home Office,East,Bhubaneswar,Electronics,Smartphone,2,6225.36,0.0,12450.72,-1469.52
ORD-13296,2025-08-20,2025-08-24,Same Day,Consumer,East,Patna,Furniture,Office Chair,1,10863.39,0.1,9777.05,2300.39
ORD-13297,2025-04-30,2025-05-05,Express,Corporate,West,Pune,Home & Kitchen,Non-stick Pan,2,575.56,0.0,1151.12,-101.49
ORD-13298,2025-08-24,2025-08-28,Express,Consumer,South,Chennai,Groceries,Rice 5kg,4,121.82,0.1,438.55,56.77
ORD-13299,2024-02-16,2024-02-20,Same Day,Home Office,West,Mumbai,Furniture,Bed Frame,6,15750.43,0.2,75602.06,-5507.44
ORD-13300,2024-07-29,2024-08-02,Same Day,Corporate,South,Coimbatore,Furniture,Sofa,1,12761.41,0.3,8932.99,2046.31
ORD-13301,2025-10-20,2025-10-24,Standard,Consumer,West,Surat,Electronics,Smartphone,6,58987.5,0.0,353925.0,49798.44
ORD-13302,2024-09-13,2024-09-18,Express,Consumer,South,Bengaluru,Home & Kitchen,Non-stick Pan,6,4177.55,0.3,17545.71,1402.36
ORD-13303,2025-07-01,2025-07-04,Standard,Home Office,South,Hyderabad,Electronics,Tablet,3,3949.74,0.0,11849.22,3387.97
ORD-13304,2024-05-11,2024-05-16,Express,Home Office,East,Kolkata,Electronics,Smartphone,5,49281.36,0.0,246406.8,-70126.72
ORD-13305,2024-06-13,2024-06-14,Express,Home Office,North,Lucknow,Clothing,Formal Shirt,5,2569.93,0.3,8994.75,669.91
ORD-13306,2025-06-20,2025-06-24,Standard,Corporate,East,Bhubaneswar,Clothing,Jeans,7,2999.69,0.2,16798.26,1693.78
ORD-13307,2025-09-21,2025-09-23,Express,Corporate,West,Pune,Home & Kitchen,Non-stick Pan,4,3872.22,0.15,13165.55,-1614.04
ORD-13308,2024-07-08,2024-07-09,Standard,Home Office,West,Ahmedabad,Home & Kitchen,Non-stick Pan,1,645.56,0.05,613.28,77.81
ORD-13309,2025-04-20,2025-04-23,Same Day,Home Office,East,Guwahati,Electronics,Tablet,2,44614.83,0.2,71383.73,11706.29
ORD-13310,2025-04-05,2025-04-08,Same Day,Corporate,North,Lucknow,Clothing,Jeans,3,3284.62,0.15,8375.78,-1432.55
ORD-13311,2025-10-25,2025-10-26,Same Day,Home Office,East,Kolkata,Electronics,Smartphone,1,22548.6,0.0,22548.6,6859.03
ORD-13312,2024-03-28,2024-03-31,Standard,Home Office,North,Chandigarh,Furniture,Bed Frame,2,13061.38,0.3,18285.93,2978.04
ORD-13313,2024-01-01,2024-01-05,Express,Consumer,East,Kolkata,Groceries,Snacks Pack,3,203.12,0.0,609.36,-93.64
ORD-13314,2024-11-12,2024-11-13,Same Day,Corporate,North,Delhi,Furniture,Office Chair,3,14742.04,0.0,44226.12,-11420.19
ORD-13315,2024-06-27,2024-07-03,Express,Corporate,South,Bengaluru,Furniture,Bookshelf,2,12326.71,0.2,19722.74,-5865.3
ORD-13316,2025-08-16,2025-08-17,Express,Corporate,South,Bengaluru,Home & Kitchen,Mixer Grinder,2,3723.19,0.05,7074.06,1367.58
ORD-13317,2024-09-02,2024-09-04,Same Day,Home Office,North,Chandigarh,Electronics,Tablet,5,53989.45,0.15,229455.16,41346.79
ORD-13318,2024-10-26,2024-10-28,Standard,Consumer,East,Kolkata,Home & Kitchen,Storage Box,2,1502.96,0.15,2555.03,361.39
ORD-13319,2024-09-27,2024-09-30,Same Day,Corporate,East,Bhubaneswar,Home & Kitchen,Mixer Grinder,4,1833.09,0.2,5865.89,673.81
ORD-13320,2024-05-26,2024-05-31,Standard,Home Office,North,Delhi,Home & Kitchen,Water Bottle,1,4686.54,0.0,4686.54,-477.15
ORD-13321,2025-12-07,2025-12-10,Express,Home Office,East,Patna,Groceries,Atta 5kg,5,133.76,0.3,468.16,-23.42
ORD-13322,2025-09-04,2025-09-06,Same Day,Consumer,East,Kolkata,Clothing,Jacket,5,641.88,0.3,2246.58,-249.31
ORD-13323,2024-03-07,2024-03-08,Standard,Corporate,South,Coimbatore,Furniture,Bookshelf,6,15525.41,0.3,65206.72,10008.19
ORD-13324,2025-01-16,2025-01-18,Standard,Consumer,East,Kolkata,Home & Kitchen,Mixer Grinder,1,5842.87,0.15,4966.44,-615.42
ORD-13325,2025-06-12,2025-06-15,Express,Home Office,North,Jaipur,Electronics,Smartwatch,3,26218.44,0.3,55058.72,9761.76
ORD-13326,2025-07-24,2025-07-25,Standard,Home Office,North,Delhi,Groceries,Snacks Pack,7,450.63,0.2,2523.53,459.01
ORD-13327,2025-09-13,2025-09-15,Same Day,Home Office,East,Bhubaneswar,Groceries,Cooking Oil 1L,5,193.04,0.0,965.2,200.76
ORD-13328,2024-08-13,2024-08-16,Express,Consumer,West,Surat,Furniture,Study Table,7,16382.68,0.15,97476.95,-8797.25
ORD-13329,2024-10-25,2024-10-27,Express,Home Office,West,Pune,Furniture,Bookshelf,5,14561.04,0.05,69164.94,11057.54
ORD-13330,2025-12-14,2025-12-17,Standard,Consumer,North,Delhi,Home & Kitchen,LED Bulb,3,475.47,0.15,1212.45,122.37
ORD-13331,2024-02-02,2024-02-05,Express,Home Office,East,Patna,Groceries,Tea 500g,1,383.32,0.3,268.32,-10.99
ORD-13332,2024-02-01,2024-02-03,Same Day,Home Office,East,Bhubaneswar,Home & Kitchen,Water Bottle,4,4927.88,0.15,16754.79,1811.02
ORD-13333,2024-02-05,2024-02-08,Express,Home Office,West,Ahmedabad,Furniture,Sofa,2,20964.02,0.0,41928.04,-2060.17
ORD-13334,2025-08-29,2025-09-01,Standard,Corporate,North,Jaipur,Clothing,Jeans,7,3448.72,0.0,24141.04,5375.07
ORD-13335,2024-08-07,2024-08-09,Standard,Consumer,West,Surat,Groceries,Atta 5kg,7,428.52,0.2,2399.71,431.89
ORD-13336,2024-06-21,2024-06-25,Standard,Corporate,North,Delhi,Electronics,Laptop,5,44901.37,0.05,213281.51,-64942.3
ORD-13337,2025-07-05,2025-07-06,Standard,Home Office,West,Surat,Home & Kitchen,LED Bulb,7,1403.34,0.0,9823.38,732.18
ORD-13338,2025-06-24,2025-06-29,Same Day,Corporate,West,Mumbai,Furniture,Sofa,7,5238.43,0.1,33002.11,2217.84
ORD-13339,2025-07-26,2025-07-28,Express,Corporate,North,Lucknow,Home & Kitchen,LED Bulb,7,4070.7,0.3,19946.43,1242.54
ORD-13340,2025-12-04,2025-12-10,Standard,Home Office,East,Kolkata,Home & Kitchen,Mixer Grinder,4,4337.29,0.2,13879.33,1629.75
ORD-13341,2024-01-14,2024-01-17,Standard,Consumer,North,Delhi,Groceries,Snacks Pack,2,389.63,0.15,662.37,80.92
ORD-13342,2025-06-14,2025-06-20,Standard,Home Office,South,Hyderabad,Home & Kitchen,Non-stick Pan,3,4601.55,0.05,13114.42,2079.91
ORD-13343,2024-03-27,2024-04-01,Express,Corporate,North,Jaipur,Electronics,Smartwatch,2,24864.51,0.05,47242.57,-10111.46
ORD-13344,2024-11-23,2024-11-24,Express,Corporate,North,Lucknow,Electronics,Headphones,6,37534.68,0.15,191426.87,11415.21
ORD-13345,2025-01-14,2025-01-15,Standard,Home Office,South,Coimbatore,Clothing,T-Shirt,6,880.1,0.0,5280.6,637.18
ORD-13346,2024-10-21,2024-10-24,Standard,Corporate,North,Lucknow,Electronics,Smartwatch,4,20213.2,0.05,76810.16,11976.75
ORD-13347,2025-07-30,2025-07-31,Express,Home Office,South,Hyderabad,Home & Kitchen,Water Bottle,7,3640.33,0.0,25482.31,-1128.22
ORD-13348,2025-09-12,2025-09-18,Express,Home Office,South,Bengaluru,Electronics,Smartphone,7,41305.1,0.2,231308.56,56367.94
ORD-13349,2025-12-02,2025-12-04,Same Day,Consumer,North,Delhi,Electronics,Laptop,2,42338.35,0.3,59273.69,7708.28
ORD-13350,2025-01-08,2025-01-10,Same Day,Consumer,North,Lucknow,Furniture,Study Table,3,4619.42,0.0,13858.26,-3299.29
ORD-13351,2025-12-20,2025-12-21,Same Day,Corporate,South,Bengaluru,Furniture,Sofa,7,24691.72,0.0,172842.04,15563.59
ORD-13352,2025-05-18,2025-05-19,Same Day,Home Office,South,Hyderabad,Groceries,Atta 5kg,3,151.78,0.15,387.04,48.73
ORD-13353,2025-10-07,2025-10-13,Express,Corporate,East,Bhubaneswar,Home & Kitchen,Storage Box,7,1051.01,0.15,6253.51,212.41
ORD-13354,2024-09-02,2024-09-08,Same Day,Home Office,East,Kolkata,Home & Kitchen,Mixer Grinder,4,5246.19,0.0,20984.76,-2408.56
ORD-13355,2024-12-10,2024-12-14,Express,Home Office,North,Jaipur,Electronics,Smartwatch,5,18211.6,0.0,91058.0,-10098.61
ORD-13356,2025-04-29,2025-05-02,Standard,Consumer,East,Patna,Furniture,Sofa,7,21674.19,0.05,144133.36,19247.32
ORD-13357,2024-09-22,2024-09-28,Same Day,Consumer,East,Guwahati,Electronics,Smartwatch,3,49966.91,0.05,142405.69,-8829.12
ORD-13358,2025-01-15,2025-01-17,Standard,Consumer,South,Hyderabad,Groceries,Rice 5kg,5,151.14,0.1,680.13,-33.56
ORD-13359,2024-03-07,2024-03-12,Standard,Consumer,West,Surat,Electronics,Tablet,3,20321.69,0.0,60965.07,7287.04
ORD-13360,2025-02-04,2025-02-09,Standard,Consumer,West,Surat,Clothing,Jacket,1,958.77,0.0,958.77,204.28
ORD-13361,2024-01-29,2024-01-30,Standard,Consumer,South,Bengaluru,Electronics,Laptop,4,43323.05,0.15,147298.37,27964.64
ORD-13362,2025-02-17,2025-02-18,Express,Consumer,West,Surat,Home & Kitchen,Storage Box,5,5324.42,0.1,23959.89,3988.01
ORD-13363,2024-04-13,2024-04-17,Express,Corporate,East,Kolkata,Electronics,Smartphone,4,48630.14,0.0,194520.56,-35934.0
ORD-13364,2025-10-01,2025-10-05,Express,Corporate,South,Bengaluru,Groceries,Snacks Pack,4,475.18,0.0,1900.72,335.41
ORD-13365,2025-08-14,2025-08-20,Same Day,Corporate,South,Coimbatore,Electronics,Tablet,5,36533.75,0.15,155268.44,8581.12
ORD-13366,2025-07-13,2025-07-19,Same Day,Corporate,West,Pune,Furniture,Sofa,6,5951.93,0.15,30354.84,5905.93
ORD-13367,2024-06-17,2024-06-19,Same Day,Corporate,North,Chandigarh,Home & Kitchen,Non-stick Pan,4,1078.91,0.0,4315.64,706.45
ORD-13368,2025-12-20,2025-12-23,Express,Consumer,West,Ahmedabad,Home & Kitchen,LED Bulb,1,1738.09,0.05,1651.19,-278.67
ORD-13369,2025-04-17,2025-04-22,Standard,Consumer,North,Jaipur,Home & Kitchen,LED Bulb,3,4871.24,0.0,14613.72,2238.45
ORD-13370,2025-04-07,2025-04-09,Standard,Corporate,South,Chennai,Groceries,Cooking Oil 1L,2,476.13,0.3,666.58,217.18
ORD-13371,2024-02-09,2024-02-14,Express,Corporate,North,Lucknow,Electronics,Tablet,4,29049.85,0.0,116199.4,15101.8
ORD-13372,2024-02-02,2024-02-07,Same Day,Consumer,East,Guwahati,Furniture,Office Chair,4,2457.37,0.0,9829.48,955.11
ORD-13373,2024-08-22,2024-08-26,Standard,Corporate,East,Kolkata,Electronics,Tablet,4,25775.89,0.05,97948.38,22910.4
ORD-13374,2024-04-04,2024-04-09,Same Day,Home Office,North,Lucknow,Electronics,Laptop,6,16996.16,0.0,101976.96,12839.56
ORD-13375,2024-11-21,2024-11-24,Standard,Consumer,West,Pune,Electronics,Laptop,5,37012.59,0.3,129544.06,20238.03
ORD-13376,2025-07-28,2025-08-02,Same Day,Home Office,West,Surat,Electronics,Tablet,3,53936.01,0.15,137536.83,4300.88
ORD-13377,2024-03-11,2024-03-12,Express,Consumer,East,Bhubaneswar,Clothing,Jeans,4,1572.59,0.2,5032.29,824.99
ORD-13378,2025-06-21,2025-06-24,Express,Corporate,East,Patna,Furniture,Sofa,3,24612.61,0.05,70145.94,9155.34
ORD-13379,2025-04-01,2025-04-04,Standard,Home Office,South,Hyderabad,Home & Kitchen,Non-stick Pan,5,3884.58,0.05,18451.76,1299.21
ORD-13380,2025-10-19,2025-10-24,Same Day,Corporate,West,Pune,Electronics,Smartwatch,6,55175.58,0.3,231737.44,19960.17
ORD-13381,2024-01-18,2024-01-20,Standard,Corporate,East,Patna,Furniture,Bed Frame,4,22165.94,0.2,70931.01,14341.68
ORD-13382,2025-05-05,2025-05-09,Express,Corporate,East,Kolkata,Furniture,Bookshelf,6,20462.72,0.0,122776.32,11276.74
ORD-13383,2025-05-19,2025-05-20,Same Day,Consumer,North,Lucknow,Home & Kitchen,Mixer Grinder,5,5527.79,0.15,23493.11,3528.76
ORD-13384,2025-07-31,2025-08-04,Same Day,Corporate,East,Bhubaneswar,Clothing,T-Shirt,7,2030.09,0.3,9947.44,2856.4
ORD-13385,2024-01-28,2024-01-30,Standard,Consumer,North,Jaipur,Furniture,Bed Frame,5,13135.85,0.15,55827.36,4751.8
ORD-13386,2025-03-30,2025-03-31,Express,Corporate,East,Patna,Home & Kitchen,Storage Box,1,1260.17,0.0,1260.17,318.31
ORD-13387,2024-09-02,2024-09-04,Standard,Consumer,West,Mumbai,Furniture,Office Chair,4,10410.74,0.15,35396.52,-2808.32
ORD-13388,2024-06-21,2024-06-26,Express,Consumer,South,Chennai,Groceries,Rice 5kg,3,93.95,0.05,267.76,22.69
ORD-13389,2025-10-17,2025-10-20,Standard,Home Office,South,Chennai,Home & Kitchen,Mixer Grinder,3,3068.08,0.1,8283.82,442.61
ORD-13390,2024-07-24,2024-07-30,Same Day,Home Office,North,Jaipur,Clothing,T-Shirt,7,2834.3,0.05,18848.1,3256.56
ORD-13391,2025-02-10,2025-02-14,Standard,Corporate,East,Patna,Furniture,Bookshelf,5,3178.88,0.0,15894.4,749.72
ORD-13392,2025-12-07,2025-12-08,Same Day,Corporate,North,Delhi,Groceries,Atta 5kg,4,555.72,0.0,2222.88,497.71
ORD-13393,2025-05-17,2025-05-20,Same Day,Home Office,East,Guwahati,Electronics,Laptop,5,50824.84,0.0,254124.2,-23482.21
ORD-13394,2024-10-18,2024-10-19,Standard,Home Office,South,Chennai,Groceries,Atta 5kg,4,233.59,0.15,794.21,-75.13
ORD-13395,2024-12-02,2024-12-04,Standard,Consumer,West,Mumbai,Electronics,Smartphone,7,31331.68,0.0,219321.76,32730.03
ORD-13396,2025-03-14,2025-03-17,Express,Consumer,East,Patna,Home & Kitchen,Mixer Grinder,4,5975.22,0.3,16730.62,2648.83
ORD-13397,2025-02-25,2025-03-02,Standard,Consumer,South,Chennai,Home & Kitchen,Non-stick Pan,1,3513.98,0.0,3513.98,794.37
ORD-13398,2024-02-12,2024-02-15,Express,Home Office,East,Bhubaneswar,Home & Kitchen,Water Bottle,7,432.98,0.05,2879.32,487.26
ORD-13399,2024-02-21,2024-02-23,Standard,Home Office,East,Kolkata,Clothing,Sneakers,4,1998.63,0.3,5596.16,1383.86
ORD-13400,2024-07-12,2024-07-15,Express,Consumer,West,Ahmedabad,Furniture,Bed Frame,5,9889.43,0.3,34613.0,1287.53
ORD-13401,2024-03-19,2024-03-21,Standard,Corporate,West,Mumbai,Clothing,Jacket,3,2794.42,0.0,8383.26,1387.21
ORD-13402,2025-10-25,2025-10-28,Express,Home Office,West,Surat,Home & Kitchen,Water Bottle,2,5589.23,0.3,7824.92,2418.72
ORD-13403,2024-06-03,2024-06-09,Standard,Corporate,North,Chandigarh,Furniture,Bed Frame,2,16229.3,0.15,27589.81,1853.61
ORD-13404,2024-03-11,2024-03-17,Standard,Home Office,West,Pune,Furniture,Bookshelf,7,13679.27,0.2,76603.91,20239.42
ORD-13405,2024-11-17,2024-11-20,Same Day,Consumer,South,Hyderabad,Clothing,Formal Shirt,1,641.19,0.15,545.01,113.44
ORD-13406,2025-03-29,2025-04-04,Express,Home Office,West,Mumbai,Clothing,Jeans,5,1002.51,0.0,5012.55,1346.46
ORD-13407,2024-04-03,2024-04-08,Same Day,Corporate,West,Pune,Groceries,Atta 5kg,5,75.94,0.1,341.73,-41.57
ORD-13408,2025-08-03,2025-08-04,Express,Corporate,North,Delhi,Furniture,Sofa,1,11584.89,0.0,11584.89,618.34
ORD-13409,2025-10-31,2025-11-04,Standard,Home Office,South,Hyderabad,Groceries,Cooking Oil 1L,5,219.53,0.0,1097.65,-168.27
ORD-13410,2024-01-26,2024-02-01,Same Day,Corporate,South,Hyderabad,Electronics,Laptop,6,29083.17,0.05,165774.07,-35154.96
ORD-13411,2025-04-22,2025-04-25,Standard,Consumer,North,Jaipur,Furniture,Office Chair,2,9054.09,0.15,15391.95,1010.32
ORD-13412,2025-07-19,2025-07-21,Express,Consumer,North,Delhi,Home & Kitchen,Mixer Grinder,7,3478.49,0.0,24349.43,-5667.45
ORD-13413,2025-02-20,2025-02-21,Express,Consumer,West,Surat,Home & Kitchen,Water Bottle,7,3257.48,0.3,15961.65,-3846.86
ORD-13414,2025-05-26,2025-05-31,Express,Consumer,East,Bhubaneswar,Home & Kitchen,Non-stick Pan,4,3849.67,0.05,14628.75,2741.75
ORD-13415,2024-08-19,2024-08-22,Standard,Consumer,North,Lucknow,Clothing,T-Shirt,5,661.85,0.0,3309.25,-280.24
ORD-13416,2025-03-24,2025-03-27,Same Day,Home Office,North,Delhi,Clothing,Jeans,5,2596.57,0.3,9087.99,2325.91
ORD-13417,2024-04-25,2024-04-28,Express,Home Office,East,Patna,Electronics,Smartwatch,2,58694.64,0.0,117389.28,19262.97
ORD-13418,2024-11-14,2024-11-17,Same Day,Corporate,West,Mumbai,Groceries,Cooking Oil 1L,1,165.03,0.0,165.03,19.7
ORD-13419,2024-03-25,2024-03-28,Same Day,Consumer,East,Guwahati,Clothing,T-Shirt,2,1275.42,0.05,2423.3,269.67
ORD-13420,2024-07-28,2024-08-02,Same Day,Corporate,West,Surat,Electronics,Tablet,4,2531.7,0.15,8607.78,2182.99
ORD-13421,2025-11-08,2025-11-13,Same Day,Corporate,North,Chandigarh,Groceries,Atta 5kg,3,266.48,0.2,639.55,61.87
ORD-13422,2024-06-19,2024-06-22,Same Day,Consumer,West,Ahmedabad,Home & Kitchen,Water Bottle,6,511.44,0.0,3068.64,392.5
ORD-13423,2024-10-17,2024-10-20,Express,Home Office,East,Kolkata,Home & Kitchen,Mixer Grinder,4,2558.84,0.1,9211.82,1734.8
ORD-13424,2024-09-09,2024-09-15,Standard,Corporate,North,Chandigarh,Clothing,Jeans,3,1181.59,0.0,3544.77,235.01
ORD-13425,2024-07-21,2024-07-22,Standard,Consumer,South,Bengaluru,Clothing,Jacket,1,479.2,0.0,479.2,114.73
ORD-13426,2025-04-28,2025-05-04,Express,Consumer,East,Kolkata,Groceries,Tea 500g,5,368.25,0.3,1288.88,98.76
ORD-13427,2025-06-10,2025-06-11,Express,Home Office,West,Ahmedabad,Groceries,Atta 5kg,5,556.06,0.0,2780.3,-333.22
ORD-13428,2024-11-07,2024-11-10,Standard,Consumer,North,Chandigarh,Clothing,Jeans,7,2584.54,0.0,18091.78,-3697.7
ORD-13429,2025-11-11,2025-11-15,Standard,Home Office,West,Pune,Home & Kitchen,Mixer Grinder,4,2266.68,0.15,7706.71,487.2
ORD-13430,2024-09-08,2024-09-14,Express,Corporate,South,Hyderabad,Electronics,Smartphone,7,59630.16,0.0,417411.12,-93071.57
ORD-13431,2024-04-24,2024-04-30,Standard,Corporate,West,Surat,Groceries,Rice 5kg,5,396.29,0.0,1981.45,587.05
ORD-13432,2024-08-23,2024-08-28,Same Day,Consumer,East,Guwahati,Furniture,Study Table,4,8382.47,0.0,33529.88,3047.03
ORD-13433,2025-06-20,2025-06-25,Same Day,Consumer,West,Ahmedabad,Clothing,T-Shirt,1,2337.79,0.0,2337.79,435.06
ORD-13434,2024-01-22,2024-01-25,Standard,Home Office,East,Bhubaneswar,Furniture,Study Table,6,7172.45,0.0,43034.7,11244.15
ORD-13435,2025-05-16,2025-05-18,Same Day,Consumer,West,Surat,Furniture,Bookshelf,5,9317.36,0.0,46586.8,3738.61
ORD-13436,2024-04-13,2024-04-19,Express,Home Office,South,Chennai,Clothing,T-Shirt,1,3438.09,0.1,3094.28,340.62
ORD-13437,2025-02-13,2025-02-18,Same Day,Consumer,South,Bengaluru,Electronics,Headphones,3,7237.69,0.2,17370.46,3504.17
ORD-13438,2024-06-12,2024-06-13,Same Day,Corporate,East,Guwahati,Home & Kitchen,Storage Box,2,588.71,0.2,941.94,176.72
ORD-13439,2025-05-09,2025-05-14,Express,Corporate,North,Delhi,Groceries,Cooking Oil 1L,7,351.75,0.0,2462.25,-369.44
ORD-13440,2025-11-27,2025-12-03,Same Day,Corporate,North,Chandigarh,Groceries,Cooking Oil 1L,2,585.49,0.2,936.78,250.75
ORD-13441,2024-11-27,2024-11-28,Standard,Consumer,West,Surat,Groceries,Snacks Pack,1,491.87,0.1,442.68,78.18
ORD-13442,2025-07-07,2025-07-09,Same Day,Consumer,East,Patna,Clothing,Jacket,3,3046.06,0.0,9138.18,2179.19
ORD-13443,2024-08-27,2024-09-02,Same Day,Consumer,East,Patna,Clothing,Sneakers,6,1612.04,0.0,9672.24,-1860.27
ORD-13444,2025-05-21,2025-05-23,Same Day,Home Office,West,Surat,Home & Kitchen,Mixer Grinder,4,840.51,0.3,2353.43,463.23
ORD-13445,2024-07-14,2024-07-16,Express,Home Office,South,Bengaluru,Furniture,Study Table,2,18643.17,0.0,37286.34,-6852.71
ORD-13446,2024-10-05,2024-10-06,Express,Consumer,West,Surat,Electronics,Headphones,3,15358.85,0.15,39165.07,2899.88
ORD-13447,2024-09-30,2024-10-06,Standard,Corporate,South,Chennai,Clothing,Jacket,7,1472.48,0.0,10307.36,-1864.03
ORD-13448,2025-07-23,2025-07-25,Same Day,Consumer,North,Lucknow,Home & Kitchen,Mixer Grinder,2,939.99,0.0,1879.98,318.83
ORD-13449,2025-01-20,2025-01-23,Standard,Home Office,West,Mumbai,Electronics,Laptop,1,57828.5,0.0,57828.5,-7424.71
ORD-13450,2024-08-20,2024-08-25,Standard,Consumer,South,Hyderabad,Home & Kitchen,Non-stick Pan,6,3661.8,0.1,19773.72,1842.89
ORD-13451,2025-06-06,2025-06-09,Same Day,Home Office,South,Bengaluru,Electronics,Smartwatch,1,42821.33,0.0,42821.33,9294.72
ORD-13452,2024-11-19,2024-11-24,Standard,Home Office,East,Guwahati,Clothing,T-Shirt,6,588.35,0.0,3530.1,583.79
ORD-13453,2024-06-09,2024-06-14,Same Day,Consumer,East,Kolkata,Groceries,Tea 500g,6,238.32,0.2,1143.94,57.22
ORD-13454,2024-11-13,2024-11-14,Standard,Consumer,West,Mumbai,Electronics,Tablet,4,10413.3,0.2,33322.56,2685.7
ORD-13455,2025-10-29,2025-10-30,Express,Consumer,North,Delhi,Home & Kitchen,Water Bottle,3,2587.89,0.3,5434.57,256.85
ORD-13456,2025-08-07,2025-08-08,Express,Home Office,West,Pune,Groceries,Rice 5kg,2,397.79,0.0,795.58,125.33
ORD-13457,2025-06-02,2025-06-07,Express,Corporate,East,Kolkata,Electronics,Smartphone,4,38473.85,0.15,130811.09,26575.0
ORD-13458,2025-06-01,2025-06-04,Same Day,Consumer,East,Patna,Groceries,Cooking Oil 1L,5,511.43,0.15,2173.58,-340.32
ORD-13459,2025-12-20,2025-12-22,Express,Corporate,North,Lucknow,Furniture,Office Chair,3,8994.4,0.0,26983.2,9111.72
ORD-13460,2025-11-18,2025-11-22,Standard,Corporate,West,Pune,Clothing,Sneakers,6,1041.34,0.0,6248.04,-224.17
ORD-13461,2025-11-05,2025-11-08,Same Day,Corporate,West,Surat,Electronics,Tablet,4,41812.9,0.15,142163.86,15195.24
ORD-13462,2024-11-26,2024-11-28,Standard,Home Office,South,Hyderabad,Groceries,Snacks Pack,7,116.46,0.15,692.94,145.25
ORD-13463,2025-07-18,2025-07-20,Same Day,Home Office,West,Pune,Furniture,Study Table,3,20011.71,0.1,54031.62,-10599.18
ORD-13464,2024-08-26,2024-08-31,Standard,Corporate,South,Hyderabad,Electronics,Tablet,4,44706.33,0.3,125177.72,6119.55
ORD-13465,2024-09-02,2024-09-03,Standard,Home Office,South,Coimbatore,Home & Kitchen,Water Bottle,5,1279.83,0.1,5759.24,349.1
ORD-13466,2025-09-12,2025-09-13,Same Day,Home Office,West,Ahmedabad,Home & Kitchen,Non-stick Pan,4,685.94,0.0,2743.76,218.92
ORD-13467,2024-10-08,2024-10-10,Standard,Home Office,West,Surat,Groceries,Snacks Pack,6,559.64,0.0,3357.84,529.7
ORD-13468,2024-03-07,2024-03-13,Same Day,Consumer,West,Mumbai,Clothing,Sneakers,6,1480.52,0.1,7994.81,1775.49
ORD-13469,2025-02-18,2025-02-20,Same Day,Corporate,South,Coimbatore,Groceries,Snacks Pack,4,384.12,0.1,1382.83,-221.87
ORD-13470,2024-05-23,2024-05-29,Standard,Corporate,North,Delhi,Clothing,Jacket,2,527.79,0.15,897.24,56.12
ORD-13471,2025-10-17,2025-10-22,Same Day,Corporate,North,Delhi,Furniture,Bookshelf,6,4871.89,0.3,20461.94,-1222.94
ORD-13472,2024-04-18,2024-04-19,Standard,Home Office,West,Ahmedabad,Electronics,Tablet,3,3618.8,0.2,8685.12,-1438.02
ORD-13473,2025-08-11,2025-08-13,Express,Home Office,East,Patna,Home & Kitchen,Storage Box,2,3975.4,0.15,6758.18,-1654.28
ORD-13474,2025-05-19,2025-05-20,Express,Home Office,East,Patna,Clothing,Jeans,5,466.45,0.0,2332.25,154.06
ORD-13475,2025-10-27,2025-10-28,Express,Home Office,West,Pune,Home & Kitchen,LED Bulb,2,4690.57,0.2,7504.91,612.97
ORD-13476,2024-11-13,2024-11-16,Same Day,Corporate,North,Lucknow,Furniture,Sofa,1,4573.5,0.0,4573.5,759.05
ORD-13477,2025-09-05,2025-09-06,Same Day,Consumer,North,Jaipur,Groceries,Cooking Oil 1L,7,457.09,0.05,3039.65,295.02
ORD-13478,2024-01-26,2024-02-01,Standard,Corporate,East,Guwahati,Home & Kitchen,Mixer Grinder,3,3907.6,0.15,9964.38,835.25
ORD-13479,2025-03-05,2025-03-09,Same Day,Home Office,East,Kolkata,Electronics,Laptop,1,10084.79,0.15,8572.07,-1059.82
ORD-13480,2024-03-15,2024-03-18,Express,Corporate,East,Kolkata,Furniture,Bed Frame,5,21672.42,0.0,108362.1,7699.28
ORD-13481,2024-11-12,2024-11-13,Express,Corporate,North,Jaipur,Groceries,Tea 500g,4,592.89,0.0,2371.56,176.98
ORD-13482,2024-09-17,2024-09-19,Express,Home Office,West,Surat,Furniture,Study Table,2,3899.15,0.05,7408.38,365.28
ORD-13483,2024-09-20,2024-09-22,Same Day,Home Office,North,Jaipur,Clothing,Formal Shirt,7,3403.6,0.15,20251.42,1687.15
ORD-13484,2024-01-08,2024-01-11,Express,Corporate,North,Jaipur,Groceries,Tea 500g,6,421.3,0.0,2527.8,237.51
ORD-13485,2024-12-02,2024-12-06,Same Day,Consumer,North,Chandigarh,Electronics,Smartwatch,5,15294.45,0.0,76472.25,15221.7
ORD-13486,2025-01-31,2025-02-02,Express,Home Office,East,Bhubaneswar,Furniture,Office Chair,6,11521.98,0.0,69131.88,14531.06
ORD-13487,2024-06-07,2024-06-09,Express,Consumer,North,Chandigarh,Groceries,Atta 5kg,1,287.41,0.0,287.41,16.19
ORD-13488,2025-11-11,2025-11-12,Express,Corporate,West,Mumbai,Home & Kitchen,Non-stick Pan,4,4452.05,0.0,17808.2,-2555.09
ORD-13489,2025-12-15,2025-12-20,Same Day,Home Office,West,Mumbai,Home & Kitchen,Mixer Grinder,6,2428.79,0.15,12386.83,3352.03
ORD-13490,2025-06-29,2025-07-03,Same Day,Consumer,East,Bhubaneswar,Groceries,Cooking Oil 1L,3,61.84,0.0,185.52,13.64
ORD-13491,2025-03-02,2025-03-06,Standard,Consumer,North,Lucknow,Furniture,Bed Frame,2,16425.59,0.0,32851.18,-3964.16
ORD-13492,2024-08-25,2024-08-28,Standard,Consumer,South,Hyderabad,Groceries,Tea 500g,2,377.45,0.0,754.9,135.91
ORD-13493,2025-09-30,2025-10-06,Standard,Consumer,North,Lucknow,Groceries,Snacks Pack,6,549.41,0.15,2801.99,-99.73
ORD-13494,2024-07-27,2024-07-31,Express,Consumer,South,Chennai,Furniture,Office Chair,7,9520.24,0.2,53313.34,11741.67
ORD-13495,2024-04-04,2024-04-06,Express,Consumer,North,Jaipur,Clothing,Formal Shirt,7,1438.7,0.15,8560.26,-2170.66
ORD-13496,2024-05-09,2024-05-14,Express,Consumer,South,Coimbatore,Furniture,Sofa,7,3863.02,0.2,21632.91,5587.26
ORD-13497,2024-09-15,2024-09-16,Express,Corporate,East,Bhubaneswar,Home & Kitchen,LED Bulb,3,2376.46,0.2,5703.5,1040.95
ORD-13498,2025-01-14,2025-01-19,Standard,Consumer,East,Kolkata,Furniture,Study Table,6,15072.32,0.3,63303.74,9311.93
ORD-13499,2025-01-19,2025-01-21,Same Day,Home Office,West,Ahmedabad,Home & Kitchen,Storage Box,3,1039.1,0.1,2805.57,-546.24
ORD-13500,2025-02-04,2025-02-05,Same Day,Consumer,East,Kolkata,Electronics,Tablet,7,20451.2,0.0,143158.4,35412.22
ORD-13501,2025-08-11,2025-08-14,Standard,Home Office,South,Bengaluru,Clothing,Sneakers,2,1614.22,0.1,2905.6,201.89
ORD-13502,2025-11-01,2025-11-04,Express,Home Office,East,Patna,Home & Kitchen,Non-stick Pan,6,5229.74,0.3,21964.91,-5354.26
ORD-13503,2025-04-25,2025-04-26,Standard,Home Office,South,Bengaluru,Home & Kitchen,LED Bulb,5,4484.53,0.1,20180.38,2625.45
ORD-13504,2024-11-11,2024-11-16,Same Day,Consumer,South,Bengaluru,Electronics,Headphones,1,18702.21,0.3,13091.55,-2381.17
ORD-13505,2025-04-20,2025-04-22,Standard,Home Office,East,Bhubaneswar,Electronics,Tablet,5,27742.92,0.3,97100.22,-17134.75
ORD-13506,2024-11-08,2024-11-10,Standard,Consumer,West,Surat,Electronics,Smartwatch,4,20007.57,0.3,56021.2,8848.78
ORD-13507,2025-05-03,2025-05-05,Express,Home Office,West,Ahmedabad,Home & Kitchen,Storage Box,2,1608.89,0.0,3217.78,637.3
ORD-13508,2024-10-23,2024-10-27,Same Day,Corporate,North,Chandigarh,Electronics,Headphones,7,27538.31,0.05,183129.76,33377.75
ORD-13509,2025-09-16,2025-09-17,Standard,Home Office,North,Delhi,Electronics,Headphones,2,47779.36,0.0,95558.72,18124.8
ORD-13510,2025-05-05,2025-05-10,Standard,Corporate,North,Chandigarh,Groceries,Tea 500g,2,594.38,0.3,832.13,90.92
ORD-13511,2025-10-12,2025-10-18,Standard,Corporate,North,Jaipur,Home & Kitchen,Non-stick Pan,4,3367.75,0.0,13471.0,1644.18
ORD-13512,2024-05-14,2024-05-18,Standard,Home Office,West,Surat,Clothing,Formal Shirt,4,601.36,0.0,2405.44,140.52
ORD-13513,2024-01-22,2024-01-26,Express,Home Office,North,Chandigarh,Home & Kitchen,Storage Box,1,3000.14,0.0,3000.14,418.66
ORD-13514,2024-03-01,2024-03-06,Express,Home Office,South,Bengaluru,Groceries,Snacks Pack,6,61.97,0.3,260.27,23.79
ORD-13515,2025-11-12,2025-11-14,Express,Corporate,East,Kolkata,Clothing,Jeans,5,2102.5,0.2,8410.0,871.69
ORD-13516,2025-04-26,2025-05-01,Express,Consumer,East,Patna,Clothing,Jeans,5,1806.57,0.15,7677.92,-1622.27
ORD-13517,2025-07-10,2025-07-15,Express,Consumer,East,Kolkata,Electronics,Smartphone,3,35471.24,0.0,106413.72,16258.5
ORD-13518,2025-06-13,2025-06-16,Express,Corporate,North,Jaipur,Home & Kitchen,Mixer Grinder,7,5636.88,0.15,33539.44,3988.95
ORD-13519,2024-11-27,2024-12-03,Standard,Consumer,North,Jaipur,Groceries,Snacks Pack,5,580.31,0.05,2756.47,-231.03
ORD-13520,2024-02-08,2024-02-13,Express,Consumer,East,Guwahati,Clothing,Sneakers,5,852.86,0.15,3624.66,401.15
ORD-13521,2024-09-13,2024-09-14,Express,Corporate,North,Jaipur,Furniture,Sofa,1,18385.74,0.0,18385.74,3260.76
ORD-13522,2024-06-30,2024-07-06,Same Day,Home Office,West,Surat,Electronics,Headphones,6,13760.16,0.3,57792.67,9465.06
ORD-13523,2025-12-21,2025-12-24,Standard,Corporate,South,Chennai,Groceries,Snacks Pack,2,566.1,0.05,1075.59,-39.25
ORD-13524,2024-12-25,2024-12-27,Express,Home Office,North,Lucknow,Clothing,Jeans,2,1269.83,0.1,2285.69,518.51
ORD-13525,2025-04-26,2025-04-28,Standard,Consumer,East,Kolkata,Groceries,Atta 5kg,6,480.89,0.0,2885.34,-255.86
ORD-13526,2024-11-09,2024-11-14,Express,Corporate,North,Jaipur,Electronics,Headphones,3,9235.37,0.3,19394.28,-2869.36
ORD-13527,2025-08-30,2025-08-31,Same Day,Corporate,North,Jaipur,Furniture,Bed Frame,1,5969.83,0.1,5372.85,290.04
ORD-13528,2024-11-17,2024-11-22,Standard,Home Office,South,Chennai,Electronics,Laptop,4,36518.88,0.2,116860.42,15685.69
ORD-13529,2025-04-15,2025-04-16,Express,Home Office,South,Coimbatore,Electronics,Headphones,3,6356.71,0.15,16209.61,3667.17
ORD-13530,2024-01-07,2024-01-13,Express,Consumer,South,Coimbatore,Groceries,Snacks Pack,2,240.59,0.1,433.06,38.32
ORD-13531,2024-06-27,2024-06-28,Express,Consumer,South,Coimbatore,Home & Kitchen,LED Bulb,7,4715.42,0.2,26406.35,7160.64
ORD-13532,2024-08-10,2024-08-15,Same Day,Corporate,East,Kolkata,Furniture,Office Chair,3,4319.56,0.05,12310.75,539.31
ORD-13533,2024-10-28,2024-11-03,Standard,Home Office,North,Jaipur,Electronics,Headphones,6,54234.75,0.0,325408.5,35751.21
ORD-13534,2024-11-04,2024-11-10,Same Day,Corporate,North,Chandigarh,Clothing,Jeans,5,2292.12,0.15,9741.51,-2681.71
ORD-13535,2025-06-06,2025-06-12,Same Day,Consumer,West,Pune,Home & Kitchen,LED Bulb,1,980.85,0.0,980.85,112.17
ORD-13536,2025-06-19,2025-06-23,Standard,Home Office,East,Bhubaneswar,Clothing,Jacket,7,1387.3,0.0,9711.1,1943.62
ORD-13537,2025-04-25,2025-04-27,Same Day,Home Office,North,Chandigarh,Furniture,Sofa,3,18620.71,0.2,44689.7,9529.02
ORD-13538,2025-06-05,2025-06-07,Express,Consumer,North,Jaipur,Furniture,Sofa,6,22723.49,0.1,122706.85,-5707.1
ORD-13539,2024-04-11,2024-04-15,Same Day,Corporate,North,Lucknow,Groceries,Cooking Oil 1L,6,316.29,0.0,1897.74,403.27
ORD-13540,2024-12-24,2024-12-28,Standard,Corporate,North,Jaipur,Home & Kitchen,Storage Box,2,441.82,0.05,839.46,51.2
ORD-13541,2024-07-30,2024-08-03,Standard,Corporate,South,Hyderabad,Home & Kitchen,Mixer Grinder,4,3308.86,0.1,11911.9,979.2
ORD-13542,2025-05-03,2025-05-05,Express,Corporate,West,Mumbai,Home & Kitchen,Mixer Grinder,6,2745.76,0.1,14827.1,-2508.75
ORD-13543,2025-08-18,2025-08-23,Express,Corporate,North,Chandigarh,Groceries,Rice 5kg,6,519.55,0.05,2961.43,448.72
ORD-13544,2025-12-29,2025-12-30,Express,Consumer,South,Chennai,Electronics,Smartphone,1,28555.15,0.15,24271.88,4423.27
ORD-13545,2025-08-06,2025-08-08,Express,Home Office,West,Pune,Clothing,Formal Shirt,3,2203.33,0.2,5287.99,1643.62
ORD-13546,2025-01-22,2025-01-25,Standard,Consumer,East,Kolkata,Groceries,Atta 5kg,6,191.05,0.0,1146.3,83.7
ORD-13547,2024-04-01,2024-04-04,Same Day,Corporate,North,Delhi,Clothing,Formal Shirt,7,1591.69,0.1,10027.65,423.27
ORD-13548,2024-07-10,2024-07-15,Express,Home Office,West,Surat,Groceries,Rice 5kg,5,270.18,0.05,1283.36,405.2
ORD-13549,2024-04-18,2024-04-20,Express,Corporate,West,Ahmedabad,Clothing,Formal Shirt,4,2289.68,0.0,9158.72,1858.3
ORD-13550,2024-07-28,2024-07-29,Standard,Consumer,West,Surat,Home & Kitchen,LED Bulb,7,854.29,0.0,5980.03,519.7
ORD-13551,2025-06-22,2025-06-24,Express,Corporate,North,Jaipur,Furniture,Study Table,6,11719.66,0.3,49222.57,6683.44
ORD-13552,2025-11-28,2025-12-02,Express,Consumer,East,Guwahati,Electronics,Tablet,2,33887.34,0.15,57608.48,-4333.42
ORD-13553,2025-07-20,2025-07-24,Express,Consumer,South,Bengaluru,Clothing,Jacket,5,2989.07,0.0,14945.35,1188.89
ORD-13554,2025-09-05,2025-09-09,Standard,Consumer,North,Jaipur,Groceries,Snacks Pack,5,135.29,0.0,676.45,112.06
ORD-13555,2025-08-12,2025-08-17,Same Day,Home Office,North,Chandigarh,Home & Kitchen,Mixer Grinder,5,1001.08,0.0,5005.4,208.37
ORD-13556,2024-07-16,2024-07-18,Standard,Corporate,East,Guwahati,Clothing,Formal Shirt,2,2202.87,0.2,3524.59,140.95
ORD-13557,2025-09-01,2025-09-07,Express,Home Office,West,Mumbai,Electronics,Laptop,6,14676.16,0.2,70445.57,-12649.75
ORD-13558,2025-04-27,2025-05-03,Standard,Consumer,West,Pune,Home & Kitchen,Storage Box,3,1214.19,0.0,3642.57,818.35
ORD-13559,2025-12-23,2025-12-29,Same Day,Corporate,West,Mumbai,Electronics,Smartwatch,2,25254.71,0.1,45458.48,-6475.01
ORD-13560,2024-02-23,2024-02-24,Standard,Corporate,North,Jaipur,Groceries,Atta 5kg,4,586.57,0.0,2346.28,467.57
ORD-13561,2025-03-30,2025-04-02,Standard,Consumer,East,Kolkata,Furniture,Sofa,2,11610.52,0.0,23221.04,-2351.52
ORD-13562,2025-03-01,2025-03-07,Standard,Consumer,North,Delhi,Home & Kitchen,Mixer Grinder,1,5524.29,0.3,3867.0,1066.04
ORD-13563,2024-12-12,2024-12-13,Standard,Corporate,North,Lucknow,Furniture,Bed Frame,7,4551.7,0.2,25489.52,5390.17
ORD-13564,2024-10-21,2024-10-25,Express,Home Office,North,Lucknow,Groceries,Cooking Oil 1L,7,249.75,0.15,1486.01,213.69
ORD-13565,2024-11-11,2024-11-12,Same Day,Consumer,North,Lucknow,Groceries,Snacks Pack,6,318.52,0.0,1911.12,-77.58
ORD-13566,2024-12-18,2024-12-19,Standard,Home Office,South,Chennai,Groceries,Atta 5kg,7,580.98,0.2,3253.49,936.1
ORD-13567,2025-05-14,2025-05-16,Standard,Consumer,West,Mumbai,Home & Kitchen,LED Bulb,5,2321.87,0.0,11609.35,1539.41
ORD-13568,2024-11-09,2024-11-15,Standard,Consumer,East,Kolkata,Furniture,Study Table,3,16215.46,0.3,34052.47,-1716.77
ORD-13569,2025-10-18,2025-10-21,Express,Corporate,East,Guwahati,Electronics,Smartwatch,5,37182.98,0.3,130140.43,24143.18
ORD-13570,2024-05-16,2024-05-19,Same Day,Corporate,South,Chennai,Groceries,Cooking Oil 1L,5,244.17,0.2,976.68,190.84
ORD-13571,2025-02-08,2025-02-11,Express,Corporate,South,Chennai,Clothing,Sneakers,2,3169.29,0.05,6021.65,903.31
ORD-13572,2025-03-08,2025-03-14,Express,Consumer,West,Ahmedabad,Clothing,Jacket,7,1719.12,0.3,8423.69,1786.91
ORD-13573,2025-02-18,2025-02-22,Express,Home Office,West,Surat,Furniture,Bookshelf,6,12878.88,0.15,65682.29,16446.28
ORD-13574,2025-01-17,2025-01-18,Standard,Home Office,South,Hyderabad,Furniture,Bookshelf,3,18117.75,0.0,54353.25,6610.22
ORD-13575,2025-06-08,2025-06-12,Express,Consumer,North,Chandigarh,Home & Kitchen,Non-stick Pan,3,883.55,0.05,2518.12,212.27
ORD-13576,2024-04-05,2024-04-10,Same Day,Corporate,South,Hyderabad,Furniture,Sofa,5,8505.95,0.05,40403.26,-8220.98
ORD-13577,2024-06-13,2024-06-16,Same Day,Home Office,South,Bengaluru,Furniture,Office Chair,2,24413.72,0.2,39061.95,6791.2
ORD-13578,2025-01-24,2025-01-26,Express,Consumer,East,Patna,Groceries,Snacks Pack,5,89.42,0.05,424.74,45.63
ORD-13579,2024-07-12,2024-07-18,Same Day,Corporate,West,Ahmedabad,Clothing,Formal Shirt,1,1190.65,0.3,833.46,-154.15
ORD-13580,2025-11-06,2025-11-07,Same Day,Corporate,East,Patna,Clothing,T-Shirt,7,895.71,0.15,5329.47,454.19
ORD-13581,2025-05-15,2025-05-19,Same Day,Corporate,North,Jaipur,Furniture,Office Chair,4,23722.32,0.0,94889.28,-5545.2
ORD-13582,2025-06-20,2025-06-23,Express,Home Office,North,Delhi,Clothing,Jacket,5,838.98,0.2,3355.92,432.22
ORD-13583,2024-04-17,2024-04-22,Same Day,Corporate,East,Kolkata,Clothing,Formal Shirt,3,2857.98,0.05,8145.24,2438.01
ORD-13584,2024-05-02,2024-05-04,Standard,Home Office,West,Mumbai,Clothing,Jacket,1,680.55,0.0,680.55,119.68
ORD-13585,2024-03-26,2024-03-28,Same Day,Corporate,North,Chandigarh,Home & Kitchen,Non-stick Pan,5,4183.64,0.05,19872.29,3262.35
ORD-13586,2025-06-16,2025-06-21,Same Day,Corporate,South,Chennai,Electronics,Laptop,7,41289.09,0.3,202316.54,13537.19
ORD-13587,2025-09-11,2025-09-14,Express,Corporate,South,Chennai,Home & Kitchen,LED Bulb,1,3206.15,0.0,3206.15,-299.38
ORD-13588,2025-07-16,2025-07-20,Express,Consumer,East,Guwahati,Electronics,Smartphone,3,51044.75,0.2,122507.4,28179.42
ORD-13589,2025-05-19,2025-05-25,Same Day,Consumer,North,Jaipur,Groceries,Tea 500g,3,212.19,0.1,572.91,87.03
ORD-13590,2024-09-28,2024-10-01,Same Day,Corporate,West,Surat,Clothing,Formal Shirt,4,632.03,0.1,2275.31,-430.91
ORD-13591,2024-09-01,2024-09-04,Same Day,Home Office,West,Pune,Groceries,Rice 5kg,6,514.44,0.0,3086.64,434.63
ORD-13592,2024-05-16,2024-05-17,Same Day,Home Office,West,Ahmedabad,Electronics,Smartphone,5,50183.76,0.3,175643.16,-23962.91
ORD-13593,2024-03-24,2024-03-27,Standard,Consumer,West,Pune,Furniture,Bed Frame,4,23916.62,0.15,81316.51,13894.29
ORD-13594,2025-09-19,2025-09-24,Express,Consumer,East,Bhubaneswar,Electronics,Laptop,2,50207.57,0.0,100415.14,17078.91
ORD-13595,2025-06-20,2025-06-26,Standard,Home Office,South,Hyderabad,Furniture,Sofa,4,8617.52,0.05,32746.58,-7305.65
ORD-13596,2024-09-29,2024-10-03,Same Day,Corporate,West,Surat,Home & Kitchen,Water Bottle,6,1585.67,0.3,6659.81,945.85
ORD-13597,2024-09-25,2024-09-26,Standard,Home Office,East,Patna,Groceries,Cooking Oil 1L,2,468.4,0.0,936.8,-229.55
ORD-13598,2024-05-21,2024-05-23,Standard,Corporate,East,Patna,Electronics,Smartphone,7,14895.91,0.3,72989.96,9943.58
ORD-13599,2025-12-15,2025-12-19,Express,Consumer,South,Chennai,Groceries,Tea 500g,4,294.24,0.2,941.57,165.18
ORD-13600,2025-02-15,2025-02-21,Same Day,Consumer,West,Surat,Home & Kitchen,Non-stick Pan,6,1310.96,0.3,5506.03,-702.34
ORD-13601,2024-05-09,2024-05-14,Same Day,Consumer,South,Coimbatore,Electronics,Laptop,2,14360.4,0.0,28720.8,3444.4
ORD-13602,2024-04-29,2024-05-04,Same Day,Home Office,East,Kolkata,Groceries,Atta 5kg,7,154.32,0.0,1080.24,-68.78
ORD-13603,2024-04-18,2024-04-22,Standard,Home Office,North,Chandigarh,Furniture,Office Chair,4,18423.16,0.05,70008.01,16045.27
ORD-13604,2025-08-26,2025-08-30,Express,Corporate,East,Kolkata,Electronics,Laptop,6,6132.96,0.3,25758.43,-2584.25
ORD-13605,2024-02-25,2024-02-28,Express,Home Office,East,Bhubaneswar,Home & Kitchen,Water Bottle,6,4564.85,0.2,21911.28,951.45
ORD-13606,2025-03-11,2025-03-14,Standard,Consumer,South,Bengaluru,Clothing,Formal Shirt,7,828.69,0.05,5510.79,-784.55
ORD-13607,2024-06-17,2024-06-22,Express,Consumer,South,Bengaluru,Home & Kitchen,Non-stick Pan,4,877.63,0.3,2457.36,-759.63
ORD-13608,2025-07-14,2025-07-15,Same Day,Corporate,East,Kolkata,Clothing,T-Shirt,1,2653.73,0.3,1857.61,148.56
ORD-13609,2025-03-27,2025-03-28,Same Day,Corporate,South,Hyderabad,Electronics,Laptop,1,16790.84,0.05,15951.3,-1558.86
ORD-13610,2024-07-28,2024-07-29,Standard,Corporate,East,Patna,Furniture,Bookshelf,4,2100.92,0.1,7563.31,-1444.7
ORD-13611,2025-10-12,2025-10-15,Standard,Consumer,West,Ahmedabad,Home & Kitchen,LED Bulb,5,1148.8,0.0,5744.0,1206.05
ORD-13612,2024-05-21,2024-05-24,Same Day,Consumer,West,Pune,Clothing,Jeans,3,772.52,0.15,1969.93,508.76
ORD-13613,2025-11-28,2025-12-01,Express,Consumer,South,Hyderabad,Home & Kitchen,Mixer Grinder,2,2387.25,0.15,4058.32,-361.79
ORD-13614,2024-11-29,2024-12-02,Express,Consumer,East,Guwahati,Electronics,Laptop,3,17120.45,0.3,35952.94,4539.78
ORD-13615,2025-06-17,2025-06-21,Standard,Corporate,West,Surat,Clothing,Sneakers,6,2887.6,0.0,17325.6,-5677.48
ORD-13616,2025-03-13,2025-03-16,Standard,Corporate,North,Lucknow,Electronics,Tablet,7,11571.66,0.0,81001.62,16070.4
ORD-13617,2024-05-18,2024-05-22,Same Day,Consumer,North,Delhi,Furniture,Bed Frame,7,21224.86,0.0,148574.02,37171.05
ORD-13618,2024-03-20,2024-03-25,Express,Corporate,North,Lucknow,Home & Kitchen,Water Bottle,1,358.79,0.05,340.85,89.05
ORD-13619,2024-04-11,2024-04-17,Same Day,Home Office,East,Bhubaneswar,Electronics,Tablet,1,11487.51,0.0,11487.51,-3356.19
ORD-13620,2025-02-06,2025-02-12,Express,Consumer,North,Chandigarh,Electronics,Headphones,5,8969.89,0.05,42606.98,4086.74
ORD-13621,2024-09-17,2024-09-18,Same Day,Consumer,West,Mumbai,Clothing,Jacket,6,862.84,0.05,4918.19,982.57
ORD-13622,2024-07-29,2024-08-02,Standard,Consumer,South,Bengaluru,Home & Kitchen,LED Bulb,7,878.16,0.15,5225.05,-1011.63
ORD-13623,2024-03-08,2024-03-11,Standard,Consumer,North,Chandigarh,Home & Kitchen,Water Bottle,2,3260.0,0.15,5542.0,1634.47
ORD-13624,2024-08-14,2024-08-16,Standard,Home Office,West,Mumbai,Furniture,Office Chair,3,19267.82,0.05,54913.29,2188.81
ORD-13625,2025-02-03,2025-02-06,Standard,Corporate,South,Chennai,Electronics,Laptop,4,57267.84,0.1,206164.22,63139.01
ORD-13626,2024-07-07,2024-07-12,Same Day,Home Office,West,Surat,Home & Kitchen,Non-stick Pan,6,3255.73,0.0,19534.38,2128.97
ORD-13627,2025-12-25,2025-12-30,Standard,Home Office,North,Delhi,Furniture,Sofa,7,9569.88,0.2,53591.33,10762.39
ORD-13628,2024-03-16,2024-03-18,Same Day,Consumer,North,Jaipur,Electronics,Smartwatch,6,26739.93,0.0,160439.58,-23670.8
ORD-13629,2024-12-29,2025-01-03,Same Day,Home Office,North,Delhi,Groceries,Rice 5kg,5,198.44,0.05,942.59,-129.18
ORD-13630,2025-03-18,2025-03-24,Standard,Corporate,East,Bhubaneswar,Home & Kitchen,Water Bottle,1,1418.99,0.1,1277.09,174.01
ORD-13631,2025-12-24,2025-12-27,Express,Corporate,West,Surat,Electronics,Smartphone,5,59969.64,0.2,239878.56,24329.11
ORD-13632,2024-01-22,2024-01-26,Same Day,Corporate,North,Chandigarh,Groceries,Snacks Pack,4,87.72,0.1,315.79,25.34
ORD-13633,2024-11-02,2024-11-06,Standard,Corporate,North,Lucknow,Home & Kitchen,Water Bottle,4,4861.04,0.2,15555.33,3056.02
ORD-13634,2024-04-01,2024-04-03,Same Day,Consumer,West,Surat,Home & Kitchen,Water Bottle,5,5320.89,0.0,26604.45,6289.47
ORD-13635,2024-03-11,2024-03-15,Standard,Home Office,North,Delhi,Home & Kitchen,Non-stick Pan,1,4410.78,0.0,4410.78,574.8
ORD-13636,2024-01-17,2024-01-19,Standard,Home Office,North,Chandigarh,Electronics,Smartphone,4,34233.2,0.2,109546.24,15954.53
ORD-13637,2024-12-01,2024-12-03,Same Day,Home Office,West,Mumbai,Furniture,Bookshelf,7,3405.64,0.0,23839.48,3487.47
ORD-13638,2024-09-20,2024-09-22,Same Day,Corporate,East,Guwahati,Electronics,Tablet,6,58768.69,0.0,352612.14,79854.29
ORD-13639,2025-07-03,2025-07-07,Standard,Corporate,South,Coimbatore,Clothing,Jacket,5,2029.06,0.3,7101.71,423.59
ORD-13640,2024-07-22,2024-07-24,Standard,Consumer,West,Ahmedabad,Home & Kitchen,Water Bottle,5,2139.25,0.2,8557.0,1885.03
ORD-13641,2024-03-02,2024-03-06,Standard,Corporate,East,Guwahati,Electronics,Tablet,2,29972.17,0.0,59944.34,-6678.42
ORD-13642,2025-02-13,2025-02-15,Express,Consumer,West,Surat,Groceries,Rice 5kg,4,188.05,0.0,752.2,-52.84
ORD-13643,2024-09-01,2024-09-02,Same Day,Corporate,North,Chandigarh,Home & Kitchen,Non-stick Pan,5,1747.22,0.0,8736.1,1308.26
ORD-13644,2024-02-11,2024-02-15,Express,Corporate,East,Guwahati,Furniture,Study Table,3,2898.14,0.15,7390.26,2104.98
ORD-13645,2024-01-16,2024-01-21,Same Day,Home Office,West,Surat,Furniture,Bookshelf,2,2179.63,0.1,3923.33,815.54
ORD-13646,2024-07-26,2024-07-30,Standard,Consumer,West,Ahmedabad,Furniture,Sofa,6,22583.99,0.05,128728.74,16981.01
ORD-13647,2024-05-26,2024-05-29,Express,Home Office,West,Pune,Furniture,Study Table,7,10448.23,0.05,69480.73,-3659.3
ORD-13648,2024-08-31,2024-09-03,Standard,Home Office,West,Mumbai,Groceries,Snacks Pack,2,426.98,0.0,853.96,219.43
ORD-13649,2024-10-18,2024-10-19,Express,Home Office,South,Coimbatore,Clothing,T-Shirt,6,1313.61,0.0,7881.66,-1343.78
ORD-13650,2024-06-10,2024-06-11,Standard,Consumer,West,Pune,Groceries,Tea 500g,1,363.32,0.15,308.82,51.97
ORD-13651,2024-08-31,2024-09-02,Same Day,Home Office,South,Coimbatore,Groceries,Cooking Oil 1L,3,420.8,0.0,1262.4,325.69
ORD-13652,2025-03-09,2025-03-10,Same Day,Corporate,West,Mumbai,Groceries,Tea 500g,7,255.82,0.0,1790.74,341.18
ORD-13653,2025-09-06,2025-09-11,Standard,Corporate,North,Delhi,Furniture,Bookshelf,4,17173.15,0.2,54954.08,4087.91
ORD-13654,2024-05-16,2024-05-19,Standard,Consumer,West,Pune,Clothing,Jeans,6,1318.43,0.1,7119.52,915.03
ORD-13655,2024-10-11,2024-10-14,Express,Consumer,North,Chandigarh,Home & Kitchen,Non-stick Pan,2,2750.03,0.2,4400.05,-867.53
ORD-13656,2025-01-16,2025-01-20,Same Day,Consumer,North,Jaipur,Clothing,Sneakers,6,577.81,0.0,3466.86,446.95
ORD-13657,2024-09-11,2024-09-15,Same Day,Consumer,North,Lucknow,Furniture,Office Chair,7,19820.84,0.2,110996.7,31050.01
ORD-13658,2025-08-04,2025-08-10,Standard,Consumer,South,Bengaluru,Groceries,Snacks Pack,5,140.27,0.15,596.15,89.01
ORD-13659,2024-02-15,2024-02-17,Same Day,Consumer,East,Guwahati,Furniture,Study Table,6,2136.82,0.0,12820.92,2136.47
ORD-13660,2024-06-15,2024-06-17,Express,Consumer,South,Coimbatore,Furniture,Bookshelf,3,7155.24,0.1,19319.15,5516.08
ORD-13661,2024-09-29,2024-10-02,Same Day,Home Office,West,Mumbai,Electronics,Smartphone,5,43021.94,0.0,215109.7,-19311.61
ORD-13662,2024-10-09,2024-10-15,Standard,Corporate,South,Bengaluru,Electronics,Smartphone,4,15886.83,0.0,63547.32,2741.35
ORD-13663,2025-05-26,2025-05-31,Same Day,Consumer,North,Delhi,Electronics,Tablet,1,22017.78,0.0,22017.78,3156.53
ORD-13664,2024-05-13,2024-05-18,Express,Corporate,North,Chandigarh,Groceries,Atta 5kg,4,412.08,0.1,1483.49,311.29
ORD-13665,2025-12-11,2025-12-13,Express,Corporate,North,Jaipur,Home & Kitchen,Non-stick Pan,7,5855.7,0.3,28692.93,-5797.28
ORD-13666,2024-03-05,2024-03-06,Standard,Home Office,East,Guwahati,Electronics,Laptop,3,25523.16,0.0,76569.48,-10251.36
ORD-13667,2024-02-13,2024-02-14,Same Day,Corporate,East,Guwahati,Furniture,Office Chair,7,17173.07,0.2,96169.19,-10688.07
ORD-13668,2024-02-06,2024-02-12,Standard,Consumer,North,Delhi,Home & Kitchen,Storage Box,7,4492.2,0.05,29873.13,-2876.9
ORD-13669,2024-08-09,2024-08-12,Same Day,Consumer,West,Pune,Groceries,Cooking Oil 1L,2,556.41,0.0,1112.82,201.72
ORD-13670,2025-07-22,2025-07-27,Standard,Consumer,East,Patna,Groceries,Snacks Pack,1,419.29,0.0,419.29,62.55
ORD-13671,2024-07-27,2024-07-29,Same Day,Consumer,East,Patna,Home & Kitchen,Mixer Grinder,5,1496.69,0.15,6360.93,1286.41
ORD-13672,2025-06-10,2025-06-15,Express,Consumer,North,Delhi,Groceries,Snacks Pack,6,333.88,0.0,2003.28,-423.84
ORD-13673,2025-10-28,2025-10-31,Standard,Home Office,South,Coimbatore,Furniture,Study Table,5,22626.84,0.3,79193.94,23624.7
ORD-13674,2025-04-05,2025-04-09,Same Day,Corporate,East,Bhubaneswar,Home & Kitchen,Non-stick Pan,6,1898.52,0.1,10252.01,-1699.49
ORD-13675,2025-11-27,2025-12-01,Same Day,Home Office,West,Mumbai,Furniture,Office Chair,1,5971.99,0.3,4180.39,405.3
ORD-13676,2025-04-07,2025-04-11,Standard,Corporate,North,Chandigarh,Groceries,Tea 500g,3,549.92,0.05,1567.27,258.05
ORD-13677,2024-03-12,2024-03-14,Express,Consumer,North,Delhi,Electronics,Smartphone,5,43126.48,0.0,215632.4,-49140.06
ORD-13678,2024-05-30,2024-06-05,Express,Home Office,East,Kolkata,Groceries,Snacks Pack,2,361.67,0.3,506.34,-68.27
ORD-13679,2024-11-16,2024-11-21,Express,Consumer,West,Mumbai,Electronics,Smartphone,6,34876.7,0.2,167408.16,40507.82
ORD-13680,2024-08-03,2024-08-07,Same Day,Consumer,West,Pune,Furniture,Bed Frame,7,22098.85,0.3,108284.36,16664.69
ORD-13681,2025-01-27,2025-01-31,Express,Home Office,North,Jaipur,Clothing,Jeans,2,2974.6,0.15,5056.82,297.15
ORD-13682,2025-01-30,2025-02-05,Same Day,Home Office,South,Chennai,Furniture,Office Chair,6,4196.2,0.0,25177.2,2136.89
ORD-13683,2024-02-19,2024-02-24,Same Day,Home Office,West,Pune,Home & Kitchen,LED Bulb,2,4932.57,0.2,7892.11,1894.23
ORD-13684,2025-07-27,2025-07-30,Express,Consumer,East,Bhubaneswar,Home & Kitchen,Storage Box,5,4459.24,0.15,18951.77,1987.74
ORD-13685,2024-10-17,2024-10-20,Standard,Home Office,South,Bengaluru,Clothing,Sneakers,3,1189.61,0.15,3033.51,513.85
ORD-13686,2025-12-01,2025-12-06,Same Day,Home Office,East,Guwahati,Groceries,Atta 5kg,2,421.72,0.0,843.44,-225.06
ORD-13687,2024-08-14,2024-08-17,Express,Consumer,North,Lucknow,Electronics,Tablet,5,2063.36,0.0,10316.8,-1718.64
ORD-13688,2024-06-14,2024-06-19,Standard,Corporate,East,Kolkata,Home & Kitchen,LED Bulb,3,413.93,0.05,1179.7,-102.9
ORD-13689,2025-01-30,2025-02-02,Express,Consumer,North,Jaipur,Furniture,Sofa,6,6195.17,0.0,37171.02,5892.43
ORD-13690,2024-11-16,2024-11-20,Standard,Consumer,West,Surat,Electronics,Headphones,6,3690.87,0.05,21037.96,-5328.9
ORD-13691,2024-10-30,2024-11-04,Express,Consumer,South,Hyderabad,Furniture,Bed Frame,4,22234.15,0.05,84489.77,18606.18
ORD-13692,2025-08-23,2025-08-29,Same Day,Home Office,South,Bengaluru,Electronics,Tablet,6,20419.72,0.05,116392.4,-33799.96
ORD-13693,2025-10-23,2025-10-26,Same Day,Corporate,East,Patna,Electronics,Tablet,6,59833.56,0.15,305151.16,74700.08
ORD-13694,2024-02-12,2024-02-14,Standard,Consumer,North,Lucknow,Electronics,Headphones,4,59113.11,0.0,236452.44,17533.2
ORD-13695,2025-10-31,2025-11-01,Express,Home Office,East,Patna,Groceries,Tea 500g,1,181.88,0.0,181.88,-23.27
ORD-13696,2024-04-02,2024-04-06,Same Day,Home Office,North,Chandigarh,Electronics,Smartwatch,6,42409.67,0.05,241735.12,59045.74
ORD-13697,2024-05-31,2024-06-04,Express,Home Office,West,Surat,Clothing,Sneakers,4,2197.23,0.3,6152.24,-1285.54
ORD-13698,2024-02-06,2024-02-11,Same Day,Consumer,North,Chandigarh,Groceries,Snacks Pack,2,114.01,0.0,228.02,28.52
ORD-13699,2025-04-23,2025-04-26,Standard,Corporate,North,Jaipur,Home & Kitchen,Non-stick Pan,1,5423.7,0.1,4881.33,1250.67
ORD-13700,2024-05-01,2024-05-05,Express,Corporate,South,Bengaluru,Home & Kitchen,Storage Box,3,4073.5,0.0,12220.5,-3405.94
ORD-13701,2025-01-25,2025-01-29,Express,Corporate,North,Jaipur,Furniture,Study Table,4,24516.24,0.05,93161.71,10199.53
ORD-13702,2024-06-03,2024-06-05,Standard,Home Office,North,Delhi,Clothing,T-Shirt,6,2222.11,0.05,12666.03,2621.8
ORD-13703,2025-10-15,2025-10-19,Standard,Home Office,East,Guwahati,Electronics,Headphones,7,5222.78,0.15,31075.54,4199.49
ORD-13704,2025-05-11,2025-05-15,Same Day,Consumer,North,Delhi,Clothing,T-Shirt,7,586.78,0.15,3491.34,543.94
ORD-13705,2024-03-19,2024-03-21,Same Day,Corporate,East,Patna,Clothing,Jeans,4,1489.21,0.1,5361.16,746.25
ORD-13706,2024-06-14,2024-06-20,Express,Corporate,West,Ahmedabad,Furniture,Bookshelf,6,16315.49,0.0,97892.94,19488.07
ORD-13707,2024-01-11,2024-01-12,Express,Consumer,South,Chennai,Clothing,Jacket,1,3175.89,0.15,2699.51,574.47
ORD-13708,2024-07-19,2024-07-24,Standard,Home Office,North,Lucknow,Groceries,Cooking Oil 1L,4,552.84,0.05,2100.79,253.04
ORD-13709,2024-12-31,2025-01-02,Same Day,Home Office,East,Guwahati,Home & Kitchen,Non-stick Pan,7,765.49,0.0,5358.43,1052.69
ORD-13710,2025-01-12,2025-01-14,Same Day,Corporate,West,Surat,Electronics,Tablet,4,57623.39,0.3,161345.49,-16972.26
ORD-13711,2025-04-17,2025-04-23,Standard,Corporate,North,Chandigarh,Home & Kitchen,Non-stick Pan,5,5466.26,0.0,27331.3,6046.98
ORD-13712,2025-12-02,2025-12-07,Same Day,Consumer,South,Hyderabad,Furniture,Bookshelf,4,10458.29,0.1,37649.84,2897.71
ORD-13713,2024-08-07,2024-08-12,Express,Corporate,North,Delhi,Furniture,Bed Frame,5,6114.01,0.0,30570.05,6488.92
ORD-13714,2025-08-09,2025-08-14,Same Day,Consumer,South,Chennai,Groceries,Atta 5kg,4,240.58,0.0,962.32,105.5
ORD-13715,2024-08-06,2024-08-08,Express,Home Office,West,Surat,Electronics,Laptop,7,13990.51,0.1,88140.21,13642.91
ORD-13716,2024-02-10,2024-02-13,Express,Home Office,North,Chandigarh,Clothing,Jacket,2,1879.09,0.05,3570.27,-993.01
ORD-13717,2025-02-21,2025-02-23,Standard,Corporate,South,Hyderabad,Furniture,Sofa,4,17037.88,0.05,64743.94,-3575.93
ORD-13718,2024-12-20,2024-12-22,Same Day,Corporate,South,Bengaluru,Home & Kitchen,Non-stick Pan,4,5412.33,0.2,17319.46,2591.38
ORD-13719,2025-10-16,2025-10-19,Express,Consumer,South,Coimbatore,Electronics,Smartwatch,4,17367.98,0.0,69471.92,4863.74
ORD-13720,2024-07-07,2024-07-11,Standard,Consumer,East,Guwahati,Electronics,Headphones,4,52139.88,0.3,145991.66,34183.93
ORD-13721,2025-10-31,2025-11-05,Standard,Consumer,South,Bengaluru,Groceries,Snacks Pack,5,247.24,0.0,1236.2,207.03
ORD-13722,2024-03-15,2024-03-20,Standard,Consumer,North,Chandigarh,Clothing,Jeans,2,1811.14,0.0,3622.28,578.38
ORD-13723,2025-01-23,2025-01-24,Same Day,Home Office,East,Bhubaneswar,Groceries,Cooking Oil 1L,6,474.4,0.0,2846.4,483.63
ORD-13724,2024-08-21,2024-08-26,Same Day,Home Office,North,Delhi,Furniture,Study Table,1,16339.93,0.3,11437.95,1721.85
ORD-13725,2024-12-11,2024-12-16,Express,Consumer,North,Chandigarh,Electronics,Laptop,3,17892.94,0.1,48310.94,8014.04
ORD-13726,2024-01-18,2024-01-23,Same Day,Home Office,West,Pune,Electronics,Tablet,3,25742.27,0.15,65642.79,15208.11
ORD-13727,2024-03-15,2024-03-20,Express,Home Office,West,Mumbai,Electronics,Laptop,5,10119.9,0.2,40479.6,-1091.7
ORD-13728,2024-04-14,2024-04-18,Same Day,Consumer,South,Coimbatore,Home & Kitchen,Storage Box,3,1698.52,0.05,4840.78,453.3
ORD-13729,2025-08-28,2025-09-03,Same Day,Corporate,North,Jaipur,Clothing,Formal Shirt,6,2597.17,0.15,13245.57,2659.23
ORD-13730,2025-11-14,2025-11-17,Express,Home Office,East,Kolkata,Home & Kitchen,Mixer Grinder,4,3582.52,0.0,14330.08,1987.7
ORD-13731,2024-01-18,2024-01-20,Express,Home Office,East,Guwahati,Clothing,T-Shirt,3,1356.18,0.1,3661.69,331.16
ORD-13732,2024-01-11,2024-01-15,Standard,Consumer,West,Mumbai,Clothing,Sneakers,4,1480.21,0.15,5032.71,779.87
ORD-13733,2025-11-14,2025-11-18,Same Day,Consumer,East,Kolkata,Electronics,Smartphone,1,54244.66,0.15,46107.96,5824.1
ORD-13734,2024-03-05,2024-03-09,Same Day,Home Office,South,Hyderabad,Groceries,Atta 5kg,1,402.39,0.05,382.27,99.83
ORD-13735,2025-01-18,2025-01-21,Standard,Home Office,West,Surat,Home & Kitchen,LED Bulb,6,1545.34,0.05,8808.44,-555.61
ORD-13736,2025-05-24,2025-05-25,Standard,Consumer,West,Ahmedabad,Groceries,Cooking Oil 1L,3,471.3,0.05,1343.2,208.47
ORD-13737,2024-07-21,2024-07-24,Same Day,Corporate,West,Pune,Clothing,Formal Shirt,6,2763.94,0.2,13266.91,-709.27
ORD-13738,2024-04-15,2024-04-16,Standard,Consumer,South,Chennai,Groceries,Tea 500g,5,321.21,0.15,1365.14,136.5
ORD-13739,2024-12-13,2024-12-14,Same Day,Home Office,North,Delhi,Furniture,Office Chair,7,5100.84,0.05,33920.59,6271.48
ORD-13740,2025-05-30,2025-06-04,Same Day,Consumer,West,Surat,Electronics,Headphones,5,42273.63,0.0,211368.15,17526.84
ORD-13741,2025-06-29,2025-06-30,Same Day,Consumer,West,Mumbai,Groceries,Rice 5kg,1,363.66,0.0,363.66,38.05
ORD-13742,2024-07-17,2024-07-22,Express,Corporate,East,Bhubaneswar,Furniture,Office Chair,6,14565.51,0.1,78653.75,24187.07
ORD-13743,2025-01-20,2025-01-24,Standard,Corporate,East,Guwahati,Groceries,Atta 5kg,1,120.97,0.0,120.97,13.54
ORD-13744,2024-04-12,2024-04-13,Same Day,Home Office,West,Pune,Clothing,Jacket,7,1438.67,0.0,10070.69,-2396.21
ORD-13745,2024-08-05,2024-08-11,Same Day,Home Office,South,Hyderabad,Groceries,Cooking Oil 1L,7,292.6,0.1,1843.38,259.36
ORD-13746,2024-08-08,2024-08-13,Same Day,Home Office,North,Delhi,Furniture,Bed Frame,3,6617.21,0.2,15881.3,1611.51
ORD-13747,2024-03-30,2024-04-03,Express,Consumer,North,Lucknow,Groceries,Tea 500g,5,308.73,0.2,1234.92,379.45
ORD-13748,2024-02-12,2024-02-14,Express,Consumer,West,Ahmedabad,Groceries,Atta 5kg,6,307.01,0.2,1473.65,271.85
ORD-13749,2024-06-15,2024-06-16,Express,Home Office,South,Coimbatore,Electronics,Smartwatch,2,30518.71,0.05,57985.55,-4337.24
ORD-13750,2024-10-03,2024-10-05,Same Day,Corporate,West,Ahmedabad,Home & Kitchen,LED Bulb,7,4180.92,0.0,29266.44,-3343.65
ORD-13751,2025-04-27,2025-05-03,Standard,Consumer,North,Delhi,Groceries,Tea 500g,5,556.08,0.05,2641.38,488.98
ORD-13752,2024-04-25,2024-05-01,Standard,Corporate,South,Hyderabad,Clothing,Jacket,3,2493.72,0.0,7481.16,1369.73
ORD-13753,2024-02-22,2024-02-26,Express,Consumer,East,Bhubaneswar,Furniture,Study Table,6,5313.11,0.2,25502.93,4817.86
ORD-13754,2024-05-15,2024-05-16,Same Day,Home Office,South,Hyderabad,Home & Kitchen,Non-stick Pan,6,2166.43,0.0,12998.58,1526.99
ORD-13755,2025-02-06,2025-02-09,Same Day,Corporate,North,Chandigarh,Groceries,Cooking Oil 1L,5,81.67,0.0,408.35,60.21
ORD-13756,2024-01-09,2024-01-12,Standard,Home Office,South,Hyderabad,Electronics,Smartwatch,7,33421.56,0.2,187160.74,19962.19
ORD-13757,2025-01-21,2025-01-27,Same Day,Home Office,West,Pune,Electronics,Smartwatch,5,23763.29,0.2,95053.16,-23289.3
ORD-13758,2025-09-17,2025-09-20,Same Day,Corporate,East,Kolkata,Groceries,Cooking Oil 1L,7,591.11,0.0,4137.77,334.66
ORD-13759,2025-05-23,2025-05-24,Express,Corporate,East,Patna,Furniture,Bookshelf,2,23676.79,0.0,47353.58,3427.4
ORD-13760,2025-04-18,2025-04-20,Same Day,Home Office,North,Jaipur,Groceries,Tea 500g,2,104.85,0.2,167.76,-24.89
ORD-13761,2024-12-05,2024-12-07,Express,Corporate,East,Patna,Clothing,Jeans,3,845.07,0.2,2028.17,270.78
ORD-13762,2025-06-09,2025-06-10,Standard,Home Office,South,Hyderabad,Clothing,Jeans,3,1814.27,0.0,5442.81,1472.17
ORD-13763,2024-02-08,2024-02-09,Same Day,Home Office,West,Mumbai,Clothing,Jacket,4,519.81,0.0,2079.24,160.23
ORD-13764,2025-03-29,2025-04-02,Same Day,Corporate,East,Guwahati,Electronics,Headphones,6,25403.55,0.2,121937.04,26156.07
ORD-13765,2024-07-11,2024-07-12,Same Day,Home Office,East,Kolkata,Clothing,Jacket,7,2642.72,0.05,17574.09,5396.38
ORD-13766,2025-05-16,2025-05-19,Standard,Corporate,East,Bhubaneswar,Electronics,Laptop,2,3929.9,0.15,6680.83,1825.71
ORD-13767,2024-07-01,2024-07-02,Standard,Home Office,North,Delhi,Furniture,Bookshelf,7,23508.91,0.0,164562.37,-41792.66
ORD-13768,2024-10-22,2024-10-26,Same Day,Corporate,North,Lucknow,Groceries,Cooking Oil 1L,3,547.02,0.1,1476.95,202.68
ORD-13769,2025-10-19,2025-10-21,Express,Consumer,West,Surat,Furniture,Bookshelf,6,18831.93,0.05,107342.0,20297.88
ORD-13770,2024-09-26,2024-09-30,Express,Home Office,North,Delhi,Clothing,Formal Shirt,4,2879.24,0.3,8061.87,1522.77
ORD-13771,2025-01-15,2025-01-20,Same Day,Home Office,East,Bhubaneswar,Clothing,T-Shirt,1,2655.83,0.15,2257.46,409.37
ORD-13772,2024-01-26,2024-01-29,Same Day,Corporate,West,Mumbai,Electronics,Laptop,7,41038.85,0.3,201090.36,10354.47
ORD-13773,2024-12-24,2024-12-25,Standard,Home Office,South,Coimbatore,Home & Kitchen,Non-stick Pan,5,1397.75,0.0,6988.75,-568.05
ORD-13774,2024-03-26,2024-03-29,Express,Home Office,South,Chennai,Groceries,Atta 5kg,6,76.93,0.0,461.58,54.07
ORD-13775,2024-03-15,2024-03-18,Express,Home Office,North,Jaipur,Electronics,Laptop,5,54558.97,0.1,245515.36,54208.26
ORD-13776,2025-12-25,2025-12-30,Same Day,Consumer,East,Patna,Electronics,Tablet,5,20721.71,0.15,88067.27,17864.73
ORD-13777,2025-05-10,2025-05-14,Standard,Home Office,North,Lucknow,Furniture,Sofa,2,2971.95,0.2,4755.12,710.28
ORD-13778,2024-11-27,2024-11-29,Standard,Consumer,West,Mumbai,Home & Kitchen,LED Bulb,5,3658.09,0.3,12803.32,-1037.91
ORD-13779,2024-08-17,2024-08-21,Standard,Home Office,South,Coimbatore,Home & Kitchen,Non-stick Pan,3,4197.92,0.05,11964.07,-692.98
ORD-13780,2024-04-10,2024-04-15,Express,Corporate,West,Mumbai,Furniture,Bookshelf,5,10133.56,0.1,45601.02,8293.11
ORD-13781,2025-05-01,2025-05-06,Standard,Home Office,West,Ahmedabad,Furniture,Bed Frame,1,18747.29,0.2,14997.83,2706.19
ORD-13782,2025-11-23,2025-11-29,Standard,Consumer,North,Delhi,Electronics,Smartwatch,5,18872.19,0.1,84924.86,-18691.74
ORD-13783,2025-10-01,2025-10-05,Express,Corporate,North,Delhi,Electronics,Smartwatch,6,26381.74,0.0,158290.44,18133.48
ORD-13784,2024-11-23,2024-11-25,Standard,Consumer,East,Patna,Electronics,Smartwatch,7,29926.16,0.1,188534.81,41582.37
ORD-13785,2024-09-03,2024-09-06,Same Day,Home Office,North,Jaipur,Groceries,Atta 5kg,3,520.93,0.0,1562.79,286.48
ORD-13786,2024-05-23,2024-05-29,Standard,Consumer,East,Bhubaneswar,Clothing,Formal Shirt,3,1989.39,0.0,5968.17,1343.21
ORD-13787,2025-01-08,2025-01-14,Same Day,Consumer,West,Pune,Home & Kitchen,Water Bottle,2,5397.47,0.2,8635.95,646.49
ORD-13788,2025-02-04,2025-02-05,Standard,Corporate,West,Mumbai,Furniture,Office Chair,2,20984.62,0.1,37772.32,6927.26
ORD-13789,2025-01-24,2025-01-25,Standard,Corporate,North,Chandigarh,Furniture,Study Table,3,9760.92,0.1,26354.48,4481.26
ORD-13790,2024-10-02,2024-10-03,Same Day,Consumer,West,Mumbai,Groceries,Tea 500g,3,477.09,0.0,1431.27,-223.71
ORD-13791,2025-05-03,2025-05-04,Standard,Home Office,West,Surat,Clothing,Jeans,2,1721.71,0.05,3271.25,241.76
ORD-13792,2025-12-12,2025-12-13,Standard,Home Office,East,Guwahati,Furniture,Study Table,2,4176.04,0.15,7099.27,-805.38
ORD-13793,2025-02-18,2025-02-22,Standard,Home Office,East,Guwahati,Groceries,Cooking Oil 1L,1,95.87,0.1,86.28,-15.89
ORD-13794,2024-05-19,2024-05-20,Same Day,Home Office,West,Mumbai,Electronics,Tablet,5,24924.33,0.15,105928.4,11844.08
ORD-13795,2025-06-07,2025-06-11,Express,Home Office,South,Coimbatore,Groceries,Rice 5kg,3,211.81,0.0,635.43,58.37
ORD-13796,2024-01-13,2024-01-14,Same Day,Corporate,North,Jaipur,Electronics,Smartwatch,3,15097.79,0.0,45293.37,11431.36
ORD-13797,2025-01-17,2025-01-20,Same Day,Consumer,South,Coimbatore,Furniture,Sofa,7,2056.26,0.05,13674.13,2332.73
ORD-13798,2024-01-11,2024-01-13,Standard,Consumer,West,Mumbai,Furniture,Office Chair,6,13367.92,0.2,64166.02,11478.95
ORD-13799,2024-10-30,2024-11-04,Standard,Corporate,North,Delhi,Furniture,Office Chair,4,20191.69,0.05,76728.42,17126.09
ORD-13800,2024-03-02,2024-03-05,Standard,Home Office,East,Patna,Furniture,Office Chair,5,10757.52,0.2,43030.08,5885.26
ORD-13801,2025-10-03,2025-10-05,Standard,Home Office,South,Hyderabad,Home & Kitchen,Mixer Grinder,1,1880.99,0.05,1786.94,169.22
ORD-13802,2024-04-05,2024-04-06,Standard,Consumer,North,Chandigarh,Furniture,Sofa,5,8585.27,0.05,40780.03,12736.82
ORD-13803,2025-04-04,2025-04-09,Express,Consumer,North,Chandigarh,Furniture,Sofa,1,22992.17,0.1,20692.95,2898.99
ORD-13804,2025-05-25,2025-05-30,Express,Consumer,East,Patna,Electronics,Smartphone,1,52496.05,0.1,47246.45,7171.54
ORD-13805,2024-09-01,2024-09-04,Standard,Home Office,South,Chennai,Home & Kitchen,Storage Box,4,3880.25,0.05,14744.95,4591.66
ORD-13806,2025-12-05,2025-12-06,Same Day,Home Office,East,Kolkata,Groceries,Tea 500g,7,169.56,0.1,1068.23,54.23
ORD-13807,2024-05-17,2024-05-21,Same Day,Home Office,East,Patna,Electronics,Smartwatch,3,1692.82,0.0,5078.46,448.3
ORD-13808,2024-03-11,2024-03-14,Standard,Consumer,West,Ahmedabad,Clothing,Sneakers,7,2637.27,0.0,18460.89,3931.16
ORD-13809,2025-04-07,2025-04-11,Same Day,Consumer,North,Chandigarh,Electronics,Smartwatch,2,24877.62,0.1,44779.72,2475.94
ORD-13810,2024-02-26,2024-02-28,Express,Corporate,North,Chandigarh,Electronics,Smartphone,6,5656.49,0.0,33938.94,6055.83
ORD-13811,2024-08-12,2024-08-15,Standard,Consumer,South,Chennai,Groceries,Cooking Oil 1L,7,202.18,0.0,1415.26,303.33
ORD-13812,2024-11-01,2024-11-07,Express,Consumer,North,Jaipur,Electronics,Headphones,1,18779.01,0.0,18779.01,-1100.52
ORD-13813,2024-03-06,2024-03-07,Same Day,Corporate,East,Guwahati,Electronics,Smartwatch,6,11132.08,0.1,60113.23,7395.15
ORD-13814,2025-07-07,2025-07-13,Same Day,Consumer,East,Patna,Home & Kitchen,Mixer Grinder,1,2402.6,0.0,2402.6,259.82
ORD-13815,2024-09-12,2024-09-18,Express,Consumer,South,Coimbatore,Home & Kitchen,Mixer Grinder,7,2573.76,0.2,14413.06,1247.58
ORD-13816,2024-01-14,2024-01-19,Same Day,Corporate,South,Chennai,Electronics,Headphones,4,39017.63,0.1,140463.47,39046.98
ORD-13817,2025-07-02,2025-07-03,Express,Home Office,South,Chennai,Electronics,Headphones,6,39376.45,0.3,165381.09,41841.76
ORD-13818,2024-04-30,2024-05-06,Standard,Consumer,South,Coimbatore,Clothing,T-Shirt,4,2457.15,0.2,7862.88,1373.17
ORD-13819,2025-01-14,2025-01-20,Express,Corporate,South,Chennai,Furniture,Bed Frame,5,4931.85,0.2,19727.4,2190.53
ORD-13820,2024-01-14,2024-01-19,Express,Corporate,West,Ahmedabad,Groceries,Snacks Pack,2,291.48,0.0,582.96,52.34
ORD-13821,2025-04-06,2025-04-09,Standard,Home Office,West,Pune,Clothing,T-Shirt,6,2890.7,0.15,14742.57,-3079.24
ORD-13822,2025-04-19,2025-04-20,Express,Home Office,East,Guwahati,Clothing,Jeans,4,2467.46,0.3,6908.89,660.89
ORD-13823,2025-11-07,2025-11-08,Express,Consumer,West,Mumbai,Home & Kitchen,Water Bottle,2,569.46,0.1,1025.03,-44.45
ORD-13824,2024-11-26,2024-11-27,Same Day,Consumer,South,Chennai,Electronics,Headphones,1,44434.82,0.0,44434.82,3295.62
ORD-13825,2024-03-03,2024-03-04,Same Day,Consumer,West,Surat,Home & Kitchen,LED Bulb,4,3642.01,0.15,12382.83,-2618.99
ORD-13826,2024-08-30,2024-09-04,Express,Home Office,West,Surat,Clothing,Jeans,3,703.76,0.2,1689.02,417.03
ORD-13827,2024-10-04,2024-10-06,Standard,Corporate,South,Bengaluru,Home & Kitchen,LED Bulb,2,5331.92,0.3,7464.69,903.63
ORD-13828,2025-07-07,2025-07-08,Standard,Corporate,South,Bengaluru,Clothing,Jacket,2,766.06,0.15,1302.3,-180.96
ORD-13829,2025-07-31,2025-08-03,Standard,Home Office,West,Mumbai,Electronics,Laptop,3,7598.46,0.1,20515.84,-1058.38
ORD-13830,2024-04-21,2024-04-23,Standard,Consumer,West,Surat,Electronics,Laptop,7,34540.75,0.0,241785.25,54764.76
ORD-13831,2025-08-31,2025-09-01,Same Day,Home Office,North,Lucknow,Clothing,T-Shirt,2,680.94,0.2,1089.5,117.73
ORD-13832,2024-11-09,2024-11-10,Standard,Consumer,South,Bengaluru,Clothing,Jacket,3,2287.44,0.2,5489.86,1186.16
ORD-13833,2024-07-30,2024-08-01,Standard,Corporate,West,Ahmedabad,Furniture,Bookshelf,4,17019.42,0.05,64673.8,7419.8
ORD-13834,2025-05-29,2025-06-04,Express,Corporate,East,Bhubaneswar,Home & Kitchen,Storage Box,6,2752.36,0.2,13211.33,998.66
ORD-13835,2025-12-20,2025-12-23,Same Day,Consumer,West,Ahmedabad,Furniture,Bed Frame,2,18878.37,0.2,30205.39,1801.09
ORD-13836,2025-10-13,2025-10-15,Express,Consumer,West,Pune,Clothing,Jeans,1,2760.82,0.0,2760.82,325.74
ORD-13837,2024-07-31,2024-08-05,Standard,Corporate,East,Patna,Groceries,Cooking Oil 1L,5,247.22,0.0,1236.1,130.42
ORD-13838,2024-05-20,2024-05-21,Express,Consumer,West,Mumbai,Home & Kitchen,Non-stick Pan,7,3711.72,0.0,25982.04,2211.92
ORD-13839,2025-11-07,2025-11-12,Standard,Corporate,North,Jaipur,Groceries,Tea 500g,1,442.84,0.0,442.84,70.35
ORD-13840,2025-12-05,2025-12-09,Express,Home Office,East,Kolkata,Furniture,Bed Frame,6,2180.74,0.05,12430.22,-568.9
ORD-13841,2025-03-18,2025-03-23,Express,Corporate,South,Hyderabad,Furniture,Study Table,1,6418.78,0.15,5455.96,440.19
ORD-13842,2025-12-17,2025-12-23,Same Day,Home Office,North,Chandigarh,Home & Kitchen,Mixer Grinder,7,3401.51,0.2,19048.46,2288.56
ORD-13843,2025-01-10,2025-01-16,Standard,Corporate,East,Patna,Electronics,Laptop,7,5648.91,0.1,35588.13,-1695.75
ORD-13844,2024-09-13,2024-09-18,Standard,Corporate,East,Patna,Home & Kitchen,Non-stick Pan,7,755.43,0.15,4494.81,889.46
ORD-13845,2025-02-22,2025-02-24,Same Day,Home Office,East,Patna,Groceries,Tea 500g,3,241.34,0.15,615.42,87.6
ORD-13846,2025-03-08,2025-03-12,Express,Consumer,South,Chennai,Clothing,T-Shirt,2,540.69,0.0,1081.38,142.46
ORD-13847,2024-08-05,2024-08-06,Express,Consumer,South,Bengaluru,Clothing,Jeans,7,2300.28,0.2,12881.57,2259.43
ORD-13848,2025-07-29,2025-07-30,Express,Consumer,East,Patna,Clothing,Sneakers,7,1954.8,0.05,12999.42,1502.35
ORD-13849,2025-05-17,2025-05-21,Express,Consumer,West,Surat,Clothing,Formal Shirt,4,1380.34,0.05,5245.29,1268.9
ORD-13850,2025-11-04,2025-11-07,Standard,Home Office,West,Mumbai,Groceries,Rice 5kg,1,385.03,0.3,269.52,71.87
ORD-13851,2025-05-10,2025-05-12,Express,Home Office,East,Bhubaneswar,Electronics,Laptop,7,36448.31,0.3,178596.72,31055.59
ORD-13852,2024-05-06,2024-05-12,Standard,Consumer,East,Bhubaneswar,Furniture,Bed Frame,6,14122.92,0.3,59316.26,3955.51
ORD-13853,2025-08-08,2025-08-10,Standard,Consumer,South,Chennai,Electronics,Smartphone,4,59376.05,0.2,190003.36,14626.89
ORD-13854,2025-05-29,2025-05-30,Same Day,Consumer,North,Delhi,Home & Kitchen,Non-stick Pan,1,898.37,0.1,808.53,-134.44
ORD-13855,2024-05-12,2024-05-14,Standard,Corporate,South,Hyderabad,Electronics,Smartphone,5,2780.07,0.0,13900.35,2720.94
ORD-13856,2025-12-18,2025-12-21,Standard,Corporate,East,Guwahati,Clothing,Sneakers,2,2494.16,0.15,4240.07,939.46
ORD-13857,2025-06-16,2025-06-20,Standard,Home Office,South,Coimbatore,Furniture,Sofa,5,2543.45,0.0,12717.25,2092.62
ORD-13858,2025-01-14,2025-01-19,Express,Corporate,North,Chandigarh,Electronics,Headphones,2,58175.76,0.15,98898.79,21420.53
ORD-13859,2024-03-04,2024-03-10,Express,Consumer,North,Lucknow,Clothing,Sneakers,1,2273.96,0.15,1932.87,243.05
ORD-13860,2025-09-09,2025-09-10,Same Day,Corporate,West,Surat,Home & Kitchen,Non-stick Pan,5,3196.12,0.0,15980.6,1981.08
ORD-13861,2024-09-21,2024-09-23,Express,Consumer,West,Surat,Home & Kitchen,Mixer Grinder,7,4120.73,0.0,28845.11,5450.91
ORD-13862,2025-06-21,2025-06-23,Express,Consumer,West,Mumbai,Clothing,T-Shirt,2,2614.16,0.0,5228.32,783.8
ORD-13863,2024-07-12,2024-07-18,Express,Corporate,East,Bhubaneswar,Groceries,Tea 500g,3,241.74,0.0,725.22,118.76
ORD-13864,2024-06-07,2024-06-08,Standard,Home Office,East,Kolkata,Electronics,Headphones,5,13852.7,0.3,48484.45,6001.66
ORD-13865,2024-07-14,2024-07-17,Same Day,Consumer,West,Surat,Furniture,Bed Frame,5,24808.58,0.0,124042.9,5622.18
ORD-13866,2025-06-07,2025-06-12,Express,Corporate,East,Kolkata,Home & Kitchen,Storage Box,6,5844.41,0.1,31559.81,6281.75
ORD-13867,2025-04-07,2025-04-10,Same Day,Corporate,West,Surat,Furniture,Study Table,4,13364.81,0.1,48113.32,-12413.08
ORD-13868,2024-04-12,2024-04-18,Same Day,Home Office,West,Surat,Groceries,Cooking Oil 1L,6,518.78,0.0,3112.68,762.06
ORD-13869,2024-08-02,2024-08-04,Same Day,Corporate,North,Delhi,Clothing,Sneakers,4,454.03,0.0,1816.12,173.47
ORD-13870,2025-12-07,2025-12-13,Same Day,Home Office,North,Delhi,Home & Kitchen,LED Bulb,1,3176.67,0.05,3017.84,388.36
ORD-13871,2024-11-06,2024-11-11,Same Day,Home Office,North,Delhi,Home & Kitchen,Water Bottle,1,859.61,0.0,859.61,49.94
ORD-13872,2024-12-08,2024-12-12,Same Day,Home Office,West,Ahmedabad,Clothing,Sneakers,5,1394.28,0.0,6971.4,792.41
ORD-13873,2025-11-25,2025-11-28,Standard,Consumer,West,Surat,Electronics,Smartphone,6,13789.41,0.0,82736.46,18076.7
ORD-13874,2025-09-13,2025-09-15,Standard,Consumer,West,Mumbai,Furniture,Study Table,7,24540.2,0.15,146014.19,-35438.57
ORD-13875,2024-04-30,2024-05-01,Express,Home Office,West,Pune,Clothing,Jeans,4,3324.43,0.05,12632.83,751.36
ORD-13876,2024-07-25,2024-07-29,Express,Corporate,East,Bhubaneswar,Electronics,Headphones,3,1892.06,0.0,5676.18,-477.17
ORD-13877,2024-05-18,2024-05-22,Express,Corporate,South,Coimbatore,Electronics,Tablet,3,58730.04,0.1,158571.11,19263.42
ORD-13878,2024-02-06,2024-02-11,Same Day,Corporate,North,Delhi,Clothing,Formal Shirt,5,1993.5,0.0,9967.5,-2345.74
ORD-13879,2025-05-15,2025-05-21,Express,Home Office,West,Ahmedabad,Clothing,T-Shirt,2,2411.43,0.1,4340.57,876.96
ORD-13880,2024-04-12,2024-04-18,Standard,Consumer,East,Bhubaneswar,Furniture,Office Chair,3,3318.22,0.3,6968.26,366.91
ORD-13881,2025-05-05,2025-05-08,Express,Home Office,West,Mumbai,Furniture,Bookshelf,7,8558.14,0.0,59906.98,10141.81
ORD-13882,2025-11-04,2025-11-08,Standard,Consumer,East,Bhubaneswar,Groceries,Atta 5kg,7,513.7,0.0,3595.9,-225.51
ORD-13883,2025-06-16,2025-06-21,Express,Corporate,West,Pune,Home & Kitchen,LED Bulb,1,5194.01,0.1,4674.61,304.47
ORD-13884,2025-01-31,2025-02-06,Standard,Home Office,East,Bhubaneswar,Electronics,Smartphone,1,44859.72,0.0,44859.72,7397.01
ORD-13885,2024-01-24,2024-01-28,Standard,Corporate,North,Delhi,Electronics,Laptop,5,37664.12,0.2,150656.48,-18500.22
ORD-13886,2025-06-27,2025-06-29,Same Day,Home Office,North,Delhi,Groceries,Atta 5kg,3,60.93,0.0,182.79,-14.21
ORD-13887,2025-01-03,2025-01-09,Standard,Home Office,West,Surat,Electronics,Headphones,2,1982.82,0.0,3965.64,-636.97
ORD-13888,2025-12-05,2025-12-10,Standard,Corporate,West,Surat,Groceries,Tea 500g,7,397.74,0.0,2784.18,670.9
ORD-13889,2024-04-17,2024-04-22,Same Day,Corporate,North,Delhi,Groceries,Rice 5kg,7,256.54,0.0,1795.78,146.01
ORD-13890,2025-06-13,2025-06-16,Standard,Corporate,East,Bhubaneswar,Groceries,Cooking Oil 1L,5,83.94,0.3,293.79,-60.76
ORD-13891,2025-02-10,2025-02-11,Express,Home Office,North,Chandigarh,Groceries,Cooking Oil 1L,2,519.63,0.2,831.41,180.75
ORD-13892,2025-02-22,2025-02-26,Same Day,Corporate,South,Coimbatore,Furniture,Sofa,4,12338.5,0.0,49354.0,9311.1
ORD-13893,2024-11-30,2024-12-03,Express,Consumer,West,Ahmedabad,Home & Kitchen,Storage Box,2,1062.88,0.05,2019.47,502.63
ORD-13894,2024-08-10,2024-08-16,Same Day,Consumer,West,Surat,Clothing,T-Shirt,2,2086.81,0.3,2921.53,-264.83
ORD-13895,2025-01-18,2025-01-22,Express,Corporate,North,Jaipur,Home & Kitchen,Non-stick Pan,4,4508.22,0.0,18032.88,3358.66
ORD-13896,2025-07-05,2025-07-08,Express,Corporate,West,Pune,Furniture,Sofa,7,23756.13,0.3,116405.04,7459.77
ORD-13897,2025-01-08,2025-01-12,Standard,Consumer,East,Kolkata,Clothing,T-Shirt,5,1399.6,0.05,6648.1,-574.45
ORD-13898,2024-05-30,2024-06-01,Standard,Consumer,North,Delhi,Clothing,Jeans,5,1015.62,0.0,5078.1,457.52
ORD-13899,2024-03-04,2024-03-07,Standard,Consumer,South,Hyderabad,Clothing,Formal Shirt,4,1751.13,0.3,4903.16,918.78
ORD-13900,2025-11-06,2025-11-10,Same Day,Corporate,South,Hyderabad,Furniture,Bed Frame,7,21111.0,0.2,118221.6,17684.54
ORD-13901,2025-11-15,2025-11-18,Express,Corporate,South,Chennai,Furniture,Sofa,2,24184.43,0.0,48368.86,10228.15
ORD-13902,2024-11-07,2024-11-12,Standard,Consumer,South,Bengaluru,Clothing,Sneakers,1,3330.56,0.0,3330.56,683.08
ORD-13903,2024-03-08,2024-03-09,Express,Corporate,East,Guwahati,Groceries,Rice 5kg,3,201.18,0.1,543.19,47.42
ORD-13904,2024-05-29,2024-05-30,Standard,Corporate,East,Patna,Furniture,Sofa,1,17402.68,0.0,17402.68,-3276.02
ORD-13905,2024-02-10,2024-02-16,Same Day,Home Office,West,Mumbai,Groceries,Atta 5kg,7,337.98,0.2,1892.69,92.1
ORD-13906,2024-01-28,2024-02-02,Express,Corporate,West,Ahmedabad,Groceries,Snacks Pack,5,517.61,0.2,2070.44,-616.5
ORD-13907,2024-12-07,2024-12-13,Express,Consumer,West,Mumbai,Furniture,Office Chair,7,24260.92,0.05,161335.12,7774.64
ORD-13908,2025-04-24,2025-04-30,Same Day,Consumer,South,Hyderabad,Furniture,Bed Frame,5,21095.46,0.3,73834.11,13831.97
ORD-13909,2024-09-04,2024-09-08,Same Day,Home Office,West,Surat,Home & Kitchen,Non-stick Pan,2,3329.65,0.3,4661.51,376.25
ORD-13910,2025-07-12,2025-07-17,Standard,Home Office,East,Guwahati,Furniture,Study Table,4,5811.0,0.1,20919.6,3600.96
ORD-13911,2025-06-11,2025-06-15,Express,Consumer,East,Bhubaneswar,Electronics,Smartphone,7,23615.16,0.1,148775.51,11007.59
ORD-13912,2025-05-06,2025-05-09,Same Day,Home Office,West,Ahmedabad,Clothing,Jacket,4,929.69,0.0,3718.76,800.78
ORD-13913,2024-12-18,2024-12-24,Standard,Consumer,South,Chennai,Groceries,Rice 5kg,1,221.96,0.0,221.96,-12.09
ORD-13914,2024-10-27,2024-10-28,Express,Home Office,West,Surat,Groceries,Rice 5kg,6,397.69,0.0,2386.14,114.08
ORD-13915,2024-03-07,2024-03-13,Express,Corporate,North,Delhi,Furniture,Bookshelf,6,13917.75,0.2,66805.2,-3116.55
ORD-13916,2025-11-02,2025-11-06,Same Day,Corporate,East,Guwahati,Electronics,Tablet,6,5567.67,0.2,26724.82,7305.09
ORD-13917,2024-09-27,2024-10-03,Express,Consumer,East,Kolkata,Electronics,Smartphone,6,15100.72,0.0,90604.32,-5278.28
ORD-13918,2025-04-21,2025-04-22,Standard,Home Office,South,Hyderabad,Groceries,Snacks Pack,7,348.8,0.0,2441.6,440.78
ORD-13919,2024-06-18,2024-06-19,Express,Home Office,South,Chennai,Home & Kitchen,Non-stick Pan,6,5484.43,0.05,31261.25,-9497.52
ORD-13920,2025-01-27,2025-01-29,Standard,Consumer,South,Coimbatore,Home & Kitchen,Storage Box,1,3936.2,0.0,3936.2,137.57
ORD-13921,2025-01-17,2025-01-18,Standard,Home Office,North,Chandigarh,Groceries,Snacks Pack,4,414.09,0.2,1325.09,208.25
ORD-13922,2024-07-14,2024-07-19,Same Day,Consumer,West,Mumbai,Home & Kitchen,Storage Box,3,3215.74,0.1,8682.5,1987.06
ORD-13923,2025-11-27,2025-12-01,Express,Home Office,South,Hyderabad,Furniture,Bed Frame,2,10462.61,0.0,20925.22,4247.63
ORD-13924,2024-11-08,2024-11-10,Standard,Consumer,West,Pune,Electronics,Smartphone,1,41445.56,0.0,41445.56,-7866.9
ORD-13925,2025-10-03,2025-10-09,Express,Consumer,East,Kolkata,Home & Kitchen,Storage Box,1,444.58,0.0,444.58,-39.11
ORD-13926,2025-02-04,2025-02-07,Standard,Consumer,North,Jaipur,Home & Kitchen,Water Bottle,3,1076.09,0.0,3228.27,250.18
ORD-13927,2024-06-29,2024-07-02,Same Day,Home Office,North,Chandigarh,Furniture,Office Chair,4,16962.29,0.0,67849.16,6950.61
ORD-13928,2025-01-15,2025-01-21,Express,Consumer,East,Bhubaneswar,Electronics,Laptop,5,39452.33,0.05,187398.57,7127.28
ORD-13929,2024-12-29,2024-12-31,Express,Consumer,West,Mumbai,Clothing,Jacket,1,436.3,0.15,370.86,26.4
ORD-13930,2024-08-22,2024-08-27,Express,Consumer,East,Patna,Groceries,Tea 500g,7,526.23,0.2,2946.89,208.3
ORD-13931,2025-09-16,2025-09-17,Same Day,Home Office,West,Mumbai,Groceries,Rice 5kg,6,491.98,0.05,2804.29,-405.42
ORD-13932,2024-10-09,2024-10-15,Standard,Home Office,West,Pune,Home & Kitchen,LED Bulb,3,1408.8,0.15,3592.44,835.09
ORD-13933,2024-11-09,2024-11-13,Standard,Home Office,East,Bhubaneswar,Clothing,Jacket,7,2051.32,0.05,13641.28,-3373.2
ORD-13934,2025-09-27,2025-10-02,Standard,Corporate,East,Bhubaneswar,Clothing,T-Shirt,1,487.51,0.3,341.26,-77.39
ORD-13935,2024-08-15,2024-08-21,Same Day,Corporate,West,Ahmedabad,Clothing,Jeans,7,2154.91,0.3,10559.06,779.43
ORD-13936,2025-06-23,2025-06-29,Same Day,Corporate,North,Lucknow,Electronics,Laptop,2,20870.06,0.1,37566.11,9419.4
ORD-13937,2025-07-24,2025-07-26,Standard,Consumer,South,Chennai,Groceries,Tea 500g,6,317.26,0.2,1522.85,135.74
ORD-13938,2024-04-15,2024-04-18,Same Day,Home Office,South,Hyderabad,Electronics,Smartwatch,6,32921.95,0.0,197531.7,58271.81
ORD-13939,2024-04-17,2024-04-21,Standard,Corporate,West,Pune,Electronics,Smartphone,3,57424.04,0.15,146431.3,33461.34
ORD-13940,2025-02-06,2025-02-09,Same Day,Home Office,South,Bengaluru,Electronics,Headphones,1,30912.7,0.3,21638.89,4283.03
ORD-13941,2024-08-31,2024-09-01,Standard,Home Office,North,Delhi,Home & Kitchen,LED Bulb,7,644.69,0.0,4512.83,384.81
ORD-13942,2024-07-07,2024-07-12,Same Day,Consumer,North,Delhi,Groceries,Rice 5kg,7,218.26,0.15,1298.65,171.44
ORD-13943,2024-04-14,2024-04-19,Same Day,Consumer,North,Chandigarh,Home & Kitchen,Storage Box,1,2098.51,0.05,1993.58,277.55
ORD-13944,2025-05-20,2025-05-24,Express,Corporate,South,Hyderabad,Electronics,Headphones,1,5086.13,0.3,3560.29,440.03
ORD-13945,2025-04-26,2025-04-28,Express,Consumer,North,Delhi,Furniture,Bed Frame,6,20082.51,0.3,84346.54,-5528.65
ORD-13946,2025-06-27,2025-06-28,Express,Home Office,North,Chandigarh,Clothing,Jacket,5,1655.23,0.0,8276.15,-1500.77
ORD-13947,2024-01-22,2024-01-25,Express,Consumer,West,Mumbai,Electronics,Headphones,6,15572.49,0.0,93434.94,10496.63
ORD-13948,2024-08-19,2024-08-24,Same Day,Consumer,South,Bengaluru,Furniture,Office Chair,7,13310.3,0.0,93172.1,17761.64
ORD-13949,2025-02-27,2025-03-05,Same Day,Corporate,West,Mumbai,Home & Kitchen,Non-stick Pan,1,2039.06,0.0,2039.06,-165.61
ORD-13950,2025-04-30,2025-05-05,Standard,Corporate,West,Ahmedabad,Electronics,Tablet,2,44642.22,0.15,75891.77,18697.77
ORD-13951,2024-09-06,2024-09-11,Standard,Home Office,East,Patna,Groceries,Snacks Pack,4,378.6,0.2,1211.52,284.9
ORD-13952,2025-01-20,2025-01-21,Express,Home Office,East,Bhubaneswar,Groceries,Snacks Pack,2,190.54,0.1,342.97,86.08
ORD-13953,2025-03-23,2025-03-25,Standard,Home Office,West,Surat,Home & Kitchen,Storage Box,1,2122.37,0.3,1485.66,313.47
ORD-13954,2024-09-07,2024-09-08,Standard,Home Office,South,Coimbatore,Groceries,Rice 5kg,4,146.74,0.05,557.61,100.94
ORD-13955,2025-08-08,2025-08-09,Standard,Corporate,East,Kolkata,Furniture,Bed Frame,5,15532.37,0.15,66012.57,6068.02
ORD-13956,2025-10-01,2025-10-07,Express,Consumer,North,Jaipur,Furniture,Study Table,1,5340.66,0.3,3738.46,510.83
ORD-13957,2024-10-12,2024-10-16,Same Day,Home Office,West,Surat,Clothing,Formal Shirt,5,3294.99,0.15,14003.71,2909.16
ORD-13958,2025-04-24,2025-04-29,Standard,Corporate,East,Kolkata,Furniture,Study Table,7,10214.9,0.05,67929.09,-16409.05
ORD-13959,2024-09-13,2024-09-19,Express,Corporate,East,Patna,Electronics,Smartwatch,6,24450.82,0.05,139369.67,26359.75
ORD-13960,2024-10-24,2024-10-27,Standard,Home Office,East,Patna,Electronics,Tablet,2,18079.46,0.1,32543.03,-9498.31
ORD-13961,2025-02-13,2025-02-16,Standard,Corporate,North,Lucknow,Clothing,Jeans,4,1097.74,0.0,4390.96,508.68
ORD-13962,2024-12-27,2024-12-31,Same Day,Consumer,North,Chandigarh,Clothing,Jeans,1,1845.42,0.05,1753.15,229.46
ORD-13963,2024-10-19,2024-10-23,Express,Consumer,North,Chandigarh,Clothing,Formal Shirt,4,2605.4,0.1,9379.44,-892.43
ORD-13964,2025-10-30,2025-11-02,Same Day,Consumer,West,Pune,Electronics,Smartphone,4,26571.59,0.0,106286.36,27469.32
ORD-13965,2024-06-05,2024-06-10,Standard,Consumer,North,Delhi,Groceries,Atta 5kg,2,141.33,0.0,282.66,51.99
ORD-13966,2025-12-21,2025-12-24,Same Day,Consumer,North,Chandigarh,Home & Kitchen,Water Bottle,7,998.29,0.0,6988.03,-738.56
ORD-13967,2024-03-22,2024-03-27,Express,Consumer,South,Coimbatore,Clothing,Jacket,4,3475.87,0.05,13208.31,-2800.02
ORD-13968,2024-09-11,2024-09-16,Standard,Consumer,South,Coimbatore,Home & Kitchen,Non-stick Pan,7,4004.35,0.15,23825.88,5344.74
ORD-13969,2024-10-12,2024-10-16,Standard,Home Office,South,Bengaluru,Electronics,Tablet,6,35649.25,0.3,149726.85,22113.98
ORD-13970,2024-07-01,2024-07-05,Express,Corporate,East,Bhubaneswar,Groceries,Tea 500g,5,251.25,0.0,1256.25,254.36
ORD-13971,2024-01-29,2024-01-31,Express,Corporate,North,Delhi,Electronics,Headphones,4,47330.4,0.3,132525.12,-25147.35
ORD-13972,2025-02-15,2025-02-17,Same Day,Consumer,South,Coimbatore,Clothing,Jacket,6,2660.81,0.0,15964.86,3495.69
ORD-13973,2024-02-18,2024-02-23,Same Day,Home Office,South,Hyderabad,Clothing,Sneakers,1,2557.43,0.3,1790.2,360.01
ORD-13974,2024-12-13,2024-12-14,Standard,Home Office,East,Patna,Clothing,Formal Shirt,5,2785.19,0.0,13925.95,1247.51
ORD-13975,2025-03-17,2025-03-19,Same Day,Consumer,North,Delhi,Clothing,Jacket,2,2031.81,0.15,3454.08,232.52
ORD-13976,2024-12-06,2024-12-12,Same Day,Corporate,South,Hyderabad,Groceries,Tea 500g,7,589.71,0.2,3302.38,791.91
ORD-13977,2025-08-19,2025-08-20,Standard,Corporate,North,Delhi,Groceries,Atta 5kg,2,391.4,0.2,626.24,94.46
ORD-13978,2024-02-18,2024-02-19,Same Day,Home Office,East,Kolkata,Home & Kitchen,Non-stick Pan,1,1952.74,0.0,1952.74,-325.4
ORD-13979,2024-05-27,2024-06-01,Express,Home Office,South,Hyderabad,Clothing,Formal Shirt,2,993.16,0.3,1390.42,258.64
ORD-13980,2025-02-01,2025-02-04,Standard,Corporate,South,Chennai,Groceries,Cooking Oil 1L,3,575.5,0.15,1467.52,-85.25
ORD-13981,2024-08-18,2024-08-22,Express,Corporate,North,Lucknow,Electronics,Smartwatch,6,54298.89,0.1,293214.01,-41546.65
ORD-13982,2024-09-16,2024-09-22,Same Day,Corporate,South,Hyderabad,Furniture,Bookshelf,3,20932.78,0.1,56518.51,2558.89
ORD-13983,2025-01-07,2025-01-08,Standard,Home Office,South,Coimbatore,Home & Kitchen,LED Bulb,7,3262.64,0.15,19412.71,2652.77
ORD-13984,2024-08-08,2024-08-09,Same Day,Home Office,South,Coimbatore,Home & Kitchen,Storage Box,1,5151.99,0.0,5151.99,931.61
ORD-13985,2025-11-25,2025-12-01,Same Day,Home Office,East,Kolkata,Home & Kitchen,LED Bulb,1,2107.41,0.0,2107.41,226.27
ORD-13986,2024-03-03,2024-03-09,Standard,Consumer,North,Jaipur,Groceries,Rice 5kg,4,381.53,0.15,1297.2,151.7
ORD-13987,2024-05-29,2024-06-04,Same Day,Home Office,East,Guwahati,Groceries,Rice 5kg,1,300.2,0.1,270.18,19.87
ORD-13988,2024-02-10,2024-02-15,Standard,Corporate,North,Lucknow,Furniture,Office Chair,3,16042.55,0.15,40908.5,8772.03
ORD-13989,2025-02-27,2025-03-05,Same Day,Corporate,North,Lucknow,Home & Kitchen,Water Bottle,2,2742.68,0.15,4662.56,-257.24
ORD-13990,2024-10-08,2024-10-12,Same Day,Corporate,South,Chennai,Clothing,Formal Shirt,1,2691.52,0.15,2287.79,724.44
ORD-13991,2025-07-26,2025-07-28,Express,Home Office,North,Lucknow,Clothing,T-Shirt,6,910.06,0.3,3822.25,229.34
ORD-13992,2025-02-04,2025-02-05,Same Day,Home Office,West,Surat,Furniture,Sofa,2,23509.35,0.2,37614.96,6936.43
ORD-13993,2024-07-28,2024-08-01,Same Day,Home Office,North,Lucknow,Furniture,Study Table,7,21680.45,0.0,151763.15,-35422.55
ORD-13994,2025-12-12,2025-12-18,Express,Home Office,West,Ahmedabad,Clothing,Jeans,5,2965.51,0.15,12603.42,1684.55
ORD-13995,2025-04-25,2025-04-30,Same Day,Home Office,West,Mumbai,Clothing,Jeans,4,1421.32,0.0,5685.28,797.61
ORD-13996,2024-01-10,2024-01-13,Express,Corporate,West,Pune,Electronics,Laptop,6,50403.18,0.0,302419.08,13551.04
ORD-13997,2024-07-06,2024-07-08,Express,Corporate,East,Kolkata,Home & Kitchen,Mixer Grinder,6,720.78,0.3,3027.28,545.45
ORD-13998,2025-10-17,2025-10-19,Standard,Consumer,South,Chennai,Electronics,Headphones,3,24994.69,0.1,67485.66,16269.0
ORD-13999,2024-07-24,2024-07-30,Same Day,Consumer,North,Delhi,Electronics,Tablet,5,2785.99,0.0,13929.95,-1028.48
ORD-14000,2024-07-05,2024-07-10,Standard,Home Office,South,Bengaluru,Furniture,Study Table,3,18488.65,0.1,49919.36,13583.26
